	CellCycle-G2M	Translation	HLA	ISG	Mito	Doublet-RBC	gdT	CellCycle-S	Cytotoxic	Doublet-Platelet	NME1/FABP5	Th22	MAIT	CellCycle-Late-S	Cytoskeleton	Heatshock	Multi-Cytokine	TEMRA	Doublet-Myeloid	Metallothionein	CD4-CM	IEG	CD8-EM	IEG2	CD4-Naive	Treg	Th17-Resting	Poor-Quality	CD8-Naive	RGCC/MYADM	TIMD4/TIM3	Doublet-Plasmablast	BCL2/FAM13A	IL10/IL19	Th2-Activated	Th2-Resting	ICOS/CD38	Doublet-Bcell	Th1-Like	CTLA4/CD38	CD8-Trm	Th17-Activated	Tfh-2	OX40/EBI3	CD172a/MERTK	IEG3	Doublet-Fibroblast	SOX4/TOX2	CD40LG/TXNIP	Tph	Exhaustion	Tfh-1
ACC22-P18-LN-A11	0.00042774476	0.2714316	0.0036499612	0.01550583	0.07706182	0.0007646143	0.009100376	0.0009306613	0.0178412	0.0042741993	0.0032185202	0.0056247995	0.01016851	0.00072585826	0.029258072	0.0043414347	0.0014035052	0.005012534	0.012426026	0.0003593306	0.014790419	0.0128310565	0.021578372	0.028990678	0.047369875	0.0065833526	0.010138572	0.0052808705	0.07082081	0.028114656	0.0014694438	0.016549444	0.015503897	0.0023779299	0.0039869193	0.007991061	0.0073129735	0.0041444195	0.013035349	0.0021882837	0.008566017	0.0020883253	0.0044668857	0.0029435053	0.06264972	0.08830119	0.002835303	0.008238144	0.018520528	0.00079034845	0.0008694809	0.0051456615
ACC22-P18-LN-A12	0.0006191237	0.331512	0.006204655	0.0032082256	0.03750642	0.000995077	0.0062064	0.00018419065	0.022960356	0.0040256362	0.0029890628	0.008315161	0.008362189	0.0006717521	0.026770435	0.0019885069	0.0020736335	0.004001589	0.0058661434	0.00026349447	0.021086214	0.019298173	0.027361788	0.030545224	0.10828992	0.007935613	0.008536089	0.00063634466	0.024833994	0.00844161	0.0010590688	0.0051734205	0.006251241	0.006981448	0.006804786	0.007974211	0.0072442926	0.0011775177	0.013258231	0.007918793	0.0018637704	0.0013507988	0.009651538	0.0015274796	0.09088684	0.051273707	0.0031933456	0.0040294374	0.03201416	0.0033253073	0.0024776026	0.0028740582
ACC22-P18-LN-A1	0.00072587014	0.2657884	0.0067314403	0.0077017825	0.019129036	0.00084435404	0.014009908	0.00031490473	0.041275293	0.004270922	0.0037509648	0.020826098	0.009637615	0.0008642801	0.040085893	0.0021828602	0.005322779	0.007406522	0.002370181	0.00030129697	0.016455537	0.01354656	0.11976382	0.06012544	0.015237016	0.0061334735	0.006400402	0.0013681264	0.012285171	0.043209683	0.004050772	0.0037547965	0.0042616455	0.008100527	0.003106331	0.007994593	0.006121999	0.0010212094	0.030950066	0.0024160075	0.0045729643	0.0019717715	0.006023912	0.0034109487	0.07586424	0.058877233	0.0015920949	0.00351438	0.020613097	0.0009217316	0.0016839658	0.0011100309
ACC22-P18-LN-A4	0.00044999496	0.22300318	0.017023455	0.005001601	0.029334743	0.00088988396	0.0067455596	6.4504406e-05	0.014119623	0.0032950533	0.0005821924	0.03794929	0.014824645	0.00028444335	0.03587942	0.004610345	0.0059520956	0.002818415	0.008530469	0.00018606838	0.0441512	0.036771607	0.021520823	0.04646729	0.022446588	0.017411286	0.03783064	0.0016160652	0.006289907	0.017429303	0.0011021032	0.00642887	0.0054731444	0.0013754033	0.0041772816	0.02445607	0.009613716	0.001015115	0.016865652	0.0067468267	0.0029910016	0.0039258925	0.008609452	0.0031000455	0.09125725	0.040930837	0.0013351975	0.0022703286	0.09915172	0.0021588942	0.0009928553	0.0025427833
ACC22-P18-LN-A5	0.0007496039	0.32091454	0.034369152	0.0054338826	0.008265151	0.0018374162	0.025751136	0.0002903211	0.042762127	0.0033691246	0.003622204	0.008145667	0.015037191	0.000513057	0.034556378	0.0011180548	0.010996075	0.010629485	0.0038664127	0.0028040903	0.0066068717	0.06246672	0.08318062	0.051553395	0.006048771	0.0038485168	0.0042203525	0.0010880549	0.004596623	0.006518744	0.0014361972	0.0040412047	0.0014578925	0.00446454	0.004031791	0.0049342504	0.0058438126	0.0010904854	0.012039826	0.0031573279	0.0036784727	0.0019468957	0.0026829538	0.0020960541	0.11386409	0.04356825	0.0028228697	0.0053040255	0.014552994	0.00071359734	0.00063012884	0.00048275158
ACC22-P18-LN-A6	0.0009766939	0.22086045	0.0025983276	0.011781466	0.044680234	0.0015872621	0.011673204	0.00036380344	0.018769128	0.0031986241	0.0020133315	0.03485072	0.033994682	0.0009644395	0.03756545	0.00505909	0.004038186	0.0027273858	0.0052439105	0.0011392959	0.025298966	0.017537607	0.013190684	0.043887135	0.029580537	0.009583114	0.039251402	0.005342117	0.008915367	0.030736584	0.00068968243	0.0056172027	0.006522552	0.00413205	0.006077448	0.017485669	0.008515434	0.0017707257	0.035911962	0.0071896194	0.0027868191	0.01711457	0.00548702	0.0061518503	0.07592529	0.03867761	0.0033786201	0.002627792	0.08028856	0.0035865027	0.00034824814	0.0023056343
ACC22-P18-LN-A7	0.0007027761	0.258173	0.0030467391	0.0042183776	0.05535403	0.0009812393	0.0075563523	0.00046499487	0.018162096	0.0035620655	0.0007834422	0.009968217	0.009681398	0.001375055	0.038208235	0.0032919825	0.002877576	0.002290416	0.0025897466	0.00026842288	0.029143164	0.02387706	0.017099118	0.073733255	0.066495165	0.009035919	0.0093388725	0.0015055912	0.023631336	0.0044144234	0.0005156651	0.007503391	0.008764665	0.0078016766	0.007574649	0.00911141	0.006814566	0.0011230642	0.013369201	0.0030898624	0.0022739458	0.0017924134	0.007292086	0.0016930087	0.088184714	0.07722766	0.01459046	0.0048800856	0.04677237	0.0015332018	0.00058286503	0.0056788274
ACC22-P18-LN-B10	0.00041315844	0.21399704	0.006236698	0.010576269	0.03610667	0.0015528551	0.011372744	0.000635364	0.01616874	0.0041965516	0.0029166702	0.01227849	0.010861717	0.00056964485	0.051168095	0.013228349	0.003557476	0.004665111	0.0052932473	0.00026447425	0.027387636	0.01763178	0.035955157	0.07343923	0.029512323	0.012486241	0.00795642	0.0024207095	0.013586143	0.00857753	0.0028784825	0.006183907	0.0051431186	0.006835476	0.005249692	0.010456561	0.010138903	0.00093540543	0.035020284	0.007208536	0.0032423416	0.0021919864	0.0065939426	0.004703318	0.11256197	0.05368234	0.0028545854	0.0044183317	0.07643895	0.0017502557	0.0011738806	0.0053251493
ACC22-P18-LN-B11	0.0015988224	0.25489572	0.004163733	0.0050510876	0.02503474	0.0011911057	0.009289067	0.0002916971	0.017944468	0.004088683	0.0050390423	0.010981209	0.010461394	0.00070054835	0.038765304	0.01056991	0.0023415992	0.0052371286	0.0039787185	0.00034995377	0.04760629	0.024368504	0.016618852	0.066677734	0.039507736	0.011615039	0.0061930227	0.0035439364	0.01169683	0.02107753	0.0010268812	0.006606219	0.0076337783	0.0047094133	0.005148523	0.010571989	0.011832021	0.0012123171	0.007916489	0.004194611	0.002368974	0.002850854	0.017614193	0.003488947	0.069790326	0.081388354	0.0027306855	0.009659436	0.0742836	0.0025383064	0.0018717496	0.009683013
ACC22-P18-LN-B12	0.0021072128	0.2706297	0.01188073	0.01412286	0.01593012	0.00092281075	0.014627227	0.000569346	0.018913181	0.0036236153	0.001967638	0.013175446	0.014093533	0.0013503842	0.033118617	0.0020047398	0.0035439653	0.008313138	0.00410543	0.0014088281	0.011228216	0.04172125	0.053383272	0.06878819	0.017309135	0.011947737	0.008571144	0.0016839016	0.032844055	0.024111822	0.0033403756	0.0076321005	0.004552834	0.004422432	0.0041230884	0.0065564355	0.009619345	0.0011170587	0.02768473	0.0020914215	0.015133345	0.0015601647	0.0039742645	0.0016498615	0.0853814	0.0685921	0.001576385	0.0034164072	0.034611277	0.0015114059	0.0013798799	0.0020762219
ACC22-P18-LN-B2	0.0011235272	0.26224932	0.0055970224	0.0054267393	0.004844786	0.0008367492	0.032820683	0.0003779991	0.04326991	0.0047149668	0.0015953141	0.026005227	0.022644568	0.00051887025	0.054088183	0.0050725923	0.013632197	0.006879774	0.0032482003	0.0003454756	0.009692147	0.043475904	0.04874047	0.06334048	0.006138603	0.0069455705	0.01511579	0.0004389999	0.022097355	0.03841065	0.009205836	0.0020703843	0.0006249211	0.0031464596	0.0048118182	0.0058119493	0.008980109	0.00063886796	0.017476426	0.00475191	0.019690562	0.0044225706	0.0028909482	0.0010438367	0.063450955	0.0651383	0.0008554543	0.002856842	0.026467085	0.0017583546	0.0029365749	0.0012818594
ACC22-P18-LN-B3	0.00091859803	0.31047136	0.004466324	0.014272072	0.04704602	0.0009801005	0.0075970967	0.00089360063	0.012550494	0.004130065	0.004376674	0.010459111	0.009397335	0.003951443	0.061628632	0.0011397642	0.00085159094	0.0039164787	0.008955845	0.00036251527	0.01175205	0.041134387	0.010697553	0.057136007	0.033940747	0.005687293	0.01103976	0.001124239	0.02144676	0.003900171	0.00044203884	0.008100007	0.012224183	0.0038053403	0.003972898	0.0078050154	0.0031713408	0.0015264394	0.006999442	0.003991398	0.0018282835	0.0012523319	0.004579978	0.0054727606	0.10696438	0.08564061	0.008356771	0.007820652	0.016905695	0.0007273741	0.0008182083	0.0013707223
ACC22-P18-LN-B4	0.0009271664	0.3081548	0.0032003412	0.004734604	0.028292751	0.00083759887	0.0067884945	0.0001499868	0.020119397	0.0050004623	0.0014818175	0.013583271	0.007815954	0.00061322737	0.030640824	0.0017377876	0.0019588757	0.0029052538	0.0026041544	0.0016832332	0.02178016	0.033508483	0.016854456	0.058377907	0.033428118	0.013560422	0.005440441	0.0026171678	0.0135831125	0.014201852	0.00041591623	0.0041597458	0.0038201949	0.0031859914	0.003234281	0.007918487	0.009365298	0.0013162707	0.021076255	0.003301018	0.0022193023	0.0015744169	0.004351912	0.0012903786	0.10700367	0.068638034	0.02132322	0.003629594	0.07235496	0.0017311322	0.00015838342	0.0013495141
ACC22-P18-LN-B6	0.0017318568	0.20405282	0.0028490857	0.0038126705	0.0426017	0.0008226099	0.009130329	0.00038573943	0.011114243	0.0038074718	0.002756134	0.006395118	0.011036964	0.0007119511	0.031158993	0.012271886	0.0030907127	0.0033511922	0.0028832315	0.00022936062	0.024196789	0.022780918	0.07688606	0.077155285	0.017587963	0.023729326	0.008691661	0.0050523626	0.01245352	0.0049005873	0.0007408596	0.009336323	0.0024315896	0.013297671	0.002689232	0.009162104	0.00758415	0.005524775	0.031907044	0.0050152065	0.0017734894	0.016303504	0.0125587275	0.0020977764	0.10078244	0.05470029	0.0022598575	0.0034429487	0.08208654	0.0029108606	0.0019091708	0.0038569486
ACC22-P18-LN-B7	0.0005304492	0.33785725	0.005893634	0.006620201	0.013027106	0.0008125565	0.011051325	0.0002341034	0.02120511	0.004263366	0.0018703	0.016293146	0.007367379	0.0007237056	0.04214865	0.011231267	0.001742049	0.0050381287	0.004634275	0.00049529807	0.009185133	0.03303292	0.021440513	0.06275156	0.026430825	0.010297616	0.005398523	0.00083742605	0.028938359	0.025918983	0.0013341372	0.004189401	0.003338576	0.0033450443	0.0023141233	0.00466825	0.003922071	0.0011668903	0.009598791	0.0011716331	0.0048764474	0.000893725	0.006711432	0.007570129	0.093968816	0.11476341	0.0055996976	0.0035734691	0.0077462494	0.0005578604	0.0006280105	0.00079070125
ACC22-P18-LN-B9	0.0012077121	0.26337233	0.04779639	0.012170154	0.009795491	0.0010683485	0.019005878	0.0014072517	0.04313973	0.0033569725	0.0019994925	0.010948376	0.011650527	0.001536821	0.034676764	0.010515953	0.013505918	0.008229871	0.0054112733	0.00072046695	0.00877752	0.0708668	0.098012134	0.064478494	0.01007682	0.0064982064	0.0045363544	0.0022271452	0.018197946	0.02507572	0.0037197883	0.0034560123	0.0023160623	0.0051363586	0.0031859304	0.004901447	0.0066905543	0.0011634581	0.0182236	0.0014321422	0.007590756	0.0015600048	0.0047837384	0.001368958	0.052814562	0.054028396	0.0009936368	0.0031748195	0.0096213855	0.00087051495	0.00091153284	0.0017935243
ACC22-P18-LN-C10	0.00045596485	0.2861586	0.003860949	0.023927473	0.05415933	0.0009966922	0.010917615	0.000462219	0.010416861	0.0040297396	0.0071241762	0.007024232	0.010264463	0.00095079024	0.04399503	0.017874425	0.0017480565	0.0029999937	0.004050897	0.002153176	0.03536444	0.009575732	0.01802913	0.036777295	0.06979926	0.009863527	0.010695853	0.0037186847	0.024537103	0.0119541995	0.002155873	0.01176479	0.008866993	0.005835001	0.004202979	0.006117641	0.014869942	0.0013664063	0.021751659	0.005009628	0.0034972061	0.0019514636	0.011289163	0.0054476405	0.066206224	0.047319885	0.0030256088	0.007740641	0.03407276	0.0024364218	0.0008914539	0.010294724
ACC22-P18-LN-C11	0.0005481307	0.31312737	0.003028398	0.0099797435	0.05883954	0.00092952966	0.008949412	0.0006941671	0.012832987	0.00418249	0.004716985	0.00799307	0.009745286	0.0007770214	0.047032453	0.005358895	0.008735067	0.0065758764	0.00777153	0.0004739985	0.01481262	0.049504787	0.019609613	0.067890175	0.03197902	0.0060128085	0.0101239085	0.002486908	0.0128964875	0.014009868	0.0011930169	0.017782431	0.0041395403	0.0037772532	0.006413068	0.00949005	0.006645117	0.0014707913	0.0134019125	0.0016490754	0.0025682757	0.0019288297	0.012045819	0.003407226	0.055375747	0.07636099	0.00544705	0.0049733343	0.024562893	0.0015646692	0.0009717929	0.003213104
ACC22-P18-LN-C12	0.0008399323	0.2503157	0.004759061	0.009996557	0.029860858	0.0008593451	0.011594485	0.00017710483	0.017158123	0.0058954754	0.00083467684	0.007839562	0.025157038	0.0010585602	0.011358545	0.010202367	0.002017189	0.0036670354	0.0037338866	0.00017078176	0.032460853	0.014979309	0.02856721	0.04387106	0.015600085	0.06800065	0.029617278	0.0075053535	0.007175128	0.012886553	0.0009164623	0.0048746765	0.002897248	0.0040037073	0.004683049	0.007964238	0.01092308	0.00082337804	0.03399032	0.026730437	0.0026048461	0.009665692	0.011515503	0.0018016715	0.081422694	0.049752437	0.001519946	0.003517345	0.06509056	0.0063745263	0.00069514924	0.010073298
ACC22-P18-LN-C2	0.0008261282	0.25681132	0.0100724185	0.04295631	0.01744566	0.00075517886	0.009092997	0.0014709971	0.01250031	0.0039483337	0.0068523795	0.035096046	0.02108396	0.0013485118	0.077644445	0.0042046257	0.0018188916	0.0033691563	0.003699496	0.00049525383	0.025149519	0.014884222	0.010234238	0.059273154	0.03217122	0.0063086646	0.039385036	0.00063121127	0.015602924	0.016280578	0.0012587873	0.003977188	0.007993745	0.0029488467	0.0038872352	0.012559079	0.011005776	0.0015112626	0.013912628	0.005399291	0.0035888166	0.0032228194	0.01032871	0.015646951	0.089944385	0.039071742	0.004088867	0.0042386083	0.023342658	0.0039877035	0.0011969402	0.0054748035
ACC22-P18-LN-C3	0.0005779275	0.36521536	0.0024828238	0.005123549	0.02577837	0.0010833738	0.010020859	0.000103376326	0.012318497	0.004009416	0.0043194285	0.006769478	0.01768016	0.0003867538	0.02602689	0.00710263	0.0028362216	0.0033694971	0.0031880515	0.00031652162	0.0124875335	0.02624886	0.011747783	0.030715732	0.07610741	0.006831718	0.009698741	0.00072735694	0.023725804	0.05588025	0.00081754185	0.0057577402	0.0038726558	0.004619025	0.0031057766	0.006787375	0.004965333	0.0013267143	0.016654518	0.0020654583	0.0017414448	0.0010453657	0.0070618726	0.0010806724	0.08174253	0.06666969	0.004053412	0.004461179	0.025823265	0.0005951588	0.00043532875	0.002437597
ACC22-P18-LN-C4	0.0010781139	0.26036617	0.017812172	0.00529076	0.01063976	0.0010409114	0.010180841	0.00042799176	0.049030434	0.0033478602	0.0022438925	0.019341648	0.015127899	0.0006612834	0.072680146	0.0055673337	0.015052256	0.0047195964	0.0027134395	0.0002827664	0.010844881	0.027036674	0.10639286	0.0416684	0.0068005365	0.011248229	0.0068654865	0.0020687443	0.0062162327	0.01902263	0.0033778667	0.0073618894	0.0016921681	0.0049344664	0.0033853883	0.0063057374	0.010680294	0.0009901084	0.030344738	0.0051107435	0.0029167265	0.002588082	0.0043212003	0.003206868	0.091374755	0.031131102	0.005575166	0.0059347088	0.03756948	0.0018472604	0.0021601703	0.0014212792
ACC22-P18-LN-C5	0.0006921206	0.22490168	0.008451509	0.013066391	0.025349148	0.0015289199	0.013629597	0.00062369014	0.031700697	0.0032140114	0.002450228	0.039292574	0.032712553	0.0036240404	0.042036638	0.003243714	0.009656329	0.0061690714	0.003127401	0.0003829585	0.017495247	0.037712604	0.022675095	0.06797214	0.007738167	0.014435808	0.016366955	0.0017415112	0.006206845	0.01484488	0.0027693019	0.0052280296	0.0049241204	0.0038783506	0.0053236447	0.009058601	0.012276308	0.0014029043	0.030384429	0.0069931424	0.00850113	0.0036166045	0.005724433	0.00251837	0.084457114	0.032586653	0.0049524596	0.0018018924	0.07992951	0.013998035	0.004527538	0.0021049958
ACC22-P18-LN-C6	0.0005902765	0.2418573	0.023496654	0.004324336	0.0050911102	0.00094892987	0.016507562	0.00039750498	0.023765283	0.0033305835	0.001201268	0.009831179	0.012489996	0.0015246737	0.037379693	0.009592698	0.010142949	0.0043919473	0.0031080088	0.00022228653	0.007991428	0.08313199	0.13929819	0.04230687	0.00735049	0.010682201	0.0026714774	0.00031673152	0.00704524	0.006404023	0.0019782835	0.004510512	0.0012363538	0.0026328405	0.0021642481	0.0035922558	0.0038646378	0.0015465148	0.021395544	0.0010878827	0.004896331	0.0010688582	0.0048075733	0.0022160753	0.12740292	0.07590315	0.0036364133	0.0023888955	0.013033493	0.0011181616	0.0007649581	0.0013611973
ACC22-P18-LN-C7	0.0008543656	0.27491793	0.006947076	0.013420041	0.025380662	0.00090332044	0.007826485	0.00020627222	0.01409244	0.0035959627	0.0022473247	0.014744133	0.008427733	0.0003042021	0.040840015	0.01361396	0.002036431	0.005278392	0.0027622941	0.0003572903	0.024892196	0.026594358	0.02908344	0.0613305	0.03865437	0.008245083	0.0073736897	0.0013548952	0.020912424	0.01376117	0.00090876606	0.0060711144	0.004967605	0.0033102732	0.003761618	0.011030731	0.008821683	0.0012271792	0.017664662	0.00270458	0.005121512	0.024622016	0.0053860117	0.0012341739	0.10692891	0.05764653	0.005935876	0.0073361765	0.045600865	0.0010311079	0.00029331804	0.007436818
ACC22-P18-LN-C8	0.0005242337	0.3468488	0.0040451814	0.004524699	0.014873263	0.001015554	0.006722303	0.00012756254	0.011990931	0.006002056	0.003048731	0.0081202155	0.0102023715	0.0005311286	0.027331775	0.002519043	0.002205261	0.004615275	0.003992438	0.00042825495	0.017049164	0.052231006	0.015493509	0.052495036	0.048287332	0.02232114	0.009520828	0.0003060577	0.018205676	0.012026281	0.0005337031	0.003529472	0.0031727536	0.0015928632	0.0032007103	0.0065713557	0.00577925	0.001073288	0.013139609	0.0018971796	0.0029253783	0.0013372472	0.009260689	0.0010747483	0.107529625	0.09384592	0.0029585874	0.002223117	0.026520427	0.00034306914	0.00014808969	0.003737781
ACC22-P18-LN-C9	0.0004713802	0.26459384	0.0035887589	0.005629469	0.038553316	0.00090054615	0.012813482	0.000541467	0.019168612	0.0044205324	0.0034728851	0.012714347	0.008693979	0.0007725981	0.04523866	0.010089382	0.004953957	0.004672362	0.0033534656	0.0022850952	0.034999043	0.029949317	0.022982722	0.07868162	0.03559841	0.030979918	0.011147622	0.0043462273	0.013134463	0.011387233	0.0013266106	0.0060748565	0.0037870524	0.005913111	0.0030791801	0.0087530585	0.009659435	0.0012640739	0.015150338	0.0057415077	0.0022644142	0.0023616606	0.008087245	0.0030689526	0.08132756	0.07332432	0.002034414	0.006073192	0.035783388	0.001251125	0.0009901364	0.0025495775
ACC22-P18-LN-D10	0.002721823	0.24437569	0.035603866	0.01799002	0.005692177	0.00079263636	0.016342854	0.0014378595	0.02338385	0.0027371459	0.002321111	0.00549158	0.007746076	0.0010557307	0.07742505	0.0025798802	0.019167092	0.005348988	0.002082711	0.0010802227	0.015293081	0.04366904	0.15547448	0.050262626	0.0034424693	0.019415243	0.0021348565	0.00062011596	0.0031118456	0.006291905	0.0034648562	0.003091075	0.0009159665	0.007565284	0.003061078	0.003673537	0.010537568	0.00089000375	0.023350464	0.005961528	0.0034873385	0.00074812106	0.005876302	0.00482114	0.07380485	0.03706757	0.002060019	0.0029175738	0.017690185	0.0034731391	0.007833613	0.002616751
ACC22-P18-LN-D2	0.0011006636	0.26493862	0.0022693935	0.0026682918	0.0057595894	0.0008381629	0.099516064	0.0051075667	0.03390928	0.0033746	0.0032206366	0.0066433763	0.016705075	0.0022361178	0.013613159	0.017111719	0.01020123	0.13373144	0.0039161714	0.00025364745	0.008823515	0.038045637	0.030123262	0.056006953	0.00841905	0.005438177	0.005035817	0.00077235594	0.0049062935	0.022133933	0.0036036628	0.0020756372	0.0033101146	0.0042018513	0.008118949	0.0044307453	0.0047315233	0.0017944336	0.0058035175	0.002003801	0.010949718	0.0022566451	0.0059743742	0.006505147	0.034657516	0.06358651	0.0016038053	0.0151871955	0.006855152	0.0017852848	0.0012974887	0.0024470896
ACC22-P18-LN-D3	0.0020934597	0.2537398	0.0071232184	0.01122137	0.03548392	0.0008930104	0.012285598	0.00013099241	0.023631051	0.0041816505	0.0061962754	0.02272829	0.011241066	0.00040648432	0.043438353	0.010881695	0.0040421854	0.0052397004	0.0048284414	0.00046112685	0.033832684	0.02225843	0.023902131	0.05577936	0.031692255	0.0124670295	0.023324406	0.004580071	0.02175154	0.02899745	0.0009773382	0.0065459036	0.015782533	0.0043154685	0.0042604664	0.0069956924	0.012343605	0.001646552	0.032226603	0.011127622	0.0022751975	0.0030023502	0.0061807544	0.0049849674	0.091540545	0.03880693	0.0028530755	0.0047195875	0.024299607	0.0020081468	0.0010739365	0.003200132
ACC22-P18-LN-D4	0.0004366119	0.25666323	0.004436929	0.0199686	0.035061534	0.0013011763	0.023105294	0.0001059022	0.01473614	0.017232213	0.0032888493	0.005054332	0.008053939	0.00023502452	0.04200425	0.00079443544	0.0013271711	0.004992224	0.0053573977	0.0016028644	0.0171379	0.02903861	0.023720367	0.016389912	0.0784837	0.0048292787	0.004876222	0.001793302	0.13074794	0.0064727706	0.003375464	0.008202337	0.005235044	0.0026800036	0.0030378755	0.0065957904	0.0064230915	0.0043822974	0.013327617	0.00168224	0.008197088	0.0011252259	0.005845476	0.006516781	0.07614648	0.0409571	0.011274513	0.005635372	0.018266957	0.00037887358	0.0010547052	0.010411619
ACC22-P18-LN-D5	0.0013022873	0.28502956	0.005110406	0.011328503	0.01465969	0.0010582455	0.012559118	0.00014058063	0.013273988	0.004538906	0.004433492	0.0058678463	0.008612841	0.0008831948	0.061604116	0.0066119647	0.0012523375	0.004220218	0.0045377947	0.00032680028	0.033723276	0.033403013	0.02019613	0.023110343	0.10834342	0.0049231886	0.005521327	0.0010847828	0.02515515	0.013035752	0.0012452423	0.0076337545	0.007950748	0.004085911	0.0041651097	0.011672977	0.0094127245	0.0016003324	0.015166513	0.002214492	0.0030296806	0.0016981164	0.005936046	0.0016382912	0.09105617	0.05723439	0.0043731704	0.006760162	0.03720244	0.0007800188	0.0008298972	0.008465513
ACC22-P18-LN-D6	0.0013290069	0.30068552	0.0020421343	0.006446507	0.013349023	0.0012409205	0.013313309	0.00074748485	0.01818757	0.0057860343	0.0033340068	0.011888026	0.011615201	0.0015782106	0.031219514	0.01101134	0.0025635557	0.0059334594	0.006304546	0.0004372871	0.010543002	0.047663365	0.021357518	0.039137002	0.03633329	0.006304291	0.008817301	0.0010031353	0.048418563	0.010943435	0.00092063827	0.0053118384	0.00847008	0.004348689	0.036325756	0.008093828	0.003780347	0.0013426447	0.016173448	0.0013881648	0.009610613	0.017271305	0.0078626275	0.0014653264	0.07539653	0.07405201	0.017248992	0.007407591	0.018598944	0.0011225533	0.00038047886	0.0038940904
ACC22-P18-LN-D7	0.000587186	0.23163913	0.0038906445	0.021554245	0.029389508	0.00086504075	0.012046553	0.00045277632	0.020229097	0.0032125453	0.0016704162	0.047846977	0.015466945	0.0008541559	0.024081731	0.0043599787	0.0026418427	0.005717049	0.0060182298	0.0002353731	0.008996573	0.021509323	0.018982349	0.088071056	0.012316508	0.025948042	0.06313342	0.005882123	0.006819344	0.012800823	0.0011269408	0.00558605	0.005782625	0.0019398353	0.0059061977	0.017153008	0.0058054733	0.0009513334	0.021998202	0.008200689	0.0025303836	0.0036743295	0.0065693874	0.020895889	0.08053061	0.04237697	0.0061131003	0.0019403368	0.049467094	0.0113996565	0.0014968185	0.0013361332
ACC22-P18-LN-D9	0.0009017039	0.31947884	0.002486944	0.008832244	0.011591237	0.00089913985	0.009078064	0.00010936249	0.010347772	0.020904366	0.0025524637	0.0045530223	0.0064627407	0.0009444557	0.037455063	0.007169436	0.0005132262	0.0036516713	0.002046621	0.00027845905	0.015047497	0.023392223	0.011788552	0.03892236	0.09120709	0.005727774	0.00448905	0.00049694465	0.020888433	0.008019493	0.0008580038	0.005014043	0.006830652	0.0056772027	0.0030887674	0.007895986	0.0050829924	0.0010754713	0.014429326	0.0020681457	0.0011291183	0.00082713243	0.0054480713	0.0013570152	0.10733428	0.09931118	0.0033665588	0.003137646	0.05101391	0.00035272466	0.0005374909	0.0039279494
ACC22-P18-LN-E10	0.0011733513	0.1999116	0.011972872	0.014929703	0.014044223	0.00079722167	0.0062807105	0.0027916557	0.011055674	0.003452012	0.008338636	0.008624952	0.005479256	0.004451737	0.031298295	0.015764056	0.0046967007	0.004966963	0.0020667121	0.001374606	0.05320229	0.022781951	0.023447039	0.03271637	0.02046853	0.060758006	0.017845063	0.004542638	0.008979455	0.0077947783	0.0024191556	0.0044529946	0.0026240917	0.0065840054	0.0045610117	0.010312433	0.017567221	0.0014099815	0.008246783	0.012050902	0.0017015883	0.0016090139	0.0551025	0.06626733	0.04981649	0.05371871	0.0021848	0.007767751	0.029170638	0.004664087	0.005374621	0.046386827
ACC22-P18-LN-E11	0.0020560496	0.27861407	0.0055291597	0.015673153	0.020744475	0.0014700951	0.008073959	0.00044608713	0.014634717	0.0066014975	0.0029462762	0.006279181	0.009624044	0.0013975298	0.018844305	0.014462522	0.0024400472	0.004167419	0.0026591402	0.00032136345	0.02191055	0.014449261	0.033443984	0.087552525	0.018486325	0.00989746	0.005019805	0.0016902393	0.0060211746	0.005144682	0.00045413902	0.0052325143	0.0051016123	0.0018686666	0.005350629	0.009949194	0.0033685488	0.0013131374	0.012700424	0.004232182	0.001680693	0.0012641172	0.0077115917	0.0012146521	0.10894682	0.07119062	0.002950605	0.003459342	0.12366833	0.0016701669	0.0020169304	0.0040539294
ACC22-P18-LN-E12	0.0006395538	0.30899704	0.0029669602	0.0037233052	0.04960454	0.0008735865	0.005456783	0.00070185453	0.008653742	0.0033760632	0.0021707232	0.0065556853	0.0062967134	0.0009922017	0.01789555	0.008712783	0.0020261372	0.002965948	0.0027200521	0.00033801922	0.011937403	0.033590075	0.020099312	0.034491193	0.0288659	0.047778275	0.0068354625	0.0008475122	0.0081983395	0.016100328	0.000695129	0.0049268887	0.0058428543	0.0029507154	0.0033903935	0.015158986	0.005294056	0.001377639	0.018087622	0.0017632053	0.0018914706	0.00061158533	0.009837781	0.0018352862	0.1152913	0.12605862	0.005569042	0.0055907057	0.026403219	0.00028586067	0.0004752473	0.0022512635
ACC22-P18-LN-E1	0.00088409847	0.23175132	0.0069219004	0.009782056	0.010633041	0.00091432687	0.016118947	0.0010858298	0.022280691	0.0035732484	0.0035441811	0.031479433	0.019780718	0.001458828	0.032535937	0.005110973	0.0048981686	0.0036723707	0.006543206	0.0020669673	0.027669942	0.028983077	0.01872157	0.08169761	0.02864153	0.009048418	0.030895885	0.0027008266	0.011631324	0.038846202	0.0016524438	0.006204931	0.0068675755	0.002611347	0.010171291	0.021611555	0.010461289	0.0010868191	0.031101648	0.009636937	0.00214983	0.003049017	0.008149732	0.008035209	0.07454203	0.044767123	0.004731604	0.004004178	0.048929185	0.0026994909	0.0013333737	0.0023307682
ACC22-P18-LN-E2	0.0009321588	0.20774424	0.012319067	0.024561275	0.018902993	0.001160415	0.0069956128	0.0011352776	0.01871574	0.004388861	0.009431282	0.024401914	0.022421516	0.0006692617	0.04881639	0.008390247	0.003927354	0.003912438	0.0046771257	0.03571208	0.021218285	0.009791714	0.01114862	0.051163036	0.013920388	0.020237144	0.051689155	0.0025684263	0.009986928	0.027752873	0.005800823	0.003216559	0.004831499	0.0039676107	0.005908323	0.009965714	0.028832339	0.0012009693	0.015499229	0.03606911	0.0048498744	0.035509724	0.0058475854	0.010417957	0.04893162	0.033763442	0.020798242	0.0039557684	0.029166535	0.010187946	0.0011259267	0.0014614757
ACC22-P18-LN-E3	0.0007480766	0.29792047	0.012274648	0.007495295	0.02292716	0.00089683116	0.006597227	0.00027702225	0.013458153	0.0033250966	0.0011311322	0.007850798	0.017018214	0.00062625477	0.021181373	0.0016287158	0.0013351778	0.0035190962	0.0036617147	0.00024556322	0.018378777	0.033170253	0.02251614	0.056186877	0.006611707	0.103502735	0.008662816	0.0014888257	0.0036702973	0.007805824	0.00050204666	0.004369811	0.0009136233	0.0015424611	0.006429706	0.006930378	0.0075537926	0.00084639725	0.021400686	0.050988983	0.0020412244	0.008115563	0.0075163413	0.005376666	0.07964806	0.04459738	0.0017191649	0.0027754514	0.05488858	0.0030109463	0.0007781621	0.0019421271
ACC22-P18-LN-E4	0.0041692383	0.2317363	0.019335702	0.006555283	0.0075667645	0.0008899067	0.008878928	0.0003448457	0.013706566	0.022969898	0.003608996	0.1382495	0.013166652	0.000876144	0.03647608	0.016392471	0.0045818915	0.005496277	0.0022933106	0.0028907203	0.010529699	0.013733291	0.015953135	0.09656916	0.0066886595	0.016220748	0.015349522	0.0009924294	0.0044576433	0.010477332	0.0011982474	0.0022780283	0.0029346661	0.0040124087	0.0060936953	0.011709984	0.010552401	0.0021176334	0.01745031	0.008567271	0.0030366578	0.0033646524	0.007264634	0.0049126786	0.04285299	0.045825657	0.0022765067	0.0025634337	0.06762671	0.01733638	0.0027467366	0.0021211714
ACC22-P18-LN-E6	0.0013730589	0.2304726	0.0054084463	0.014396676	0.018010054	0.0009046208	0.019772138	0.0004953033	0.045852162	0.004062866	0.0024576706	0.017692683	0.02589399	0.0011871721	0.05129146	0.0057457457	0.022698864	0.012416886	0.0030805916	0.00038505084	0.007111448	0.024925662	0.033179596	0.07887522	0.006043463	0.00996745	0.016374119	0.0017353299	0.005080446	0.01857749	0.007502839	0.005935047	0.0037808805	0.003251946	0.0057418407	0.0080169635	0.005714123	0.0010697157	0.038164787	0.0037985016	0.050975226	0.0029916877	0.0031891193	0.0027757355	0.07397145	0.047976103	0.002560117	0.002671647	0.032290533	0.007021113	0.0040999404	0.0010324833
ACC22-P18-LN-E7	0.0036233976	0.27504095	0.0034681305	0.0026456069	0.05692287	0.000920888	0.008478879	0.00037978185	0.015580088	0.0043706847	0.002406055	0.007072828	0.0075121494	0.0018677694	0.06603795	0.0076375296	0.0015811173	0.0040420555	0.0056182956	0.00027243333	0.015174931	0.034759745	0.016307348	0.053665042	0.05767282	0.0059654354	0.0061002728	0.002446621	0.030596012	0.0067648212	0.0008667346	0.0059043705	0.008275856	0.0067001935	0.002723044	0.006134037	0.008729818	0.0014634876	0.01099401	0.0024838517	0.0022977798	0.0018393926	0.0052697742	0.0021420561	0.09376808	0.086238995	0.0022050098	0.006470665	0.03625526	0.00051149755	0.00057645177	0.003217164
ACC22-P18-LN-E9	0.003163148	0.23053947	0.016043777	0.004982755	0.01009524	0.0008393264	0.009827057	0.0003605376	0.016170654	0.0055579864	0.0017198635	0.02418268	0.008359391	0.0010158557	0.06559831	0.0022505485	0.0072182952	0.0055850875	0.0030897157	0.0002815672	0.024732966	0.03158682	0.01954482	0.06282492	0.023278765	0.010352778	0.006613457	0.0023240233	0.00647965	0.02552393	0.0010299747	0.002238291	0.004502809	0.0017792833	0.00993712	0.01918917	0.009974861	0.0010357935	0.01071845	0.0035053913	0.0033565676	0.0018638326	0.020734625	0.0034967286	0.07054308	0.06334844	0.0060681044	0.0035497595	0.1226338	0.0030960827	0.0023027011	0.004951817
ACC22-P18-LN-F10	0.0006060776	0.27378005	0.0023638506	0.007380747	0.06786633	0.00089954707	0.00710448	0.00016698579	0.013916455	0.003762602	0.0009840203	0.009774328	0.009557521	0.000516149	0.038293306	0.006693641	0.0014865166	0.0034320003	0.004330713	0.00021151692	0.01496221	0.032789815	0.0196346	0.054458357	0.08178754	0.006855155	0.0066564814	0.0028503947	0.032528754	0.009263065	0.00062992016	0.0095905615	0.0075809956	0.0043730955	0.003105293	0.008153009	0.006334047	0.0014960092	0.013958608	0.0025839729	0.0032135735	0.0011537285	0.005701864	0.0011314448	0.10266173	0.06570565	0.0020591635	0.0053891037	0.03593318	0.0006690328	0.0004716319	0.003191182
ACC22-P18-LN-F11	0.0041061365	0.25459427	0.011945849	0.0064112856	0.012737436	0.00095996127	0.00887569	0.0010388908	0.040881827	0.013586361	0.0026446446	0.011376546	0.009408645	0.006033301	0.03682025	0.0028842185	0.004675756	0.006231654	0.003486624	0.0021970628	0.015789468	0.022726173	0.014720336	0.04612957	0.023859171	0.079072386	0.00799371	0.0018965619	0.008499677	0.014061784	0.0032289845	0.008688551	0.010243867	0.0055863033	0.0064241714	0.008105634	0.011128412	0.0015119548	0.023853121	0.009778632	0.0035499677	0.00296132	0.009601423	0.0039823325	0.0996495	0.06344274	0.0018337693	0.0034811818	0.037624367	0.005049291	0.0022186383	0.002410511
ACC22-P18-LN-F12	0.00082287006	0.206681	0.007385221	0.012161072	0.02887682	0.0008566559	0.0118232295	0.0011136611	0.014771129	0.004244686	0.0016407634	0.011819316	0.012508274	0.0043375483	0.0612883	0.0024686044	0.004058916	0.004460183	0.0042952322	0.0048575317	0.033400893	0.023805378	0.03630769	0.036784876	0.03429531	0.024361959	0.0076032095	0.0033490658	0.014655692	0.03253716	0.0041657966	0.005443998	0.003552517	0.098240964	0.0031871567	0.0057228333	0.019887727	0.0017641134	0.023620494	0.00674816	0.003130103	0.0022893692	0.009555878	0.0015964273	0.07082623	0.05479456	0.003986133	0.0053640185	0.015939057	0.0015317806	0.0032231957	0.00785732
ACC22-P18-LN-F1	0.0013703638	0.30777183	0.006348269	0.009108856	0.013823908	0.00094262173	0.008962252	0.00026810396	0.014214349	0.005725589	0.0037885872	0.012835642	0.010789169	0.0008970338	0.043005932	0.015922036	0.0054528466	0.0048208097	0.006201847	0.0003654914	0.009115929	0.04284733	0.02191923	0.051648393	0.040418018	0.039098114	0.008606475	0.00058867194	0.015088477	0.010571638	0.0008344981	0.0056743254	0.015688	0.012159499	0.0028823197	0.009070318	0.004557814	0.0028228872	0.021795502	0.003457569	0.0031590296	0.0022329052	0.0064095673	0.005068657	0.0919825	0.06764415	0.00397578	0.0034312075	0.01936574	0.0005446587	0.0015064232	0.0032188315
ACC22-P18-LN-F2	0.0006547244	0.22937833	0.0027179483	0.010290752	0.010468691	0.0013744832	0.010768251	0.0037813082	0.011249704	0.0035361643	0.008321542	0.013725694	0.040798116	0.0023333163	0.039768085	0.0027220359	0.004928276	0.0026506789	0.0038894748	0.0017775047	0.032990452	0.028908873	0.011872461	0.0598929	0.024212884	0.0058927643	0.025831973	0.0007748033	0.009621986	0.01853793	0.00058260607	0.005380186	0.013953475	0.0023118667	0.025223954	0.018685035	0.0070126336	0.000905657	0.021168595	0.0040786667	0.0020449373	0.005466915	0.009631181	0.012811521	0.06476336	0.05549542	0.0016475227	0.002813143	0.11410424	0.0025760203	0.0009418566	0.0047290567
ACC22-P18-LN-F3	0.0006562862	0.23094177	0.0061070807	0.011489082	0.015756674	0.0008436243	0.025113516	0.00010736531	0.041483875	0.0047495645	0.0009183539	0.009338649	0.015242321	0.0005581475	0.054663133	0.0030107845	0.0046633165	0.0073463023	0.0044264738	0.0002338648	0.011301623	0.042625226	0.04165689	0.049251158	0.015179565	0.009171188	0.011222663	0.0007192598	0.024769759	0.008522113	0.0043665916	0.00430515	0.0047600507	0.0025878588	0.004779038	0.010232492	0.008473794	0.0010159775	0.06781693	0.0023608627	0.040768765	0.0012044862	0.002718978	0.0031437401	0.11215227	0.032401297	0.009137383	0.004227313	0.029277004	0.0007047194	0.00047529777	0.001020357
ACC22-P18-LN-F4	0.00031862143	0.21954595	0.006229798	0.0024474645	0.0061049564	0.0009365574	0.046127472	2.5724834e-05	0.05362439	0.003782362	0.00072425866	0.009475325	0.018017102	0.0001586423	0.017495256	0.0064307856	0.03691619	0.15312344	0.00832868	0.00017752018	0.0041166334	0.079011865	0.060714237	0.057569724	0.0077047125	0.0030061535	0.0038280746	0.00081097987	0.0049926923	0.014594962	0.0021689197	0.0030767298	0.0017518309	0.0011457633	0.00564655	0.003438996	0.002617654	0.00087837095	0.006186605	0.00089661375	0.027459184	0.00043065322	0.001872218	0.0012214954	0.051781517	0.042717695	0.0046834843	0.002710298	0.010794641	0.0010492984	0.00077089947	0.00035995748
ACC22-P18-LN-F5	0.00218024	0.20473108	0.00837626	0.019554602	0.0089628175	0.0006871543	0.009677287	0.0016499262	0.01758208	0.0031744975	0.0032363434	0.008528531	0.0066723125	0.001678189	0.047599293	0.02342413	0.0024748284	0.006303811	0.0035278664	0.00018179679	0.030494886	0.016271757	0.028756838	0.041408814	0.012020169	0.13001034	0.0043859277	0.0009277602	0.004526221	0.006433496	0.0026553303	0.0054475646	0.0046683326	0.008012114	0.003749077	0.00343768	0.01504521	0.001167855	0.02996902	0.011643425	0.0034478963	0.0011730685	0.023330297	0.011033065	0.09739518	0.04528463	0.00284605	0.0047777575	0.044546463	0.005545321	0.0024036565	0.016981717
ACC22-P18-LN-F6	0.0003994251	0.26483202	0.011757315	0.00715896	0.015620703	0.0010873833	0.011044851	0.00023145601	0.02207135	0.0041860165	0.00093632017	0.007928433	0.013650329	0.0005714503	0.031052753	0.02009631	0.0015107135	0.004361418	0.004238874	0.00014001795	0.034380462	0.041526314	0.031541087	0.031641122	0.012143982	0.088004366	0.016979493	0.0030298538	0.0036530653	0.006555933	0.002437735	0.006117688	0.0009476722	0.0040611033	0.007893429	0.0054989047	0.010912733	0.001222545	0.013528797	0.04928774	0.0015916828	0.0061688484	0.0076104766	0.004809927	0.04991833	0.074425295	0.002491318	0.00205672	0.04160263	0.0089668045	0.002077783	0.004040155
ACC22-P18-LN-F8	0.0022965197	0.34926635	0.056976985	0.0039324323	0.010122878	0.00081033213	0.0075980397	0.00012739841	0.009342291	0.0024566508	0.0003609383	0.009367963	0.008745099	0.0011255037	0.041101612	0.0009547712	0.0037027048	0.0017913555	0.0026180812	0.00010350789	0.012112906	0.04972212	0.02418367	0.036598302	0.007455498	0.09970134	0.005804552	0.00015976232	0.0038867898	0.0011468522	0.0014744289	0.0022426709	0.0007223796	0.00654176	0.0025449472	0.005899046	0.010878615	0.00094109884	0.015914408	0.010551014	0.0023755298	0.0013415222	0.0019224029	0.0127109	0.09867727	0.017365687	0.017966228	0.0013546196	0.026867637	0.0031501432	0.0021000388	0.0028844394
ACC22-P18-LN-F9	0.0014585695	0.34704927	0.0060825474	0.010117384	0.03192123	0.0026894885	0.013237345	0.0005782183	0.015521411	0.006780078	0.00426694	0.0059908372	0.009222969	0.0011402774	0.039485946	0.006482847	0.0027408632	0.0051582246	0.0035716742	0.00041864783	0.020860123	0.032136854	0.020958409	0.03464682	0.044617284	0.00626314	0.009745337	0.001654429	0.018066207	0.006356455	0.0010312396	0.007625934	0.0069166734	0.009264334	0.0024671238	0.007846009	0.0073567107	0.0023955463	0.009309705	0.0017393709	0.0029628207	0.0013165731	0.008163756	0.00091564516	0.113466024	0.057319347	0.0015833097	0.00901643	0.023727927	0.00033269048	0.00033113293	0.015691778
ACC22-P18-LN-G10	0.00016633056	0.29808885	0.003350277	0.00679234	0.037232675	0.0020131676	0.009803064	0.00016272785	0.020783825	0.004064209	0.003722943	0.010877533	0.009253001	0.00035513504	0.037667524	0.0030094995	0.0019721435	0.0040095113	0.0060358294	0.0025754215	0.013340615	0.073304266	0.0166688	0.024625465	0.07383952	0.0062706596	0.00584365	0.0006132349	0.04163999	0.003987774	0.0011831493	0.008765842	0.008840206	0.002467022	0.002885598	0.0054343212	0.00817506	0.0013293577	0.021244332	0.0035858974	0.0068312273	0.0032437423	0.004408899	0.0023109254	0.105320774	0.04845932	0.012011445	0.0050947196	0.022481767	0.001253611	0.0006231114	0.001979678
ACC22-P18-LN-G11	0.0009893815	0.18579322	0.010414416	0.009527607	0.044151157	0.0010657866	0.009135245	0.0012235431	0.01806628	0.0041321735	0.007400897	0.015106449	0.0065746256	0.00079448096	0.041230902	0.0072651342	0.0014872786	0.004927774	0.004538033	0.00036496765	0.049520712	0.0103073055	0.030881247	0.04661326	0.047142286	0.027314775	0.007868692	0.0067845955	0.015254451	0.013971796	0.0020593018	0.00780126	0.01018558	0.004567208	0.028351888	0.01622892	0.016313313	0.0014779097	0.020458387	0.0060685417	0.0023434162	0.0026644755	0.011761451	0.0033214504	0.065674335	0.04272059	0.004634072	0.0055962945	0.09908923	0.007636275	0.0012665575	0.009931131
ACC22-P18-LN-G12	0.0005961062	0.25076503	0.022439161	0.007913262	0.021824399	0.00094415294	0.010142595	0.0005261789	0.019882755	0.0050868248	0.008045414	0.011571234	0.0073384144	0.00075085677	0.08550246	0.005454183	0.0034954618	0.005535584	0.003824203	0.0002619429	0.018593062	0.013333262	0.032472514	0.043388724	0.02189258	0.081777684	0.0062369923	0.0043451944	0.009504359	0.0069809705	0.0014766234	0.0111332275	0.004470955	0.009094589	0.0034357798	0.012974843	0.013572661	0.0016991863	0.0151692955	0.0060021086	0.0029051763	0.00200784	0.008422895	0.008731822	0.098115645	0.043425	0.0017558082	0.0032162662	0.030239908	0.0023242258	0.0071287598	0.0022718268
ACC22-P18-LN-G1	0.0015579814	0.2675439	0.0050172727	0.003123071	0.03101394	0.0010052292	0.006941399	0.0002473608	0.017335523	0.004896723	0.0017961221	0.014220947	0.0054521444	0.00086069806	0.03282881	0.009456792	0.0022615788	0.008216898	0.0038574093	0.0003592117	0.052256618	0.03244121	0.030214848	0.05013676	0.027889326	0.008998357	0.008236312	0.0022005732	0.009809409	0.014318483	0.00092026364	0.0064419243	0.0043772818	0.0043135346	0.0035542434	0.00911693	0.013984195	0.0013003155	0.010577024	0.003516509	0.0013415314	0.0016382043	0.02639754	0.0013701755	0.10614315	0.078223854	0.002248291	0.005798849	0.05340042	0.000757528	0.00029842235	0.009784818
ACC22-P18-LN-G2	0.0021317876	0.043305054	0.0024621	0.015649574	0.009274089	0.00087471656	0.004373865	0.0026110455	0.01256099	0.003354692	0.0014940646	0.0054047126	0.028317835	0.001333833	0.0146544045	0.011527001	0.0021794336	0.0049941204	0.0007911336	0.0005129306	0.014489816	0.02248407	0.004163606	0.019703878	0.008910844	0.07325726	0.03117251	0.006810617	0.008116518	0.0057460708	0.005038164	0.007258047	0.0043841638	0.0043632654	0.0067715324	0.029923879	0.011022693	0.0014933725	0.004986661	0.03939881	0.003736358	0.011975881	0.05517106	0.013455944	0.005889097	0.02137196	0.3603385	0.01537542	0.010261522	0.013241071	0.0052481717	0.0066318857
ACC22-P18-LN-G3	6.051417e-05	0.31876418	0.0021857254	0.0069599156	0.046956003	0.0010498426	0.021101503	5.388896e-05	0.033929743	0.0042631146	0.00056071026	0.02557263	0.018150164	0.00010290338	0.020573042	0.0069491104	0.002000827	0.0032574465	0.0020610096	0.0016926376	0.032141235	0.050058804	0.012653634	0.022171218	0.019956771	0.005537446	0.04181415	0.0011886187	0.011774198	0.022611123	0.0009669446	0.0031052704	0.008099897	0.0064674444	0.0026563816	0.009780009	0.008308458	0.001215615	0.04527297	0.00513624	0.0044327425	0.0020081347	0.0047269925	0.0012055781	0.09602665	0.01944093	0.0057095047	0.0032738054	0.03038747	0.002621206	0.0011534444	0.0018522661
ACC22-P18-LN-G4	0.0008019459	0.22027573	0.008328763	0.013837436	0.016574556	0.0008853537	0.020558113	0.0016123793	0.03455997	0.0034102327	0.003543677	0.02276925	0.01617642	0.0011881945	0.070794046	0.0070107067	0.040547177	0.01178512	0.0028838925	0.0003164033	0.008032	0.038455788	0.045309298	0.05807843	0.008008445	0.008794225	0.0077914624	0.004000544	0.013203994	0.013256947	0.013185	0.005348967	0.003458745	0.0032123553	0.005589955	0.007834589	0.009298213	0.0012765338	0.02061968	0.0032365208	0.058899045	0.0026766062	0.003030278	0.005263167	0.061689105	0.0498852	0.0062521305	0.004384753	0.015638458	0.008261172	0.007319884	0.00084916136
ACC22-P18-LN-G5	0.0016090957	0.26627773	0.0050512794	0.014479384	0.02417385	0.0009463384	0.0061080963	0.0005173261	0.01020888	0.0033646545	0.004278142	0.0054895193	0.0075130216	0.0015086138	0.053130466	0.0029473011	0.0012482652	0.0029863191	0.008129144	0.018383468	0.018307114	0.007191712	0.012050044	0.06303335	0.10803868	0.007004221	0.009906175	0.0010430492	0.041286804	0.0055737556	0.00063761405	0.0052265003	0.016775383	0.005859862	0.002531842	0.007812864	0.0048769037	0.0012116862	0.018580979	0.0017346222	0.001800388	0.0013992755	0.0062838187	0.0031581316	0.080652386	0.04876831	0.005629018	0.038734768	0.03230911	0.0006868389	0.00068359135	0.0028602565
ACC22-P18-LN-G6	0.0015074001	0.28204906	0.0037878617	0.008891445	0.051359344	0.0010283533	0.008468686	0.0005134942	0.012234129	0.0043808506	0.0042051566	0.0067430427	0.006311824	0.0008452499	0.045638885	0.003915337	0.001391562	0.0037903576	0.003172206	0.00039205773	0.036594223	0.010043329	0.014616768	0.04711045	0.07210052	0.01301027	0.0067718416	0.0015026529	0.0133684715	0.0030022184	0.0017812848	0.006570816	0.014690416	0.009235638	0.002522973	0.007493709	0.010998457	0.0017863298	0.011743177	0.0043652863	0.002673086	0.0019860163	0.030427493	0.0056647556	0.076038755	0.06494264	0.0041874596	0.0055201976	0.049732067	0.002748952	0.0010843003	0.015059102
ACC22-P18-LN-G7	0.0003429577	0.250975	0.004481298	0.0089212805	0.033432398	0.00084683485	0.0100724725	8.648652e-05	0.012918879	0.0036793533	0.0009772821	0.027701138	0.016689006	0.0004734282	0.031506266	0.0040168297	0.0038158486	0.0036629653	0.004413854	0.00020339676	0.031169254	0.03667164	0.012923151	0.07289843	0.027777754	0.01915647	0.020539926	0.001850737	0.01616117	0.038858064	0.0005435116	0.003949892	0.018791297	0.004150011	0.0045455797	0.017829254	0.0070386063	0.001226325	0.013478266	0.008858923	0.0013826902	0.001765672	0.0042637764	0.0058399723	0.099358745	0.061243717	0.0029301068	0.0035425383	0.03577332	0.0025626686	0.0007680654	0.0029337138
ACC22-P18-LN-G8	0.0006454701	0.3088952	0.009293453	0.01053256	0.007519768	0.0007887428	0.007879006	0.000117083866	0.014966436	0.014363606	0.0017670552	0.019287748	0.008819911	0.0004910379	0.05264181	0.0014203032	0.0027645465	0.003706066	0.0020356264	0.00026265878	0.015860515	0.04973258	0.022069057	0.030696815	0.012836154	0.13382025	0.007519304	0.00025197282	0.0077582505	0.013309093	0.0020798922	0.0026948864	0.0014896682	0.002280596	0.0049150814	0.007597603	0.0070842053	0.0011187331	0.015499802	0.0050203167	0.0025837324	0.0019244606	0.005466924	0.0035360537	0.11823195	0.037564933	0.0013246614	0.0046015703	0.009922899	0.0007220078	0.0007661242	0.0015219743
ACC22-P18-LN-G9	0.0026480407	0.30428964	0.004115117	0.0051661753	0.027889784	0.0010104615	0.007936044	0.00053241523	0.013806743	0.0041519925	0.006716498	0.017864164	0.012571306	0.0027913665	0.06377038	0.0017500832	0.0019532333	0.0033715724	0.0028209891	0.0004915971	0.017454695	0.038582444	0.017496027	0.03286818	0.019546002	0.028001666	0.02059165	0.0010408692	0.014280157	0.0136629585	0.0012237865	0.0048924494	0.0038096614	0.0021231116	0.005107505	0.013585762	0.00928934	0.0012992492	0.012928432	0.008866075	0.002493497	0.0032539447	0.005744702	0.014764532	0.08607853	0.06214574	0.0027529425	0.0045303833	0.059671037	0.0031293728	0.00040154334	0.0027359736
ACC22-P18-LN-H10	0.0023998145	0.26411986	0.0046851295	0.006009412	0.02113935	0.0010580948	0.013540992	0.00033441986	0.01964157	0.004667458	0.0043119662	0.0121278865	0.012653832	0.0005800372	0.02888872	0.019163262	0.0044768965	0.005562032	0.0047528218	0.00037642018	0.0149989	0.0345298	0.04055739	0.07284647	0.025728874	0.010551808	0.009681685	0.0017986924	0.013394671	0.04738023	0.0008831147	0.007848239	0.0049914396	0.0022422068	0.003350051	0.007063791	0.005865803	0.0011663297	0.02718196	0.0027898278	0.0022723542	0.0018846346	0.018149272	0.0029726774	0.09182458	0.077158734	0.0033441314	0.0046037924	0.02543511	0.0029759281	0.0011930793	0.0028444107
ACC22-P18-LN-H11	0.0006953024	0.23190024	0.005967116	0.0076231374	0.04532769	0.0018063236	0.010391868	0.000544257	0.015752494	0.0049787154	0.017244926	0.009060459	0.012386456	0.00065167516	0.048619103	0.01650067	0.0017474965	0.005404429	0.0075394893	0.0006410042	0.01996678	0.007619494	0.014231881	0.043312952	0.07018611	0.0072632213	0.008525771	0.00790848	0.03387182	0.009910757	0.0018523876	0.01601081	0.013523522	0.0063815853	0.0041519417	0.017511686	0.011653005	0.0021102752	0.019949142	0.0039088335	0.0059448434	0.0026753934	0.011774578	0.0066078445	0.06755757	0.096302606	0.0020576243	0.007529212	0.02708978	0.0018696728	0.0013398315	0.0046177492
ACC22-P18-LN-H12	0.00039643276	0.26617786	0.004049402	0.0015318035	0.0073306505	0.00086190115	0.10179635	0.0001966896	0.035333805	0.0024532892	0.0017038049	0.0067693084	0.014929333	0.0005374505	0.00950864	0.005476709	0.006671273	0.15802175	0.0048071765	0.0002132159	0.0036690852	0.018899787	0.023228118	0.05158465	0.015926655	0.0077598966	0.008431432	0.0005922168	0.013544388	0.011770035	0.0043909233	0.0026884044	0.004643002	0.0042575924	0.0060961647	0.01129365	0.0038073496	0.0040837657	0.012147564	0.0015613254	0.01774291	0.001364135	0.006082909	0.008363131	0.05026503	0.053213228	0.0028676738	0.0040006675	0.01006186	0.0024258366	0.0019309514	0.002538803
ACC22-P18-LN-H1	0.00054315844	0.33503893	0.0076242588	0.0029191107	0.016723523	0.00086256635	0.012047388	0.0002754357	0.017707998	0.0035379361	0.0010767648	0.0054768133	0.007965018	0.0015646454	0.030266007	0.013886131	0.0018625059	0.004910758	0.0029864602	0.00027135212	0.012781726	0.035737474	0.052552894	0.045207877	0.026525227	0.0057967654	0.005075746	0.00058188767	0.029705632	0.0030340378	0.002140414	0.0047198273	0.0033025271	0.00195762	0.0029401483	0.006454279	0.003267296	0.002905074	0.02634268	0.00092444936	0.012110786	0.0007577339	0.008192668	0.0009933603	0.12838309	0.07238711	0.0013000438	0.0026263827	0.030979903	0.00085317105	0.0006918627	0.0012234914
ACC22-P18-LN-H2	0.0027083342	0.25136292	0.0060184263	0.0056798565	0.030841708	0.0010071401	0.012426749	0.001118106	0.01185115	0.004797675	0.0068639824	0.0055428245	0.0076794242	0.0010887512	0.050428152	0.015611305	0.001965043	0.0052961186	0.0077408836	0.0006813026	0.013668494	0.026513109	0.014646884	0.055275496	0.07430633	0.007427334	0.008751964	0.005076893	0.043579474	0.00783746	0.0011242538	0.008361476	0.014620854	0.0044267094	0.003434731	0.008479598	0.009059605	0.0015391811	0.017920155	0.0026929623	0.0023869441	0.0017720973	0.004282327	0.0052570165	0.080873825	0.11375233	0.003202442	0.009061863	0.017535277	0.00069447473	0.0008484594	0.00088021223
ACC22-P18-LN-H3	0.000642996	0.33730483	0.011314325	0.02148076	0.02545148	0.0010740178	0.0050698323	7.473219e-05	0.015074554	0.0043270392	0.0026774053	0.008089209	0.0071519664	0.001433134	0.027759746	0.0050427285	0.0016391193	0.002172849	0.00427153	0.0003564727	0.013327966	0.047699798	0.012817142	0.041407987	0.0548506	0.0065448624	0.008440599	0.00041096343	0.019694878	0.010124864	0.0007150314	0.005107262	0.0033498923	0.0021697672	0.0029851533	0.0065374463	0.005941243	0.0009939005	0.012059197	0.0022383232	0.0017703441	0.0017224588	0.013426679	0.0009359375	0.105201155	0.07651281	0.0033503983	0.0044897217	0.045912467	0.00064820005	0.00035142308	0.005852731
ACC22-P18-LN-H4	0.000823749	0.2409468	0.003978009	0.014161372	0.044904266	0.0007950035	0.0071874796	0.000544462	0.013866587	0.00564421	0.0020883589	0.061692454	0.018079983	0.00065689825	0.056560498	0.0052601523	0.0043960507	0.004059994	0.0035776254	0.00029972053	0.0151741225	0.03531033	0.012376439	0.04666848	0.010865124	0.017801818	0.026427176	0.004624099	0.0073255566	0.01052356	0.0011119185	0.003580725	0.008534086	0.0019093256	0.005912574	0.01890094	0.00574323	0.0042545856	0.022593632	0.0053392067	0.008133764	0.00406247	0.004326265	0.002384224	0.06183771	0.03963878	0.002765106	0.0022429614	0.1146032	0.0030384937	0.00041239162	0.002054023
ACC22-P18-LN-H5	0.0009852517	0.3234613	0.0062177647	0.0062497	0.012335993	0.0009102617	0.009825131	0.00012829043	0.015760053	0.0033881166	0.0014101715	0.013142488	0.007877919	0.0022728406	0.015716722	0.0009675292	0.0017856794	0.0032965846	0.0033453128	0.00025377743	0.019572418	0.036291722	0.021928675	0.06623297	0.023406602	0.0070371903	0.005168889	0.0006000737	0.008745789	0.016534466	0.0002929759	0.0026213562	0.0041846484	0.0012091777	0.0038323011	0.0072118095	0.0036026957	0.0012239418	0.015459257	0.0014467838	0.0018975483	0.0007160752	0.03994651	0.0008730662	0.14160061	0.06640302	0.004926832	0.002942856	0.04466611	0.00023952826	6.741702e-05	0.019785728
ACC22-P18-LN-H6	0.00029322848	0.33065593	0.0031804547	0.0054611536	0.042432394	0.0010413122	0.012320805	0.00011656159	0.022665221	0.0041198693	0.0021132675	0.004787602	0.011833988	0.00040053154	0.024719933	0.01603403	0.001659328	0.0028634048	0.0028245884	0.0020315677	0.013095662	0.05151704	0.028497359	0.017375264	0.055344637	0.0060589067	0.014785626	0.002095466	0.060262807	0.004571345	0.0009110619	0.008978256	0.0027273512	0.004388131	0.0020495623	0.006250647	0.0061084908	0.001825964	0.02284025	0.0015905143	0.0034827811	0.002225244	0.0068896203	0.0012080319	0.098379925	0.0614486	0.0037677921	0.005723689	0.011692797	0.0003205074	0.00034602548	0.0016855411
ACC22-P18-LN-H8	0.0004554981	0.29928344	0.003352621	0.020724792	0.020811435	0.0012476685	0.011473367	0.00034493126	0.013645263	0.0057443175	0.0016617563	0.016303508	0.008411287	0.0011638453	0.03437417	0.0030158425	0.0021416976	0.007619043	0.0028644793	0.00021310293	0.030347623	0.020324413	0.014262994	0.028326744	0.08423427	0.009487635	0.0072925524	0.0018495109	0.016772723	0.010935681	0.0015053219	0.00801419	0.0056238836	0.0061134254	0.0125011	0.009251844	0.00625249	0.0015186748	0.012823773	0.00575448	0.0023752293	0.001367483	0.020453745	0.0017111567	0.08610648	0.06857807	0.017751208	0.0042788982	0.036493503	0.0026414427	0.0019089811	0.008288335
ACC22-P18-LN-H9	0.0012764724	0.24955854	0.0042391093	0.008414463	0.063370645	0.0011258821	0.010815198	0.0010453906	0.018392472	0.00409334	0.0066812863	0.004051795	0.013131899	0.0006932929	0.027094837	0.012170096	0.0012615572	0.0066889795	0.0046295146	0.00039537647	0.014510691	0.0066517806	0.025758997	0.04245574	0.06588298	0.0063022343	0.012460005	0.004011203	0.08252596	0.004212316	0.0011531671	0.00795881	0.005277292	0.0040253396	0.004266034	0.007168989	0.007520395	0.0014804001	0.018651495	0.0061059366	0.009756588	0.02757837	0.0062649	0.002401072	0.0787244	0.06780725	0.0028309915	0.010470682	0.020411745	0.0017364421	0.000728453	0.0037792018
ACC22-P19-LN-A1	0.00034683992	0.2886766	0.004930023	0.013881076	0.02771333	0.0009127861	0.0085569825	0.00041801098	0.017172243	0.00736689	0.0011106178	0.02256863	0.01182073	0.00029724906	0.044890177	0.0034866892	0.0075779455	0.0040330063	0.0024725534	0.0002908155	0.0374424	0.052968852	0.026747447	0.01724015	0.022595407	0.010579777	0.008095161	0.0051377895	0.008832675	0.016707793	0.0011530275	0.011723761	0.0043142918	0.003572624	0.003040245	0.014789424	0.010785369	0.0015248496	0.022954756	0.0043458794	0.003171282	0.0015405858	0.02096941	0.00302602	0.09161982	0.030442962	0.0032637222	0.0040674293	0.074380785	0.0038446316	0.0015761167	0.009022343
ACC22-P19-LN-A2	0.0006683214	0.2614466	0.004250627	0.006114096	0.041467182	0.00084667566	0.008196994	0.0004843446	0.018127188	0.0042159134	0.0035631007	0.014889129	0.0113770515	0.0010415363	0.051749375	0.01066374	0.0040495484	0.0027683682	0.0032085115	0.00029879593	0.04249436	0.033515584	0.014751722	0.0366475	0.040184792	0.014355216	0.010581296	0.0064610727	0.012485824	0.013703669	0.0012458962	0.007731556	0.006620438	0.0033059397	0.0044504954	0.016201442	0.013521626	0.0012299567	0.020232255	0.007816092	0.0015359989	0.002250059	0.0073749907	0.0029344193	0.09650612	0.070661865	0.002741008	0.0036261156	0.05154533	0.0013134932	0.0009387924	0.0016079146
ACC22-P19-LN-A3	0.001677903	0.24484447	0.008600948	0.009159699	0.022426654	0.0009870927	0.020253977	0.00016870514	0.031726543	0.0067251255	0.0011717402	0.041596383	0.020710353	0.0010655806	0.038963675	0.008625767	0.007395308	0.0222461	0.0025465656	0.00030429199	0.008015949	0.036302414	0.032268	0.06339275	0.0056956415	0.019889463	0.009903652	0.004713253	0.0063971924	0.019093914	0.007293078	0.0074741403	0.0024473781	0.0027839646	0.007876612	0.011739848	0.008605126	0.0012223837	0.04266347	0.003562031	0.047858045	0.00237063	0.0024037939	0.0025884674	0.06403219	0.025488388	0.0048875045	0.008780867	0.03851442	0.007049547	0.0014346066	0.0020544592
ACC22-P19-LN-A4	0.003812417	0.30202496	0.0028900278	0.0063382257	0.044744007	0.0007772559	0.015827222	0.00021098566	0.02156162	0.036499597	0.001481948	0.010396762	0.015950378	0.0022000393	0.03307886	0.002773637	0.0021812995	0.0046113287	0.0022423943	0.00025299613	0.016127126	0.010391132	0.035460316	0.017669069	0.03992005	0.01300125	0.011164279	0.008331738	0.056835074	0.03995284	0.0017149547	0.0046308693	0.007886408	0.0046707937	0.0031605754	0.008014269	0.009944086	0.0062997052	0.02782718	0.0054219384	0.011203567	0.0064770794	0.0037475973	0.0010996812	0.06464625	0.051336665	0.0021103956	0.0061174408	0.011807893	0.0004581055	0.00032270886	0.002393097
ACC22-P19-LN-A6	0.0006854424	0.2832658	0.006179545	0.008600985	0.03382419	0.0008729284	0.011724938	6.99293e-05	0.022825064	0.0035143625	0.0009845542	0.01389614	0.014068619	0.0007700614	0.030797515	0.0055260817	0.0038184456	0.0024580306	0.002716877	0.0010927615	0.011085329	0.053202964	0.0672673	0.024646576	0.02182204	0.010499314	0.00814928	0.0040935855	0.02863763	0.006057042	0.0043155514	0.004802506	0.0018537716	0.04527674	0.0027596622	0.0056766355	0.007857998	0.0009536311	0.07262612	0.004335255	0.0110916225	0.0024097068	0.0020407178	0.0015784005	0.095268786	0.028880494	0.0016916615	0.0026033097	0.01786746	0.0006458599	0.0017568589	0.0005538694
ACC22-P19-LN-A7	0.0005088917	0.2501899	0.013191716	0.02489814	0.020904535	0.00081138365	0.0072476184	0.001427282	0.020075079	0.003397072	0.0031085766	0.012119707	0.010008407	0.00084948924	0.025210524	0.0076625813	0.001672243	0.002884967	0.005513639	0.00019671295	0.013986141	0.020401424	0.019729089	0.06066169	0.021306306	0.11864117	0.02130189	0.0024899447	0.0075233746	0.010192421	0.0032618255	0.0049397005	0.0047075134	0.009199801	0.002932632	0.010550172	0.010888362	0.0009780658	0.016465839	0.035141442	0.002238507	0.004198267	0.0018872303	0.015833488	0.060420506	0.05959615	0.0016789405	0.0014219026	0.035583805	0.0051880092	0.0036303562	0.001145456
ACC22-P19-LN-A8	0.00044367195	0.34609857	0.0021587287	0.021231338	0.01993239	0.016362399	0.009528404	0.0002450123	0.01722629	0.00405918	0.0022786544	0.0067383493	0.008765004	0.0010641647	0.024522424	0.01188691	0.0022665993	0.0040867445	0.0035110114	0.00025468587	0.023920903	0.028826693	0.021480387	0.05024373	0.02820685	0.03314258	0.007525723	0.0009916779	0.010467877	0.006820611	0.0004561878	0.004438434	0.008732746	0.0012111301	0.0034634143	0.0049048946	0.006751157	0.0016366543	0.010987434	0.0038939011	0.0019641672	0.001473344	0.008971143	0.0022828279	0.1137227	0.0763779	0.0019517734	0.0027612029	0.02441401	0.0015762598	0.0001578274	0.0035833095
ACC22-P19-LN-B10	0.0006997992	0.2644008	0.010056131	0.021307386	0.016361514	0.0008252124	0.017538961	0.000112974456	0.02827377	0.0039335573	0.0012023208	0.011161225	0.0150717925	0.00036066264	0.051271684	0.0033287941	0.0061219516	0.012232133	0.0028958048	0.00015743669	0.013958298	0.022031587	0.12301235	0.062848456	0.013520279	0.009434012	0.006548494	0.0049091876	0.011851976	0.011590645	0.0007664861	0.010151112	0.0019592275	0.004887245	0.003542622	0.0072310846	0.006893781	0.0011840157	0.023702763	0.002308513	0.0039908374	0.0014150501	0.006105097	0.0017261874	0.07447857	0.050840583	0.0028181167	0.0032648975	0.037161324	0.0017087155	0.004056741	0.00278787
ACC22-P19-LN-B12	0.0013238463	0.20231867	0.00524855	0.007705985	0.05586477	0.0022543934	0.010259891	0.0005853393	0.022718227	0.006575787	0.0012383922	0.01851827	0.009451978	0.0024491628	0.04755666	0.005940274	0.00746283	0.0039683543	0.0043971865	0.0004343298	0.024218304	0.026673809	0.04551458	0.040961448	0.019249657	0.0062029124	0.003887212	0.010349422	0.011915808	0.01137087	0.0016348737	0.008224626	0.0026475363	0.0028166224	0.005020651	0.013784542	0.0094965305	0.0010707774	0.031940773	0.00205557	0.0041187857	0.0015194302	0.011227671	0.0023228568	0.12313205	0.028730432	0.0019471543	0.004698208	0.10317758	0.004280805	0.0041267364	0.015408824
ACC22-P19-LN-B2	0.0012314661	0.22524759	0.0063884216	0.005141683	0.030723775	0.0008126385	0.013253543	0.0005437932	0.034462225	0.0050779027	0.0025029082	0.008914209	0.013397205	0.00066697126	0.042916797	0.0034315712	0.003923066	0.012163611	0.0050868755	0.00020474089	0.01987081	0.02892128	0.09382862	0.04906148	0.018236775	0.012796804	0.0058774697	0.01205092	0.009810984	0.017583348	0.003773848	0.009724305	0.0033924251	0.01109041	0.0029153335	0.006146631	0.0094826305	0.001603981	0.028320154	0.010714307	0.0039953	0.0015430663	0.0068812273	0.0025210825	0.13224447	0.03485652	0.0017950275	0.005240966	0.031140476	0.0016986802	0.0020231456	0.0047667054
ACC22-P19-LN-B3	0.00035183935	0.29208842	0.0054755574	0.016467642	0.052137095	0.0009915972	0.018208545	0.00022679544	0.016927507	0.0042952355	0.0028511703	0.0054169716	0.01186067	0.00059521466	0.07635318	0.0107483845	0.0023884824	0.0057249484	0.0045760595	0.0003613789	0.014994346	0.017014058	0.02369602	0.041250523	0.04733958	0.0066966685	0.0061310376	0.0016734676	0.032877233	0.0030210325	0.00061479426	0.01100744	0.008184941	0.0026922484	0.0027838654	0.009644332	0.0064905277	0.0014955577	0.011124094	0.0014219941	0.0023719158	0.0011210343	0.009932887	0.0065801125	0.087992355	0.07126109	0.0023937332	0.004025472	0.02860016	0.0012473604	0.0015473802	0.0047260984
ACC22-P19-LN-B4	0.00019069748	0.26030684	0.002857876	0.00871954	0.028905628	0.0008905605	0.007597444	0.000205433	0.013064648	0.00698289	0.0030864126	0.026940564	0.0062412117	0.0004319168	0.02778315	0.010325843	0.002148218	0.0067377943	0.005315087	0.00022994254	0.0168789	0.04326699	0.032977775	0.031122588	0.03713189	0.007379754	0.004797486	0.002020242	0.021630155	0.0048660114	0.00046964642	0.01021	0.002685011	0.0012058358	0.004493098	0.017047023	0.003120493	0.0012412111	0.017064339	0.0014167139	0.0032832592	0.0011970379	0.004637065	0.0009118138	0.118249334	0.042665172	0.024463246	0.002814754	0.109590225	0.0004802083	0.0004499783	0.011270967
ACC22-P19-LN-B5	0.00036032312	0.30320594	0.004515583	0.0063378215	0.010805675	0.0008737552	0.013246815	0.00016120948	0.013941654	0.0034633165	0.002388307	0.023811616	0.008836008	0.00038188536	0.030678289	0.022865154	0.0023918916	0.0047999914	0.003220677	0.0002482866	0.023814732	0.0070422827	0.022683442	0.07606552	0.012680927	0.021450764	0.011942347	0.00070022594	0.0049146926	0.012854247	0.0015722269	0.003557844	0.007362879	0.0049285097	0.0026925786	0.0084851	0.0060747876	0.0006356347	0.026854714	0.019365603	0.0037345206	0.0064457613	0.059655413	0.0035343005	0.071206875	0.058515247	0.0018803158	0.0016329555	0.027492158	0.021825762	0.008132434	0.0037310873
ACC22-P19-LN-B6	0.0008780954	0.24297585	0.026854886	0.009055519	0.018783418	0.0008494755	0.022694118	0.0004273794	0.03355023	0.003063049	0.0009282073	0.017135605	0.014343927	0.0014816028	0.024969557	0.004626527	0.009901541	0.0074480544	0.0051834527	0.0039158175	0.01387439	0.057628572	0.093701	0.046368036	0.0152048	0.0145756425	0.0038467993	0.0016996005	0.009627056	0.02020463	0.005761072	0.0051027513	0.0016179424	0.0054722186	0.012132661	0.011563231	0.006069795	0.0011530882	0.019866763	0.0037963889	0.00464753	0.000978744	0.0026814044	0.0021657	0.08758094	0.06786339	0.0012045916	0.0036759684	0.0244051	0.001794479	0.0034091305	0.0012601899
ACC22-P19-LN-B7	0.0005966825	0.20678926	0.0062303776	0.008019465	0.035773437	0.0008145096	0.0080444105	0.0006794253	0.012409692	0.0039350945	0.0035086893	0.008825352	0.021985251	0.00085286493	0.03815296	0.00340691	0.0039280937	0.0032499137	0.0042135813	0.00110161	0.064465456	0.010388884	0.027378405	0.036640894	0.015699165	0.036789667	0.024040299	0.013374214	0.006986566	0.007089321	0.0015657471	0.015722126	0.0019167064	0.0054884236	0.0065354146	0.011520279	0.016437467	0.0016181781	0.01938146	0.025599912	0.0021639585	0.010894258	0.014350284	0.0072080274	0.06660428	0.029151272	0.0024860934	0.0042326623	0.09726071	0.0134157725	0.005317112	0.025759459
ACC22-P19-LN-B8	0.00096192484	0.26010305	0.0055576465	0.008723174	0.010125925	0.00080375845	0.010064686	0.0006342238	0.01578743	0.0029858397	0.003470017	0.0046343254	0.005199058	0.00093702384	0.0341817	0.012254225	0.0023836084	0.0045410055	0.004608786	0.00021125002	0.04059915	0.012758173	0.044631377	0.02739424	0.011065272	0.03656314	0.003302347	0.0024224352	0.0063510966	0.008330128	0.0017733126	0.0032284341	0.0029789363	0.014762012	0.0028398137	0.0059292843	0.009887541	0.0011190162	0.0257866	0.0026542176	0.003098846	0.0012820303	0.07396831	0.002227076	0.10792821	0.0642025	0.007195625	0.0069259508	0.04630992	0.0038787662	0.001835093	0.028602498
ACC22-P19-LN-B9	0.0006386039	0.2649461	0.003679281	0.0050909035	0.04079933	0.00089479063	0.008552223	0.0013423252	0.010595285	0.0041322047	0.0019180664	0.009479054	0.0074294517	0.0018451492	0.025677327	0.01269541	0.0038079445	0.003906306	0.0031738968	0.00016104066	0.030953143	0.0319096	0.021485005	0.07683635	0.025262633	0.01588747	0.0047422005	0.0019914715	0.008693652	0.028754704	0.0005581856	0.00473474	0.003559673	0.0023132742	0.0022845746	0.00670898	0.006143979	0.0011202542	0.008332995	0.0031931668	0.0015522694	0.0018618063	0.014317387	0.0006669591	0.10519398	0.07515962	0.00140625	0.0031066504	0.0920711	0.0017251385	0.00033134242	0.006376753
ACC22-P19-LN-C11	0.002195699	0.2591903	0.012144974	0.0063770427	0.017857281	0.0010435793	0.012380545	0.0005043961	0.029099789	0.0044505014	0.003662173	0.0077177533	0.009222281	0.0021422836	0.05593233	0.0045608934	0.002520989	0.022631023	0.0042978358	0.00052089285	0.015845481	0.026727907	0.08697592	0.046966117	0.014049626	0.010686379	0.007883406	0.0075829825	0.009183978	0.0049366103	0.0032546113	0.007949594	0.0023193313	0.009039492	0.003201592	0.0056046373	0.0127216745	0.0017323294	0.027474103	0.0029816092	0.002964782	0.0017353822	0.007104577	0.0023654837	0.11750389	0.062985815	0.003276245	0.004619576	0.023182614	0.0016009976	0.00366438	0.0034262221
ACC22-P19-LN-C1	0.0008088835	0.35312787	0.0047589713	0.015127063	0.06433148	0.0010546839	0.009996041	0.0012796518	0.013827469	0.0042991797	0.0041117053	0.0042018425	0.010979376	0.0020515043	0.05922636	0.0019344327	0.0014350273	0.0030351875	0.003942542	0.00028955066	0.012066608	0.009227982	0.017130526	0.031316295	0.06554318	0.0054445416	0.006317175	0.00683893	0.02383208	0.009223836	0.00050261297	0.0062908633	0.0033856083	0.0045484295	0.003979714	0.008113365	0.006540962	0.0018236344	0.013224659	0.0018368744	0.002824951	0.0014641095	0.0053152693	0.0012924391	0.079942055	0.07235357	0.0045633507	0.006336193	0.026760485	0.00028324156	0.00041755772	0.0014401266
ACC22-P19-LN-C2	0.0002523596	0.31379542	0.0024678959	0.0022001017	0.016958943	0.00077389396	0.01146892	6.87076e-05	0.014660921	0.0030724132	0.0018540901	0.016437752	0.030369546	0.0001252721	0.028654331	0.0057776854	0.003188183	0.0018604827	0.0044027227	0.0006813792	0.018816765	0.06558718	0.011324941	0.049999166	0.0137452865	0.00619846	0.062386945	0.0016098385	0.006264806	0.017839294	0.0004823944	0.0023184011	0.009341987	0.001476513	0.0028409536	0.009284864	0.00622114	0.0011145024	0.016473012	0.0047449446	0.0010544983	0.012751453	0.0064221364	0.0056827096	0.06839913	0.048580833	0.0041086324	0.0031799856	0.07228137	0.0053336094	0.00012266412	0.004940541
ACC22-P19-LN-C4	0.0024360404	0.15468852	0.019254405	0.010277797	0.019402083	0.0009773361	0.026232231	0.0018369099	0.017678985	0.004048608	0.005767486	0.017674593	0.015695482	0.003020381	0.07548543	0.0050362824	0.012236139	0.012261997	0.004578486	0.0017606162	0.020910481	0.037598222	0.02828612	0.06838141	0.017947985	0.01142154	0.016188655	0.007108615	0.074488275	0.012528713	0.007078584	0.0059784786	0.007988768	0.0060051368	0.0076286504	0.011246566	0.011981489	0.0013034756	0.021150868	0.0046690595	0.028945265	0.002579082	0.012451401	0.00760019	0.046883374	0.050936833	0.0016355627	0.0038846456	0.044216197	0.0024879258	0.0027830799	0.0053556752
ACC22-P19-LN-C5	0.0025221594	0.24674204	0.022109851	0.0089073535	0.010782133	0.0009227346	0.013400331	0.00032763398	0.024222651	0.0036670992	0.0007548932	0.01895341	0.013768676	0.0015560543	0.05577933	0.017677007	0.010648476	0.009856386	0.0031568597	0.000163216	0.023061333	0.017058585	0.07081456	0.040133987	0.009106446	0.013079695	0.007774969	0.0018744392	0.006387456	0.003612544	0.004295426	0.0036945238	0.0010731631	0.007690986	0.008161026	0.011297582	0.011375807	0.00090586423	0.030273682	0.009100333	0.011019284	0.0024231698	0.007325038	0.0010747787	0.089364536	0.044753164	0.0018091837	0.003138754	0.071357585	0.008976532	0.0072432333	0.0048241043
ACC22-P19-LN-C6	0.0023351463	0.21364693	0.0063557317	0.013888857	0.017132897	0.000824538	0.017507449	0.001909853	0.021623172	0.028286912	0.006036415	0.0077468716	0.014505325	0.0013352662	0.04714852	0.012311305	0.011314494	0.008724791	0.0031545628	0.0003586245	0.009961904	0.061859436	0.038063258	0.059415195	0.01520144	0.006172586	0.010960169	0.0026533953	0.039357528	0.010496359	0.0055719973	0.0050962255	0.0034882773	0.0024185693	0.0039968356	0.008087111	0.0057257176	0.0011590633	0.036977593	0.0030157915	0.036549732	0.0051801344	0.0036899508	0.0050007487	0.07059973	0.07273146	0.012325637	0.0027980048	0.01929367	0.0012245497	0.001154928	0.00362528
ACC22-P19-LN-C8	0.00017268227	0.3949921	0.0017243398	0.0043613613	0.02710532	0.0009134297	0.006886556	6.512135e-05	0.009804502	0.010846767	0.0010795516	0.0029725076	0.010155095	0.00026906296	0.032037582	0.0008300976	0.0021365245	0.004895165	0.0023505965	0.0004728225	0.040152725	0.027903542	0.030674594	0.013971796	0.019107169	0.109927416	0.0061469087	0.0013561137	0.010400105	0.005663629	0.00029690049	0.005647737	0.0020560795	0.0051401183	0.0041479017	0.007495459	0.006732912	0.0016064965	0.012541244	0.0039995885	0.0013291762	0.0010510582	0.016206523	0.0032085096	0.083958805	0.027013907	0.002766801	0.0028115513	0.027366439	0.0006736111	0.00026798673	0.0043060645
ACC22-P19-LN-D10	0.00097595755	0.27516297	0.007867757	0.004983675	0.040214576	0.0009255766	0.008228472	0.00047308294	0.018550497	0.004508179	0.0033635986	0.01641087	0.022700595	0.0013534861	0.03981502	0.0039106538	0.002955006	0.003572179	0.0054481784	0.0002920967	0.029481266	0.020607784	0.015754553	0.06306328	0.03295045	0.012926327	0.03632501	0.005888848	0.0103978	0.016054504	0.00071744906	0.008813193	0.010107221	0.0027196629	0.005203409	0.01071108	0.006146107	0.0020796154	0.014371966	0.00710459	0.0021256774	0.0039214347	0.005058696	0.0017716396	0.08778795	0.06996882	0.0023071838	0.003536294	0.045523677	0.0012133186	0.00095828756	0.0026904764
ACC22-P19-LN-D11	0.00019217496	0.2715629	0.0065132263	0.009388023	0.054499716	0.0010047955	0.010001564	5.9932303e-05	0.02949157	0.0034467005	0.0006436972	0.04100684	0.009841899	0.00016805611	0.07489036	0.010441217	0.0014471884	0.004930373	0.0023223993	0.00014042456	0.026578045	0.0071843625	0.057637624	0.008618286	0.013387869	0.03291165	0.009889386	0.006519852	0.0052582505	0.020356797	0.002381146	0.01190868	0.0019885772	0.010166033	0.0033367323	0.008491835	0.012011047	0.0010790788	0.038918708	0.017153671	0.0043715746	0.0021514369	0.0036504616	0.0024457849	0.08294457	0.0123491585	0.004078277	0.002649608	0.04706006	0.006670912	0.002172157	0.0016854664
ACC22-P19-LN-D12	0.0004507004	0.30044279	0.0061676796	0.011521428	0.01757018	0.0008355489	0.009299339	0.00023661614	0.009958546	0.0041028247	0.0023237355	0.006286545	0.007666776	0.00045264632	0.031715903	0.0036408864	0.002121955	0.0050369385	0.0036208697	0.00028354517	0.025759736	0.022870652	0.018647093	0.059535187	0.0688795	0.011661058	0.0055003273	0.0010637575	0.019685661	0.008312658	0.002578346	0.005195583	0.0041041495	0.010782963	0.0026852915	0.0065465895	0.011831247	0.0016785066	0.008797887	0.0044120303	0.0019173311	0.0018402544	0.027625527	0.0013350005	0.0952712	0.07313709	0.0021216697	0.013153905	0.049797148	0.001906055	0.0024229314	0.005208251
ACC22-P19-LN-D3	0.00063076743	0.2747114	0.0029758704	0.006425519	0.018694857	0.0016048242	0.013449999	0.0002982703	0.021977773	0.004711719	0.0031101874	0.010052533	0.008545595	0.0011200357	0.055510115	0.012708356	0.0022028172	0.006020265	0.0032703714	0.00042618177	0.024550669	0.037475344	0.01335834	0.035859514	0.06014355	0.0097650355	0.008355717	0.0010692815	0.031400688	0.022250038	0.0015033848	0.0035118912	0.012770715	0.0034588024	0.002648689	0.005362478	0.0074913423	0.0010480043	0.017634843	0.009642194	0.0034217238	0.0022736008	0.009485981	0.0021539396	0.087058395	0.09200524	0.004218305	0.007983468	0.022866376	0.0013004739	0.000553396	0.008931204
ACC22-P19-LN-D4	0.00095146673	0.2981096	0.0026882277	0.019474156	0.023190282	0.00096897734	0.015431132	0.00042029796	0.013486648	0.0031934446	0.0029767263	0.008973349	0.012849778	0.0026228824	0.02597406	0.019099023	0.0025616554	0.0027064297	0.012466978	0.00026465242	0.03172433	0.024883196	0.023760065	0.04949568	0.029361652	0.009398125	0.0064498778	0.002730382	0.010467214	0.018380485	0.00062162714	0.008805246	0.003601408	0.002647979	0.004554315	0.00807428	0.009365317	0.0011270558	0.028164513	0.010041783	0.0017484918	0.0011779596	0.011944187	0.0015798381	0.0886369	0.049372125	0.0021793162	0.001976054	0.075914405	0.0015894807	0.0003846344	0.011432413
ACC22-P19-LN-D6	0.00030607654	0.3418605	0.0037189934	0.004089486	0.039731447	0.00097000715	0.016283032	0.00017750631	0.01800009	0.0037521042	0.002005686	0.015133571	0.009672943	0.00043745647	0.06796468	0.001092912	0.0015993686	0.007416509	0.004524451	0.0003062385	0.051019527	0.053333726	0.014374291	0.012703941	0.031930752	0.011656016	0.01648972	0.0015206707	0.007966818	0.014326201	0.000980551	0.007201657	0.0062512294	0.0025133283	0.010726602	0.01082067	0.010862173	0.0017175413	0.012336422	0.008639145	0.00278569	0.0020691	0.013381459	0.0058366363	0.07367449	0.037001178	0.0048206747	0.0045861285	0.023485128	0.0012013968	0.00031183477	0.004432333
ACC22-P19-LN-D7	0.0017298055	0.2219625	0.029920498	0.009379963	0.025994146	0.0011010363	0.01722363	0.00043622375	0.055426694	0.003924841	0.0014696344	0.006623259	0.009074205	0.0013442223	0.036918294	0.0076835738	0.007045313	0.007990108	0.0028236355	0.00016985471	0.009915482	0.035298776	0.15570475	0.060220066	0.0073547577	0.014388551	0.0042850017	0.0038098071	0.0062340866	0.0068756035	0.002404125	0.007400501	0.0008994472	0.006651872	0.0034649533	0.0037786511	0.009738367	0.0013188281	0.017496029	0.0013851519	0.0044085914	0.0017560621	0.0034506111	0.002234046	0.071902126	0.07394786	0.0028084775	0.006490023	0.021392202	0.00090480363	0.0016036464	0.0022353015
ACC22-P19-LN-D9	0.00027071324	0.3513058	0.0024484328	0.0032188932	0.038743928	0.0008983027	0.0067628687	0.00030405849	0.00951408	0.00369876	0.0008419829	0.007894155	0.029476143	0.0004962573	0.022506576	0.0051547936	0.00277288	0.0024067408	0.0029640342	0.00038822842	0.009139646	0.041175798	0.0193051	0.06817184	0.01762784	0.008911966	0.019978574	0.0048960694	0.009504731	0.008127204	0.0004853032	0.003338577	0.00084163586	0.0016146408	0.004036174	0.010827483	0.004387404	0.0034236554	0.024700489	0.003667852	0.0017131012	0.0033364785	0.004400264	0.00096422224	0.07101071	0.05815016	0.005296658	0.0019727973	0.09174351	0.00037836205	0.00013341445	0.004670746
ACC22-P19-LN-E11	0.00056929333	0.31739268	0.008362707	0.014293204	0.13978346	0.00093836343	0.008111926	6.783832e-05	0.020591324	0.0037025276	0.00032108004	0.009000549	0.009835499	0.00044545517	0.028571095	0.00560015	0.0024159618	0.0046538073	0.003864526	0.0007830214	0.014816837	0.05017246	0.053891588	0.014117748	0.017060278	0.013301516	0.00803818	0.0071941013	0.0092549855	0.0020472107	0.00085129536	0.00804642	0.0032458736	0.0041140863	0.002901995	0.008543572	0.006062758	0.0012013793	0.041430853	0.0028349455	0.0015474766	0.0015417878	0.0038256857	0.0007149219	0.08791944	0.010179837	0.0065776575	0.004011595	0.029353293	0.00065359735	0.0003849337	0.004857239
ACC22-P19-LN-E2	0.0013316339	0.26228124	0.004739703	0.017167231	0.038372107	0.000868826	0.012590353	0.0012893198	0.015310274	0.006964059	0.0029627779	0.015796194	0.012652909	0.0025797104	0.028537586	0.014337266	0.0051409067	0.0040092925	0.003758894	0.00039022943	0.010580996	0.08586944	0.024971355	0.054001052	0.015545568	0.009527648	0.010187696	0.004151437	0.013004844	0.00803548	0.0009171344	0.0067127473	0.0030011374	0.0024778536	0.02374218	0.012671343	0.00707724	0.0012116956	0.029489174	0.0030807478	0.005201387	0.0015722234	0.004035314	0.0018316221	0.059885558	0.06701671	0.0040611573	0.002614145	0.07199005	0.002092289	0.00050600455	0.0018563254
ACC22-P19-LN-E4	0.00052385416	0.27865416	0.005277199	0.009648947	0.0044447454	0.0009605945	0.008552438	3.263456e-05	0.023105983	0.0030020329	0.0009590174	0.03250844	0.007757462	0.0003755802	0.055350553	0.0068829665	0.0039448882	0.0029972743	0.03709988	0.01272134	0.020634962	0.0687242	0.021452803	0.035893243	0.0127909575	0.021504557	0.0037019951	0.0002915293	0.004169115	0.017324874	0.0023924233	0.003884814	0.0012301093	0.0020735352	0.002949828	0.005636489	0.009913871	0.00061104464	0.02461751	0.0055878996	0.0027284203	0.0030197706	0.0062175975	0.0020718612	0.11921449	0.049885113	0.0025171922	0.0029155265	0.046251304	0.0019923304	0.0012728433	0.0017279583
ACC22-P19-LN-E6	0.0019114529	0.25281796	0.0023184696	0.011541497	0.060660098	0.0009560258	0.008011335	0.00029955347	0.012324165	0.0048494786	0.004053582	0.004154752	0.007447687	0.0009278316	0.028577963	0.011218144	0.0038629845	0.005043131	0.005616201	0.00026304164	0.017960198	0.031567235	0.017287709	0.0758558	0.09718433	0.015620883	0.0058162403	0.005441593	0.030365357	0.012938741	0.00079348823	0.00743464	0.0061849323	0.0062801293	0.006440361	0.005829997	0.008995297	0.0016926891	0.011163583	0.0043720277	0.002065806	0.001664547	0.010322025	0.00311306	0.06728757	0.07586948	0.002552464	0.006259303	0.028205445	0.0022692685	0.0007854412	0.0035249623
ACC22-P19-LN-E7	0.0022651833	0.37322462	0.0020307715	0.011198157	0.08133361	0.0009321581	0.007636869	0.0011924328	0.014972115	0.0050623016	0.0013965269	0.007055296	0.008460451	0.0048554926	0.00881723	0.000595164	0.002881429	0.0056765294	0.004733104	0.0004018666	0.016225563	0.020465344	0.025948917	0.06559469	0.037193943	0.0057957713	0.009391681	0.0041393354	0.017327748	0.0138592925	0.00044185814	0.007159126	0.005522943	0.0023071435	0.0031325873	0.009135136	0.0028504462	0.0010656636	0.016962316	0.0014731467	0.0022134753	0.00090548437	0.009413499	0.0008866266	0.08006365	0.05111589	0.0038887085	0.0057683056	0.029756956	0.00096809864	0.000693655	0.0036118038
ACC22-P19-LN-E8	0.000556032	0.2998343	0.0037000503	0.01682492	0.019434338	0.0009090402	0.008889715	0.00013538628	0.014157538	0.004105999	0.0028610684	0.009318394	0.007438881	0.00030773363	0.062194195	0.005801019	0.0030672073	0.0044763987	0.0029373106	0.00028142435	0.02014037	0.030128174	0.013943484	0.06834715	0.06214616	0.009572444	0.007185658	0.0018947355	0.019914929	0.021884374	0.0018430597	0.003953072	0.0053330753	0.006057061	0.0037552626	0.010704491	0.009620643	0.0013363691	0.009887558	0.0058521926	0.0035895612	0.0016743767	0.015239703	0.0025376906	0.06644772	0.092132926	0.0022345032	0.0071879765	0.020829078	0.0017785961	0.0008199976	0.0047966903
ACC22-P19-LN-F10	0.00079694507	0.22293122	0.0035119732	0.015005384	0.070405684	0.0011558686	0.008305074	0.0014676611	0.008303197	0.003584714	0.0026101344	0.0049979957	0.018462595	0.00096549647	0.022836743	0.013052803	0.0022368496	0.0029654216	0.0029531128	0.00015999471	0.03755657	0.013970034	0.0155125735	0.033400297	0.050411996	0.026759364	0.013000519	0.012710547	0.020339137	0.006000588	0.0009359829	0.011100405	0.005783195	0.0044866046	0.0047439854	0.008316276	0.011430537	0.0013072127	0.010275417	0.0077625853	0.0019421546	0.018781425	0.043568972	0.0052353814	0.06139869	0.05322376	0.003000916	0.005471295	0.08152664	0.0039586346	0.0007671575	0.018612241
ACC22-P19-LN-F11	0.0008929018	0.24433659	0.00340975	0.0101537	0.021398723	0.0010883594	0.00998682	0.00032204957	0.010865124	0.004105978	0.0041447706	0.0066075847	0.015436304	0.003638816	0.045412008	0.005158825	0.0037120422	0.004719172	0.005488977	0.003031857	0.03417414	0.018653933	0.024016915	0.07715683	0.039104465	0.011260412	0.010751043	0.0033986245	0.015853282	0.014732905	0.000843523	0.008004924	0.008220417	0.0055764625	0.0046770074	0.0076550585	0.012157966	0.0012548376	0.02510015	0.0051458525	0.002589845	0.0025302453	0.0068442086	0.0022120695	0.09577791	0.06829225	0.0026300456	0.0039156796	0.076989934	0.00064542505	0.0010300697	0.004893228
ACC22-P19-LN-F12	0.00032219457	0.28511488	0.03860869	0.006000124	0.027589986	0.0015630571	0.009854734	0.00015731082	0.023122098	0.0033497675	0.0018531791	0.004290248	0.00977703	0.00044430222	0.039754692	0.009182244	0.0045563914	0.0081557995	0.0037891637	0.00022227045	0.013699165	0.037900586	0.07776111	0.050112862	0.008048556	0.03967755	0.006062316	0.002373822	0.005683279	0.003936717	0.0028831514	0.0063961972	0.002289563	0.006274949	0.003172065	0.006057718	0.010389782	0.0017191335	0.029539475	0.0035859866	0.0028499763	0.0014668533	0.0035877305	0.00270429	0.099960595	0.06027482	0.0031404172	0.0038877812	0.019389443	0.0026253809	0.003957659	0.00088291074
ACC22-P19-LN-F1	0.00034785518	0.33159027	0.007641644	0.021396847	0.043809738	0.0006428151	0.0052886247	0.00068115786	0.010119495	0.003258194	0.0017134666	0.0043270676	0.008210918	0.00075014844	0.020743513	0.011907274	0.004579801	0.0030122707	0.005597434	0.00029070218	0.028823324	0.020139648	0.019005224	0.09152526	0.029421668	0.03588442	0.0066444715	0.0022631658	0.009455136	0.012867347	0.00042274807	0.0039674127	0.0039267335	0.0033760443	0.002481379	0.004058568	0.009648048	0.0019181231	0.011005013	0.0036539745	0.0009847342	0.0009945806	0.020770278	0.0034510437	0.082605004	0.06609179	0.0014622868	0.0030019784	0.027592914	0.00046612762	0.00042661396	0.0057556527
ACC22-P19-LN-F3	0.0006184018	0.27644143	0.006716002	0.011471397	0.03380632	0.0007547838	0.009602451	6.138995e-05	0.00882676	0.0035985326	0.0010577771	0.009081234	0.013537032	0.00039762337	0.025278565	0.011312413	0.004692133	0.003912334	0.005022008	0.00020266033	0.03428508	0.03644092	0.049548082	0.04052348	0.028356956	0.0154346535	0.004531459	0.0010159324	0.014090198	0.015602276	0.00032154948	0.0069534	0.0029270796	0.004346425	0.0030316582	0.010711685	0.0044846274	0.0009557594	0.031054927	0.0014923733	0.002254341	0.0011959083	0.021181494	0.0016618586	0.12831542	0.04042615	0.0012896942	0.0030910766	0.06081684	0.00079908344	0.00073376094	0.0057345945
ACC22-P19-LN-F4	0.00036940002	0.23901168	0.005556349	0.026191566	0.053877983	0.0011092259	0.006491147	0.00082064373	0.016132437	0.0045545353	0.0059685432	0.01405242	0.015839979	0.0005720553	0.059570283	0.004852875	0.0021295832	0.004885845	0.004187164	0.00033712282	0.01566524	0.01733626	0.01993368	0.047024664	0.041572362	0.008034637	0.014390703	0.006128812	0.027139423	0.010678963	0.001114444	0.006724712	0.0038319237	0.007999476	0.0035277097	0.010005302	0.011113705	0.0017437426	0.018309183	0.0039123953	0.0060610967	0.0027443962	0.008734205	0.0018858517	0.08534678	0.103640765	0.0018010102	0.006735598	0.032151483	0.0019161721	0.000997426	0.0052870223
ACC22-P19-LN-F5	0.0010811744	0.2929602	0.00281107	0.0048485864	0.03721993	0.00098193	0.014275311	0.00062100944	0.0152991405	0.0044880966	0.0050978134	0.009221387	0.0100382995	0.0031831472	0.037844595	0.005151964	0.0035321594	0.0045937933	0.0061898846	0.0020944336	0.020082956	0.014282867	0.0124969585	0.045883957	0.05912023	0.009705137	0.011312249	0.003982362	0.03135541	0.015918834	0.0008676786	0.005737173	0.0276164	0.017705258	0.0047706356	0.011682747	0.008393065	0.0014011825	0.021152342	0.0030672383	0.0028230713	0.0012505173	0.010797104	0.0021542315	0.083942585	0.05217313	0.009310703	0.007045972	0.036706075	0.0015044473	0.0007383911	0.003485023
ACC22-P19-LN-F6	0.00038841742	0.26124987	0.004071279	0.020886581	0.045094427	0.00086739665	0.0070417053	0.0008199881	0.011790047	0.0037014817	0.0028302893	0.00786794	0.0061075217	0.0012597204	0.020777732	0.017054923	0.0033240623	0.0029016065	0.005041158	0.003661169	0.0177194	0.03978295	0.014140153	0.043248307	0.050939787	0.024915181	0.0052603344	0.0020421897	0.031585757	0.014788429	0.0005861584	0.014303598	0.0045569567	0.0028609624	0.0035007033	0.009960274	0.0069986936	0.0062144664	0.016571254	0.0061951224	0.001038056	0.001465629	0.006607754	0.0012772711	0.09693932	0.09506724	0.0039125276	0.012812004	0.027292514	0.0004753038	0.00020078378	0.0100035425
ACC22-P19-LN-F8	0.001400809	0.25838113	0.027325599	0.0019712183	0.010977737	0.0019367969	0.033139076	0.0016982362	0.034135956	0.0033818507	0.00486975	0.01607128	0.015806317	0.0016327413	0.048513114	0.0068595572	0.010617349	0.014646541	0.002389625	0.00025688912	0.011608505	0.05008499	0.1575697	0.035653505	0.0086771725	0.0052366364	0.0050780475	0.0024989247	0.009925227	0.008322291	0.0048742974	0.0062574893	0.0021559754	0.0068428046	0.002839178	0.0065612053	0.007916242	0.0013409815	0.022508273	0.0017300338	0.0116796335	0.0016725785	0.004343654	0.001771084	0.0550635	0.046185944	0.0016931598	0.003287361	0.01016172	0.0012529135	0.006263477	0.0029320468
ACC22-P19-LN-F9	0.00029449412	0.31352037	0.0069381557	0.008992894	0.06742822	0.0010129578	0.018029865	0.000849239	0.017143061	0.0052309744	0.0022582612	0.008942996	0.012421599	0.0006815365	0.018898748	0.004300253	0.0029554542	0.0069286297	0.00496731	0.00047054383	0.010072209	0.06474726	0.049473867	0.038754668	0.015798371	0.004917146	0.008508085	0.0051421635	0.027470823	0.002560087	0.0014264932	0.0090140365	0.0014125272	0.0064390083	0.0025463987	0.004872138	0.0043911627	0.0018814496	0.027397702	0.0024970723	0.0046320893	0.0009885287	0.010652624	0.013236355	0.08071076	0.07005183	0.0025433456	0.005775148	0.014977742	0.0007170617	0.0014073506	0.0027189148
ACC22-P19-LN-G10	0.00042849474	0.30527222	0.003479187	0.011426164	0.010938632	0.000835027	0.011083903	2.4232342e-05	0.021454426	0.002835389	0.0012819783	0.0063609076	0.01112597	0.00038552794	0.009745948	0.006893639	0.037344955	0.0018069664	0.003792578	0.00016239261	0.024926312	0.099266	0.09585845	0.02495097	0.010838385	0.0031367496	0.0031812002	0.00034053143	0.0063495543	0.012977426	0.00058778445	0.0045914785	0.0011145934	0.002506156	0.0036732433	0.005246437	0.005674482	0.0013307958	0.028930336	0.0011317204	0.0008905968	0.0009569773	0.007448353	0.00021606803	0.09332788	0.06129471	0.007298188	0.0060440074	0.03523354	0.00012210148	0.0001502492	0.0037262053
ACC22-P19-LN-G11	0.002685234	0.29004997	0.0028487267	0.0045049516	0.075736485	0.0009939	0.0058222604	0.00015076512	0.017046444	0.0041478965	0.0032376214	0.00616504	0.007172662	0.00085296243	0.023839293	0.0091475	0.0007364282	0.0023294508	0.004831817	0.000305993	0.018498747	0.013193796	0.01804325	0.050015293	0.064103745	0.032779228	0.0072736493	0.0054679755	0.030004825	0.010707578	0.001148287	0.0064450223	0.0053529637	0.008478515	0.0044812188	0.012510309	0.013459404	0.001497151	0.015650002	0.007729051	0.0014081761	0.0014883406	0.00595194	0.002741185	0.09668023	0.06719439	0.0035776375	0.004601301	0.022650106	0.00050290005	0.00048715688	0.0032712729
ACC22-P19-LN-G12	0.00066503766	0.23223129	0.007503337	0.014957	0.021865906	0.0009751622	0.0075128004	0.00020579103	0.01314897	0.0062635983	0.003764207	0.026796762	0.008759177	0.00073763955	0.052390583	0.022606587	0.009191729	0.005466517	0.0032248043	0.00029587932	0.01990487	0.040338192	0.031579822	0.07425863	0.027846871	0.01353249	0.009279966	0.0027387522	0.015194921	0.031140909	0.0009265507	0.004104939	0.008958953	0.0038510056	0.002046085	0.010487491	0.008191639	0.0015585069	0.022401957	0.0027128728	0.0026956345	0.0009975873	0.010294404	0.0053178472	0.061900504	0.06927723	0.0020512748	0.0077335094	0.06271445	0.0016463035	0.0014184023	0.0043346453
ACC22-P19-LN-G1	0.00073239504	0.17940539	0.005438208	0.028337996	0.027963538	0.00082578126	0.010550611	0.0033253164	0.012896927	0.0028776648	0.0029895047	0.0034131543	0.016976811	0.002495384	0.04270338	0.009944443	0.0041538104	0.006255381	0.0029572207	0.0015528639	0.020769391	0.011536873	0.039534826	0.04210675	0.007341144	0.1307532	0.005577188	0.01050647	0.01298164	0.010643803	0.004478059	0.010040062	0.0024744987	0.015335521	0.0028448442	0.025369437	0.0277454	0.010024936	0.018013638	0.019224482	0.0021430922	0.0039114435	0.02975285	0.021059783	0.034635246	0.027444862	0.0012388155	0.0050258655	0.026757179	0.008054057	0.008761158	0.038117744
ACC22-P19-LN-G2	0.00076107366	0.26555857	0.0049547125	0.010698187	0.030171424	0.00085016404	0.008436957	0.0003601437	0.016217476	0.0053000366	0.0031374253	0.008063576	0.0188	0.0010185987	0.027078472	0.0022943248	0.002880343	0.0053631556	0.0077367066	0.00036981027	0.012314866	0.028924592	0.021463871	0.05825052	0.054361608	0.005209561	0.0072755683	0.003655168	0.061485633	0.01042861	0.0014168585	0.0056411414	0.0047870916	0.004645217	0.003518967	0.0053942143	0.010528033	0.000974667	0.01421633	0.0020165832	0.008603447	0.016246848	0.005392838	0.0026136427	0.055272218	0.060944192	0.0011524134	0.091507606	0.019028388	0.000619743	0.0005583729	0.0014999069
ACC22-P19-LN-G4	0.0014672831	0.23153463	0.0026329586	0.009591455	0.04409318	0.00090521056	0.0077029252	0.00027790578	0.013543316	0.0040832967	0.0033866155	0.0063087754	0.0074251983	0.0025134133	0.034145944	0.0028553614	0.001670389	0.004839502	0.004817465	0.00031490912	0.014733124	0.025084693	0.030976117	0.04282693	0.05894222	0.006970278	0.0086402055	0.003077225	0.09820266	0.0074046333	0.0012181975	0.009047838	0.0068596117	0.00528737	0.0030224025	0.010488257	0.007230661	0.0019248491	0.018974287	0.002132851	0.007399033	0.0029296654	0.007930683	0.0022874498	0.10343777	0.072371215	0.00290027	0.008998904	0.03232639	0.00028351828	0.0005972674	0.011383726
ACC22-P19-LN-G5	0.0007524335	0.25025102	0.0041765636	0.009140534	0.026847925	0.0009336602	0.00659233	0.00050494063	0.013408593	0.004475912	0.013790249	0.0050508743	0.010465968	0.0010113006	0.032093685	0.014753139	0.007297192	0.0032978465	0.005106614	0.00042795477	0.010519782	0.069763914	0.02114373	0.06479813	0.06956313	0.0052306633	0.006284151	0.002861998	0.1007075	0.008000323	0.0011213877	0.00608322	0.0053667454	0.002869353	0.0037258808	0.0056558265	0.004858177	0.0012920048	0.010221383	0.0017912434	0.0051507894	0.0023083074	0.006753146	0.002770932	0.058537982	0.081860416	0.003863932	0.005937949	0.018016435	0.0009608555	0.0003872618	0.0012146303
ACC22-P19-LN-G6	0.0009850372	0.24658786	0.022999248	0.0015399685	0.010981931	0.0007279983	0.012974039	0.00023947438	0.03825839	0.0030404727	0.0016911767	0.025429178	0.013710895	0.0012237771	0.023058064	0.009932004	0.006062442	0.0048767724	0.004179057	0.04237679	0.008074474	0.07781831	0.06679542	0.054470927	0.008534076	0.008024997	0.0060909516	0.00082263	0.005430112	0.05148925	0.0032585883	0.0037865627	0.0018114406	0.0031665969	0.0020314457	0.0037894873	0.005209602	0.0007268586	0.025034709	0.0024185695	0.0036145838	0.0023083289	0.0043902425	0.0018501193	0.075127505	0.074892424	0.001172767	0.0019519025	0.021178454	0.0012508989	0.0017710492	0.0008321231
ACC22-P19-LN-G7	0.0012112618	0.24944858	0.0059048836	0.02190506	0.01965072	0.0008524654	0.006977077	0.0015029161	0.013979111	0.004501147	0.010723253	0.025343426	0.01745691	0.0015849536	0.06283789	0.01461357	0.004050151	0.0030064944	0.004869867	0.0017811748	0.024600103	0.022509385	0.013477536	0.047258463	0.030771868	0.010084473	0.029803604	0.006595951	0.012712585	0.0148411635	0.0017981421	0.006795961	0.0125991395	0.0048735803	0.0069707665	0.025451435	0.012255973	0.0015776611	0.016920533	0.0063960105	0.0025294276	0.0045290096	0.011024525	0.005539551	0.05934408	0.06716733	0.0018243024	0.004825657	0.054470263	0.0029287606	0.0017762051	0.003545713
ACC22-P19-LN-G8	0.0005670532	0.29999837	0.0061682514	0.016967874	0.03506487	0.0009662137	0.007175005	0.0004089465	0.01168965	0.0044599124	0.005276929	0.004126697	0.00999497	0.00050500775	0.057525903	0.003924131	0.0036618996	0.0031557127	0.005158714	0.00030003907	0.01971172	0.035632785	0.01421817	0.059266828	0.056689072	0.006015051	0.006727195	0.003112375	0.014844086	0.005375374	0.0013769642	0.009032792	0.00841114	0.0044852	0.0033410718	0.0050760717	0.009769747	0.0011881676	0.0069193244	0.0033341828	0.0019111034	0.001335654	0.028060544	0.0036642978	0.07126991	0.078326434	0.011954552	0.0063435156	0.032345094	0.0018374731	0.0006828567	0.010645046
ACC22-P19-LN-G9	0.0009180221	0.27880117	0.0068505397	0.0051912484	0.022762058	0.0009137588	0.018061372	0.000417632	0.017765762	0.0028832683	0.0016302483	0.0065560592	0.009172558	0.0015204116	0.010068559	0.004595397	0.0073202685	0.01008519	0.0059208013	0.00022872168	0.011803962	0.044265904	0.11368695	0.07652916	0.028047044	0.011691775	0.006284209	0.005735976	0.032953136	0.009460552	0.002503403	0.00559863	0.003009677	0.00945164	0.0036354319	0.013290952	0.0037554193	0.0011899935	0.015878605	0.0021289939	0.0052835573	0.0009082932	0.008762379	0.0024370714	0.06568186	0.05291591	0.0020557146	0.004090882	0.037727743	0.002424262	0.0027539348	0.002394029
ACC22-P19-LN-H10	0.0009860728	0.20264028	0.0062244893	0.008124864	0.019650511	0.00091677794	0.031557348	0.0014824045	0.045019478	0.0031023074	0.0067687687	0.012447641	0.028330851	0.0025433039	0.051809333	0.0013303037	0.025938723	0.008962708	0.0042725606	0.0003120639	0.007923575	0.01714774	0.03495004	0.043302175	0.006490832	0.009671659	0.008539674	0.0074750814	0.009644791	0.022164268	0.009091196	0.009404515	0.0079306625	0.001972565	0.0069827414	0.009779216	0.006548203	0.0012259991	0.023281569	0.004177081	0.0931265	0.004108539	0.0039951093	0.0023386115	0.05744537	0.052141283	0.018663974	0.0023819911	0.04884991	0.0026716653	0.0026518144	0.0015008262
ACC22-P19-LN-H11	0.0014549042	0.23897684	0.007824801	0.02637356	0.017023982	0.0009100012	0.0115398895	0.000626473	0.017719716	0.003574919	0.005102654	0.014315194	0.024762664	0.0013203309	0.06023918	0.00654207	0.0063579613	0.005639258	0.0024956472	0.0027823674	0.01519566	0.029823586	0.028098242	0.04066547	0.016407713	0.04000043	0.02250123	0.0052517527	0.009266131	0.0125675425	0.004037637	0.006846564	0.0041658157	0.010635845	0.0033354661	0.005501597	0.021408724	0.0014161927	0.015184077	0.042739015	0.00478839	0.018654836	0.00841061	0.008292848	0.06065225	0.048187435	0.001160797	0.0031507013	0.03000237	0.0155376615	0.008456652	0.002074363
ACC22-P19-LN-H1	0.00085315196	0.24378213	0.010508607	0.018301794	0.023222504	0.0009156651	0.016526189	0.00036577944	0.036261033	0.0041586147	0.0023039838	0.0124294795	0.014506364	0.0015785956	0.056981124	0.005918889	0.00959303	0.009765046	0.0027624741	0.0014157718	0.013791698	0.020480366	0.09923024	0.06699366	0.008040176	0.01170948	0.0068749357	0.010006433	0.005414018	0.022247344	0.0035296143	0.00872571	0.002332491	0.008741418	0.0036395881	0.005441167	0.013084625	0.0013132973	0.039532654	0.007393109	0.003955472	0.0035218562	0.0045749894	0.0018019613	0.0765974	0.043769993	0.002770221	0.0033774525	0.023454163	0.0012880138	0.0027334979	0.0014827595
ACC22-P19-LN-H3	0.0007574061	0.37402326	0.0024060933	0.0063118767	0.03692456	0.0010858118	0.009233163	0.0006965688	0.017488748	0.003598313	0.0040947204	0.009271229	0.012143018	0.0026071446	0.036103036	0.0031831316	0.003679027	0.0033394487	0.004321685	0.00031097067	0.015570388	0.01752583	0.021956474	0.037456363	0.043492846	0.03715373	0.015811509	0.001463814	0.016229434	0.004980445	0.00028969074	0.0075234515	0.014546532	0.002148406	0.0029977085	0.010308259	0.004563259	0.0014925727	0.020973006	0.0037086469	0.0018105337	0.0015013844	0.004663843	0.0014766416	0.093390666	0.042084564	0.0060332958	0.0038992944	0.027846666	0.0009182428	0.00014453188	0.004458676
ACC22-P19-LN-H5	0.0010491584	0.25646156	0.039877526	0.0051102894	0.018506251	0.0008558046	0.008943827	0.0005517228	0.019592006	0.0031325358	0.0026955402	0.023355825	0.00719966	0.00072706264	0.040870246	0.0046872026	0.0034592876	0.0045862603	0.0045851115	0.0020970195	0.016168999	0.00977423	0.018019602	0.05938132	0.011159802	0.14208843	0.010162378	0.0015933533	0.006553224	0.021399377	0.00096821785	0.0038462996	0.0024992758	0.0030525173	0.0061040954	0.010930511	0.012818146	0.0010134346	0.0054601687	0.008581294	0.002104542	0.003093417	0.0066307276	0.039297882	0.07471832	0.04467556	0.0013595765	0.0022144588	0.016713714	0.006127021	0.0016195592	0.0015267776
ACC22-P19-LN-H6	0.00032885867	0.29769984	0.0058698202	0.008341527	0.05032292	0.000830016	0.011418695	0.00028170517	0.027695028	0.0056271083	0.0017038091	0.005787409	0.009271083	0.00060226186	0.02089437	0.009597453	0.0062573105	0.0067703105	0.0035142796	0.00025184703	0.011312378	0.05306779	0.0516762	0.0612914	0.018900428	0.008585018	0.004643597	0.0077889734	0.015630102	0.024116497	0.0014554971	0.011077094	0.0016956729	0.0061052334	0.0026734627	0.004615412	0.0029519952	0.001434068	0.021863291	0.0010790142	0.0052225236	0.00059023406	0.0069480035	0.0017400827	0.09171258	0.07910901	0.0007814422	0.0050046816	0.01741378	0.00057034224	0.0023996977	0.0034788493
ACC22-P19-LN-H8	0.0007192641	0.2564163	0.0056531965	0.0045760116	0.03805125	0.00086779415	0.025499372	0.0001914494	0.02623436	0.0051166746	0.0030154276	0.011016877	0.018326817	0.000595327	0.029678285	0.014258744	0.0032033785	0.0123448325	0.012594281	0.00032875658	0.007923041	0.062205497	0.0416679	0.075899586	0.011358064	0.0076933713	0.005531251	0.0063457526	0.015620423	0.01274782	0.0076964945	0.009104061	0.0046541016	0.0054214387	0.00512694	0.00784056	0.0053538065	0.0009869821	0.03289228	0.0031921938	0.0124304015	0.00261016	0.0034275292	0.0019139148	0.08014832	0.06533297	0.0023334285	0.003999589	0.02629196	0.00074824673	0.0017571081	0.0010562746
ACC22-P8-A10	0.0015905278	0.23695137	0.01661449	0.008334837	0.016224105	0.0010622522	0.007694965	0.0008419064	0.026816936	0.004721507	0.0015466207	0.029494453	0.03310704	0.0019200746	0.05983499	0.004430802	0.0014465777	0.0028513386	0.003573346	0.0013884375	0.024980541	0.011600452	0.01780252	0.023495983	0.008597212	0.08488356	0.014090078	0.003235089	0.0061270697	0.010818244	0.003832527	0.0047598328	0.0014968188	0.0056276317	0.0035167527	0.011849655	0.020466184	0.0009848904	0.017500577	0.029242294	0.004546493	0.007668227	0.0070775035	0.008717152	0.071496665	0.031250756	0.007896106	0.0017396199	0.064148895	0.02523939	0.0027766686	0.0020879642
ACC22-P8-A2	0.0008028567	0.26301956	0.026989697	0.020633845	0.05984491	0.0009577112	0.009338424	0.00046772877	0.04710864	0.0033693144	0.0015222846	0.051316015	0.011436234	0.00052335736	0.056299195	0.005908635	0.0029298197	0.008456268	0.0045555593	0.0010915962	0.0089034615	0.037356507	0.06795804	0.0149831325	0.00828063	0.006904277	0.006789161	0.014704766	0.009624298	0.01729382	0.00741631	0.008329834	0.0014666587	0.003791846	0.0067165648	0.006048478	0.009811385	0.0014963002	0.031924825	0.00305993	0.020111209	0.004132956	0.0029115428	0.0014510846	0.070818424	0.013299675	0.004263107	0.004318809	0.02615841	0.001239969	0.0011723527	0.0006907158
ACC22-P8-A4	0.0004148776	0.31725132	0.03426126	0.013315279	0.026989909	0.00089176884	0.006923752	0.0005276049	0.018187098	0.0026085419	0.0007109405	0.024042862	0.0065146466	0.00060413155	0.051059507	0.0046392335	0.0014185705	0.0019713328	0.0027170526	0.00018256687	0.0260708	0.026016792	0.017161772	0.019625468	0.014531756	0.09719272	0.0051576677	0.00045292993	0.006362189	0.009825857	0.0024378067	0.0042265384	0.0013447158	0.0026935218	0.0034679784	0.0067885537	0.008562207	0.0009169084	0.013340484	0.006116008	0.0014948494	0.0014326436	0.0030901954	0.0021118794	0.14902395	0.021750875	0.0034076818	0.0017798161	0.025052344	0.0014989612	0.00047953633	0.001352263
ACC22-P8-A5	0.0023183702	0.24358377	0.0017192037	0.010251458	0.013131576	0.00080889097	0.07105252	0.0002449851	0.05719745	0.004637402	0.001136162	0.012594027	0.018161185	0.0005784598	0.027363472	0.004081187	0.012232595	0.12538166	0.0068162754	0.00018016658	0.0109401755	0.024175003	0.024374595	0.030128937	0.009154995	0.0052978685	0.012652662	0.0013824013	0.0074844137	0.0037090182	0.002454643	0.0036586178	0.0026871322	0.002338815	0.0038914818	0.007970382	0.004277309	0.0010217774	0.029404558	0.0018921004	0.016023979	0.0015246822	0.005215468	0.0022304459	0.0896186	0.032904174	0.0027791604	0.024319801	0.019907983	0.0014515582	0.00032404583	0.0013324454
ACC22-P8-A7	0.00037777945	0.26509315	0.010117622	0.03977881	0.01820097	0.0008972633	0.007136232	0.0014517355	0.010275411	0.0036552257	0.0014451143	0.024626082	0.0063457727	0.00047185423	0.036229704	0.010589951	0.0027737152	0.005920371	0.02964879	0.00018486811	0.0145784095	0.048001472	0.024755431	0.026469672	0.009248551	0.10037581	0.010860258	0.0017673197	0.007819639	0.01735695	0.00076287315	0.008671697	0.0023416097	0.004836673	0.0037346398	0.00816057	0.008275789	0.001093146	0.015077302	0.005774158	0.0020051517	0.0018802361	0.005374215	0.0030786123	0.109075665	0.042859256	0.0013719108	0.0026003283	0.03089896	0.0027070192	0.0010316066	0.0019347634
ACC22-P8-B10	0.008604521	0.28136486	0.010208616	0.015448937	0.030320842	0.0011914121	0.008625395	0.0009709579	0.02105645	0.0042753695	0.0024044	0.005302276	0.006098966	0.0057028886	0.024456685	0.004483367	0.0037168884	0.023131816	0.0039359056	0.0025740026	0.027666803	0.004520396	0.060985617	0.013426941	0.008976275	0.03992767	0.006618625	0.0052690217	0.0065035997	0.0027856638	0.010230391	0.0080530215	0.0021306898	0.008817232	0.069995016	0.004138992	0.01837847	0.0010740091	0.01739247	0.007517616	0.004282551	0.0013987024	0.022913758	0.009585945	0.064186335	0.0096712	0.0029826954	0.0024841381	0.027134707	0.037448157	0.024711981	0.0049167997
ACC22-P8-B11	0.00014430616	0.25396276	0.02845476	0.008252828	0.03507275	0.0009025753	0.01579446	0.0002124838	0.026633507	0.0026591602	0.0012968879	0.009988666	0.008826674	0.00037029127	0.010053875	0.01437455	0.004264433	0.009078885	0.0033032245	0.0002513993	0.010435754	0.061568223	0.13463713	0.05332881	0.015377422	0.006787858	0.0046375417	0.0016051836	0.023145244	0.008134236	0.0012139307	0.006384693	0.0020279367	0.004223997	0.0024746214	0.0062101814	0.0027328613	0.0012387662	0.023650292	0.0010814123	0.008257886	0.00068394054	0.0043225246	0.0009491444	0.07321407	0.058220595	0.00419839	0.024190472	0.018270947	0.00069053966	0.0009763693	0.0012304969
ACC22-P8-B1	0.0016990999	0.25899634	0.0028160817	0.012501078	0.042049468	0.0009396371	0.008509671	0.00018055653	0.035217457	0.0051000174	0.00030268112	0.028246816	0.017457083	0.0041455757	0.03393089	0.00070448295	0.002376727	0.0053950157	0.0033813345	0.0016879905	0.01715642	0.08175253	0.024830062	0.015446989	0.009113062	0.005987343	0.019522216	0.0031932695	0.00748387	0.01219638	0.001255541	0.005043539	0.007854053	0.0011290965	0.0069089774	0.019548252	0.003915107	0.0015270166	0.06251809	0.002563702	0.012162087	0.0016384698	0.0020394	0.0010564327	0.08131594	0.041799128	0.0072427886	0.002331792	0.07071141	0.0031605717	0.00017088559	0.0017875046
ACC22-P8-B2	0.0010013465	0.24957159	0.007618895	0.005310063	0.011680765	0.0011264973	0.023206519	0.0013994303	0.043537505	0.0029163824	0.00222698	0.011924475	0.027528493	0.0014740764	0.023674013	0.0055766082	0.0057387934	0.0069529503	0.007326096	0.00048305147	0.006697194	0.020033242	0.042468663	0.050725605	0.008300273	0.011276289	0.014145721	0.0014747996	0.018489845	0.006092724	0.004501504	0.0062251375	0.013830045	0.001869637	0.003091694	0.00517199	0.0036380163	0.001008505	0.034745164	0.0015460053	0.055985574	0.0027621493	0.004546281	0.005743054	0.078277595	0.034809157	0.004905679	0.03642639	0.0770085	0.0018235586	0.00058940134	0.0015160835
ACC22-P8-B4	0.0006108984	0.24889795	0.071674734	0.0029873727	0.017703807	0.0008789344	0.010640698	0.00029874992	0.01909104	0.0065864758	0.00066780986	0.034101147	0.014523321	0.0074959374	0.030312363	0.005423746	0.0019599916	0.0041820155	0.0046122884	0.00021792567	0.020386238	0.036916893	0.02825587	0.036153108	0.0091556385	0.014350532	0.010411889	0.006003285	0.0057581645	0.019900655	0.00090858445	0.0050035273	0.0010434075	0.002473389	0.0028374027	0.011810961	0.0070299623	0.0012973171	0.018387837	0.0045293136	0.0059223003	0.0035503954	0.0062064105	0.0014277797	0.09742802	0.049870897	0.006341451	0.0038451483	0.08843926	0.008143965	0.0011725627	0.0021706868
ACC22-P8-B6	0.007284858	0.21529916	0.018013103	0.02250445	0.015800912	0.0014835077	0.0079422435	0.000546437	0.013777309	0.009254964	0.0015744262	0.006149057	0.0062715686	0.008776934	0.011812976	0.00062933995	0.006209974	0.0024647894	0.005159675	0.001174282	0.017645072	0.032964215	0.014005236	0.01349703	0.013373408	0.0181316	0.0054798825	0.0029227575	0.0069812126	0.0059615234	0.0008375087	0.0034791694	0.008367895	0.004264332	0.0034123857	0.011106381	0.0047355504	0.0013637092	0.012289402	0.0019073624	0.0026974813	0.016610945	0.20993744	0.055837143	0.0759491	0.021500802	0.004355396	0.002781926	0.029552983	0.005932321	0.00044320812	0.029545603
ACC22-P8-B8	0.00061630126	0.2484492	0.026303314	0.012913375	0.0094188815	0.0011755965	0.009692106	0.00019836647	0.015530418	0.003677731	0.0064597037	0.011095251	0.012736644	0.00043084662	0.046269905	0.008368631	0.008609234	0.009913792	0.0030126525	0.00017249396	0.016771954	0.04312839	0.033599615	0.029813537	0.006333116	0.10299857	0.008646942	0.0005818182	0.0040070517	0.005756839	0.00161883	0.0034933973	0.0026776565	0.007013601	0.0027552603	0.008209717	0.007498066	0.00089983735	0.009084173	0.006270702	0.0026097542	0.0009516525	0.02159646	0.08883507	0.07311643	0.026346061	0.0013124177	0.0014334378	0.021241205	0.0071815127	0.0077048484	0.011467634
ACC22-P8-B9	0.0013867858	0.16068365	0.0074166376	0.0062111877	0.026008539	0.001847072	0.01977115	0.0008245384	0.03464236	0.0039037322	0.0025100184	0.03976395	0.033072963	0.0010415437	0.040580053	0.0045390767	0.00931362	0.01069597	0.009895191	0.00041692305	0.01031475	0.03207609	0.042247865	0.052635502	0.005600316	0.01292239	0.037152745	0.0024699213	0.005398586	0.013814131	0.0054896045	0.0124860015	0.0030791757	0.0055997088	0.0077464217	0.011785401	0.007914276	0.0009018996	0.04657051	0.0057174508	0.026324447	0.018226674	0.0076348055	0.0031964544	0.081006266	0.032718115	0.004313983	0.0022856358	0.06940729	0.013671136	0.0025700247	0.0021974582
ACC22-P8-C10	8.520112e-05	0.31066892	0.0031178857	0.0033295497	0.04008015	0.0007300753	0.057270773	0.00011636574	0.015113084	0.00253087	0.0005326041	0.0045092124	0.024842234	0.00017443173	0.009083561	0.0034642085	0.018490007	0.09350729	0.00468834	0.00010479446	0.009108348	0.035668783	0.008823795	0.017110772	0.010949401	0.0033746955	0.0057533314	0.0005374498	0.006854226	0.01467941	0.0018899891	0.0031407669	0.00093792	0.012688459	0.0026411472	0.0046690307	0.002328937	0.0017559401	0.017547283	0.0004574294	0.067638986	0.0009612652	0.0054449746	0.0007565044	0.10397755	0.02375039	0.006038828	0.006808024	0.027443884	0.000944001	7.5923876e-05	0.0028030432
ACC22-P8-C11	0.00045069482	0.2543307	0.0055087963	0.01138831	0.020551996	0.0009427523	0.009822871	0.00016493766	0.029564945	0.003958987	0.001954254	0.03773126	0.010381982	0.00062952645	0.044788763	0.009492168	0.0040125684	0.0037512763	0.0037693419	0.0002621653	0.019145578	0.02667471	0.03749725	0.02380237	0.0094935745	0.0330512	0.0054294923	0.0024636835	0.0062943012	0.017356105	0.0053596753	0.00566515	0.0029349825	0.0062166955	0.0051601836	0.013067495	0.013261468	0.0034769229	0.0350497	0.01241662	0.0033958445	0.0018419676	0.005861575	0.0022286891	0.13428968	0.03493887	0.010894706	0.0022224514	0.05405843	0.007207287	0.0042675845	0.0015175858
ACC22-P8-C12	0.0003157198	0.22461542	0.007966112	0.0045017083	0.010296401	0.00091658946	0.014557661	0.0012291456	0.042658404	0.0038449713	0.0005352927	0.0476132	0.07281857	0.0011026928	0.04267262	0.0014223641	0.0072887097	0.007362812	0.0037270032	0.00017728859	0.01010727	0.035187464	0.03025456	0.03226137	0.0042481273	0.011020686	0.011181436	0.0027953174	0.0028812923	0.016898839	0.0019386495	0.005482104	0.0027298327	0.0017498918	0.003913417	0.014571754	0.0033068003	0.003858436	0.029968062	0.009670554	0.015241094	0.003339116	0.0054257396	0.0021236634	0.109637864	0.029890765	0.0034168889	0.001719017	0.092119455	0.0041209618	0.0008984135	0.002418338
ACC22-P8-C2	0.008319095	0.22127675	0.039129708	0.0019002475	0.0036532755	0.0009170862	0.015599872	0.0009240063	0.040169142	0.003913874	0.00087656657	0.005788541	0.007882994	0.0020442868	0.020708822	0.009781698	0.036189843	0.014707699	0.002619213	0.010427336	0.007692256	0.03834115	0.11567092	0.0316517	0.0053716316	0.026336214	0.0042082956	0.0007319313	0.010855005	0.006547669	0.0063749454	0.0019372983	0.0015011677	0.012733714	0.0020666912	0.0027546359	0.006906533	0.0009209086	0.011156622	0.003809818	0.008849934	0.0011006916	0.052604113	0.007941108	0.060617592	0.038022906	0.0008658712	0.004983062	0.008380978	0.014288401	0.05468369	0.0032624896
ACC22-P8-C3	0.0009154569	0.24382985	0.0077035055	0.002499689	0.006218419	0.0017843976	0.06442017	0.00024088428	0.022498535	0.0051217545	0.0005896141	0.0101710195	0.031021418	0.00078485545	0.021125088	0.0117131155	0.021078797	0.16150203	0.015578243	0.00022856808	0.009412961	0.07410088	0.03352839	0.01496585	0.007805563	0.0052533615	0.004277307	0.00086130167	0.00444188	0.0067260824	0.0054833097	0.00399957	0.0017602234	0.00977091	0.002269141	0.005176754	0.004114597	0.0024142375	0.014029167	0.0012715941	0.019292738	0.0013007021	0.004306707	0.002074896	0.0719573	0.025566742	0.0024520496	0.002139941	0.023067089	0.0020785816	0.0015482665	0.0035265312
ACC22-P8-C5	0.0009058856	0.21471033	0.004061981	0.013989239	0.013573045	0.0009998414	0.014522592	0.00064836774	0.05654428	0.003197278	0.0029008724	0.04505897	0.020255174	0.0010670341	0.06256926	0.005550847	0.020858396	0.007175558	0.0022414504	0.0003537383	0.011698743	0.08293204	0.021848124	0.019260181	0.00658244	0.0074635916	0.014981778	0.0013649821	0.008214905	0.0132867815	0.007344942	0.0049337246	0.00520349	0.0018696106	0.005395893	0.012031337	0.008677939	0.0008631542	0.039977696	0.0031298895	0.05614187	0.0019565364	0.0028186142	0.00273148	0.10582941	0.02572044	0.0035005326	0.001946372	0.02589743	0.003154383	0.0013475763	0.0007100245
ACC22-P8-C6	0.0014799145	0.1604028	0.023160862	0.01301905	0.009985833	0.0016597452	0.014022958	0.001968165	0.030219546	0.0031081717	0.004496198	0.024545772	0.008021924	0.0051905327	0.08392494	0.022335492	0.0016935124	0.004042199	0.002306857	0.0005004317	0.017497981	0.011998681	0.029381927	0.012851789	0.0043367604	0.15478419	0.0074176425	0.0012266216	0.004020205	0.014461371	0.003268169	0.0052220398	0.002686682	0.007959459	0.0061023077	0.005242741	0.017028496	0.001104163	0.036198314	0.0090969205	0.0036249282	0.0034854996	0.0041124877	0.027429096	0.14245863	0.018619452	0.0036960088	0.00195795	0.020344524	0.0042211055	0.0009940482	0.0010848984
ACC22-P8-C8	0.00029622312	0.26582894	0.018491311	0.0068493783	0.010068552	0.0009300626	0.043629974	0.0002000316	0.027377363	0.0031788205	0.0017897836	0.028117178	0.014627954	0.00043335932	0.053186953	0.0026345218	0.017735666	0.024993554	0.0022805547	0.00021858746	0.013231512	0.044190515	0.034902822	0.016065812	0.007416859	0.009873428	0.0050979587	0.0013091576	0.007328	0.022488834	0.0074909013	0.009439394	0.0026401754	0.0037713437	0.0042055734	0.006416363	0.014745539	0.0013125774	0.016971452	0.004375507	0.09324371	0.0021513314	0.0028477106	0.002553795	0.07197338	0.027163373	0.0030443163	0.0023177383	0.033713367	0.0017246192	0.0018699372	0.0012542972
ACC22-P8-C9	0.0009600986	0.24009849	0.007864938	0.0044621127	0.04829407	0.0007416937	0.010721044	0.00024247017	0.024954457	0.0041317865	0.00081874745	0.02532259	0.012155311	0.0013260394	0.029323544	0.00059597474	0.016420828	0.004152627	0.008707286	0.00023169832	0.020862987	0.05416207	0.027020592	0.031049572	0.009246948	0.014719563	0.007815281	0.004367253	0.004285375	0.017353425	0.0010983782	0.0046345233	0.0021111653	0.0015590859	0.0028352337	0.013328332	0.005807909	0.0009987354	0.033251014	0.0034225292	0.0067618126	0.001486872	0.010282818	0.00090061256	0.11710765	0.022284316	0.0027826952	0.0024740228	0.12841968	0.0029702527	0.0003517594	0.0027217818
ACC22-P8-D10	0.00031532298	0.2628345	0.011747977	0.017536962	0.02369492	0.0007395252	0.01013775	0.000509104	0.021279713	0.004941506	0.0012445772	0.017877532	0.01425418	0.00047707543	0.024568714	0.004359089	0.008282273	0.006224849	0.0017616414	0.00011471734	0.020663386	0.08900423	0.17730312	0.012157015	0.0081749875	0.005686616	0.0054226806	0.0022887958	0.009415145	0.007569553	0.004035676	0.0033541282	0.0015529116	0.003139496	0.0020425373	0.016015286	0.0077706706	0.0050324555	0.037220642	0.0018528769	0.012754068	0.0015473191	0.006182961	0.0014460592	0.060722016	0.0168003	0.006681984	0.0019830728	0.025145685	0.0009943766	0.0012438521	0.011894121
ACC22-P8-D12	0.0013417519	0.2271033	0.00644632	0.024388481	0.021453634	0.0008748985	0.022644117	0.00010159004	0.058405075	0.0035969608	0.00082116405	0.02831144	0.013061165	0.00035263872	0.024907423	0.00871019	0.026591243	0.015186226	0.0025955555	0.00019125344	0.007790724	0.062644996	0.061621916	0.028110368	0.0077855247	0.0075723156	0.0030159496	0.0021201428	0.010502821	0.013786825	0.0049186423	0.0062129847	0.0017353463	0.004045602	0.0064758463	0.009634661	0.00357201	0.0009010144	0.027120486	0.0026354815	0.03627928	0.0015762789	0.002659594	0.002697778	0.10974724	0.027694276	0.0049501816	0.0032247077	0.04848511	0.002091957	0.00039953217	0.00090605376
ACC22-P8-D2	0.1709436	0.15932716	0.034846548	0.02491864	0.0134451715	0.0012900853	0.009072002	0.0018174682	0.01646444	0.0036025767	0.0042612324	0.0342286	0.007710684	0.048512354	0.015491456	0.0029096047	0.0017577455	0.0054645813	0.0024201686	0.0068800193	0.01676266	0.0081907045	0.018942049	0.00965287	0.013526329	0.1073174	0.008419288	0.00394774	0.011718718	0.006522217	0.0033860467	0.01377098	0.004190138	0.013345867	0.003183367	0.009014775	0.019891307	0.0020814138	0.0127051715	0.028584495	0.0038251998	0.0059297727	0.008970029	0.020497564	0.024832122	0.0092077935	0.003290783	0.0043990687	0.015982687	0.010385139	0.0046685883	0.0074935914
ACC22-P8-D3	0.00041760886	0.24687307	0.0058030807	0.015012563	0.071037315	0.0009758421	0.01456297	0.00034107236	0.038963046	0.008893467	0.00039316426	0.035458993	0.02661266	0.00034447864	0.012141794	0.00013955508	0.009219949	0.005906001	0.002415069	0.00021333413	0.010869658	0.006790199	0.035730466	0.011002803	0.0054345857	0.011894642	0.018156568	0.014376824	0.0060988003	0.039978288	0.003177743	0.0032183947	0.0031008474	0.0036279666	0.0034277576	0.009783456	0.0034937998	0.046456356	0.04318971	0.005042961	0.010146423	0.0016407898	0.0037495769	0.0006523364	0.097975165	0.007019585	0.0035677014	0.0014100919	0.08316095	0.006094562	0.0031916993	0.0008142811
ACC22-P8-D4	0.00054548425	0.22826108	0.030169351	0.025615683	0.0070044976	0.0008599774	0.009269876	0.0015776672	0.007173262	0.0070292777	0.0026843958	0.0057446435	0.12802863	0.0015852061	0.017130498	0.004124279	0.0077585126	0.035157096	0.020625962	0.00030707856	0.0076457923	0.051149048	0.009932337	0.032338005	0.009785602	0.0097616	0.023160318	0.0015602288	0.013337736	0.004704198	0.0010893262	0.0069779577	0.0035186433	0.0028965876	0.03865947	0.0107781915	0.004637183	0.0037980261	0.009961901	0.0009844931	0.019900888	0.009431288	0.02167384	0.009046226	0.053913664	0.033149943	0.00477508	0.024198387	0.027311023	0.0046375403	0.0004735537	0.004159523
ACC22-P8-D5	0.00092130067	0.21487518	0.01775002	0.011165789	0.014994966	0.04491646	0.015063941	0.00038899435	0.0315038	0.02311793	0.0016619371	0.033197835	0.015413161	0.0016298871	0.03162015	0.0054609547	0.004454481	0.004995594	0.0024777846	0.0052484493	0.0063784	0.066678986	0.06668387	0.06087728	0.005564914	0.007880969	0.005552652	0.00089833426	0.0057517486	0.03542877	0.0039036816	0.004970166	0.0011075801	0.003977028	0.0035725774	0.0072207623	0.008259383	0.0007099985	0.03803593	0.005507698	0.004813978	0.001532753	0.005261321	0.003821625	0.0837052	0.03752335	0.0054429527	0.0026031863	0.029193914	0.0021402226	0.0013597058	0.0027824375
ACC22-P8-D6	0.0025232774	0.26620644	0.025402451	0.038731456	0.011444231	0.0010059492	0.013679772	0.0002476272	0.022339424	0.0032731807	0.0016212965	0.025859341	0.014235638	0.0021724417	0.052877076	0.007199621	0.0028882623	0.0030751815	0.0016040646	0.0012494234	0.02965086	0.025127629	0.029980967	0.03430888	0.0126437675	0.018407878	0.011414465	0.0011782034	0.010801583	0.012755388	0.0035901903	0.0048394185	0.002962365	0.0036925627	0.0062000146	0.008278596	0.021678733	0.0009612655	0.030548329	0.011781993	0.0037154139	0.0022345446	0.006234224	0.008349927	0.083257094	0.046808608	0.0030949188	0.0032832632	0.04868225	0.011987201	0.0026082385	0.0013051959
ACC22-P8-D7	0.0003795947	0.22232437	0.005882063	0.008335966	0.02512801	0.00094882306	0.009114261	0.00054592045	0.028247643	0.005051676	0.0015009933	0.03742674	0.061389763	0.0007285999	0.039896913	0.007618347	0.0039526606	0.003594725	0.002627181	0.00023778931	0.0147313895	0.02796818	0.028053068	0.051408894	0.0064491774	0.0073297964	0.024347302	0.0028075757	0.0040533203	0.010035503	0.0017442218	0.009148165	0.0014996771	0.0041026347	0.0051648	0.009168804	0.0074416758	0.0008893558	0.04378484	0.010699466	0.00648229	0.010197827	0.002002964	0.0025876036	0.11819028	0.02543602	0.0033942508	0.0021061841	0.08838792	0.0037531897	0.0008484709	0.00085305393
ACC22-P8-E10	0.0002159795	0.27696946	0.010245992	0.0061954875	0.009776932	0.00090777787	0.045611236	0.00027274576	0.049860734	0.0038923053	0.0008093648	0.014690903	0.04363958	0.00014543203	0.047230408	0.001699746	0.0055551636	0.0085735805	0.0026712695	0.0018528863	0.008886544	0.05919164	0.086721145	0.021789055	0.010388247	0.005012446	0.006043088	0.0025382661	0.008423253	0.013235659	0.0031418265	0.0050641224	0.0010459251	0.0069160494	0.0031536801	0.0033084597	0.007981796	0.0008682666	0.04479746	0.0024590937	0.007138425	0.0027159867	0.0032524378	0.0015374582	0.08490326	0.036360756	0.0018297419	0.0021920134	0.022704868	0.0023601411	0.0014592119	0.0017628508
ACC22-P8-E12	0.000108764085	0.32876787	0.012224038	0.022154968	0.014504899	0.001131928	0.015506765	4.333017e-05	0.026407106	0.0027245977	0.0004601274	0.022277147	0.009749254	0.000106771	0.030441463	0.0015589033	0.008887813	0.002713587	0.0030737445	0.00021227144	0.016387677	0.019708592	0.03773086	0.01981595	0.007181047	0.094978325	0.0042643254	0.0008569209	0.0039035755	0.013397763	0.0019764125	0.0049985275	0.0011338486	0.011452043	0.0039027035	0.005185559	0.0072829267	0.000744873	0.013354976	0.042409662	0.0021120626	0.0013440927	0.0048903544	0.015529634	0.08892801	0.011403989	0.0020208384	0.001323406	0.034841627	0.016009957	0.005870094	0.0020039529
ACC22-P8-E1	0.00066014787	0.24526937	0.008897126	0.0062959935	0.03390278	0.0006774836	0.011399697	0.00022409801	0.014242155	0.0019164307	0.0007274816	0.01357694	0.0074746925	0.0012383094	0.017400188	0.0012926543	0.0018224847	0.002279963	0.003645288	0.0012533301	0.016876573	0.010565875	0.016130364	0.010117018	0.008616387	0.018230414	0.0029990773	0.0015119439	0.0031432346	0.0068196133	0.0003703292	0.00586834	0.00087310746	0.089281194	0.0045778444	0.006703442	0.0035122691	0.0015122169	0.008498261	0.005695742	0.0013383293	0.0009145745	0.25413007	0.008375764	0.051777173	0.011289824	0.0069147516	0.0012873653	0.027833592	0.0156070385	0.0008897889	0.02354167
ACC22-P8-E2	0.00050308317	0.25286376	0.0037468392	0.011575411	0.016285492	0.0018180654	0.02051454	0.00017415211	0.039135523	0.005961611	0.0021727155	0.039695054	0.02238953	0.00029256742	0.021483166	0.0027041892	0.0033979907	0.013547127	0.0017739123	0.00035212957	0.007960197	0.062462915	0.04523652	0.011045886	0.008289471	0.0070952135	0.008386676	0.0015043278	0.011407769	0.020177903	0.0039068446	0.012179129	0.0030549965	0.0020819188	0.00378703	0.0128368	0.0039674314	0.0043436163	0.08494705	0.0018175208	0.030188702	0.0012380905	0.0032768091	0.0015967588	0.111213066	0.031471565	0.011751125	0.0017719724	0.026647873	0.0007605333	0.0009852785	0.0022221773
ACC22-P8-E4	0.0004883728	0.2560288	0.003330313	0.0062353723	0.013184922	0.0009465983	0.025546364	8.913733e-05	0.041293718	0.003118512	0.00082637824	0.082144745	0.029784994	0.00030589325	0.038046677	0.0074026543	0.0070814667	0.0088510215	0.0028339878	0.0018187186	0.008215599	0.06380741	0.027073577	0.04135947	0.0066803494	0.0028329839	0.009893168	0.0012265383	0.006890168	0.02212914	0.0030704741	0.0019299196	0.0048084236	0.0012356377	0.002852387	0.0056873513	0.006071781	0.00090581604	0.035412516	0.002233339	0.040275518	0.0031962702	0.003575764	0.0012446837	0.09256268	0.034636993	0.0023210442	0.0033684038	0.02838983	0.0033301362	0.000875218	0.0025486525
ACC22-P8-E6	0.00063200295	0.262873	0.008911827	0.0016348533	0.006987656	0.00090922596	0.023448031	0.00064484024	0.03579038	0.003498592	0.001550393	0.016635345	0.018666249	0.00066836	0.03126293	0.0031060635	0.026184203	0.016155526	0.0052565653	0.0002488778	0.010063446	0.03839556	0.04080936	0.043077487	0.009060586	0.012757591	0.009867174	0.00022897375	0.01266261	0.009742997	0.0075828093	0.0066710296	0.0041629747	0.0034821692	0.0068830694	0.011455942	0.0033771663	0.0027041074	0.047442824	0.003509294	0.043888457	0.0011428097	0.0024608031	0.0015385129	0.10296141	0.037542548	0.0027764759	0.0068541043	0.04793983	0.0011844547	0.0008305303	0.001877914
ACC22-P8-E9	0.0014483265	0.25025427	0.01725158	0.008298384	0.00945295	0.0010466209	0.009792579	0.0010720827	0.023454322	0.0041541206	0.0037310922	0.009773149	0.012377589	0.001357736	0.11228553	0.0019393151	0.0059403367	0.006533529	0.004019504	0.00030751448	0.019891402	0.057800766	0.03593417	0.015944308	0.0075963764	0.09462977	0.009540717	0.0010402562	0.008238867	0.0059936363	0.0031935216	0.008863087	0.0025261478	0.0042159213	0.0034134926	0.004159991	0.015791615	0.0012474969	0.0147314435	0.0104350895	0.0037235862	0.0029025674	0.004331313	0.015323599	0.09846146	0.03473149	0.0029941027	0.0020878578	0.015382906	0.0020559088	0.0050434144	0.003283247
ACC22-P8-F10	0.00019471483	0.31156778	0.00898532	0.00618043	0.008462217	0.0008490624	0.0231278	0.00022957122	0.02434455	0.0023725617	0.0038185008	0.023095496	0.022855379	0.00022127201	0.05071902	0.0048102597	0.004439547	0.0048883045	0.0037566854	0.0002956983	0.011448693	0.042136777	0.019103633	0.030892722	0.015094568	0.009422662	0.0148493815	0.0014016224	0.011017835	0.007858772	0.0030263374	0.00645909	0.0038697708	0.0017595723	0.0035335636	0.00985326	0.005219767	0.0013729415	0.04064083	0.0048801396	0.0073021688	0.0021274474	0.0028294043	0.001104356	0.091617025	0.038543206	0.026485004	0.0024997906	0.07147618	0.004560045	0.00056928827	0.0018300478
ACC22-P8-F11	0.0007549214	0.24221244	0.047429617	0.016675679	0.008440644	0.00079795707	0.011686423	0.00021713017	0.019356068	0.0031559395	0.0009922006	0.027343318	0.019473566	0.00084366347	0.08700063	0.0007097652	0.004859854	0.005421053	0.0026368666	0.0017446144	0.016265672	0.02148525	0.015721004	0.039011322	0.0066394187	0.09440286	0.0073467526	0.0006062271	0.0067389426	0.011789479	0.0021247682	0.00783851	0.0011477604	0.0025660426	0.0043581454	0.0074655227	0.012093391	0.01375038	0.023433654	0.007182092	0.0045337314	0.0022958638	0.0035412407	0.011757381	0.1050832	0.029413052	0.0025773456	0.0021155023	0.025063831	0.0066180923	0.0023866538	0.0008945923
ACC22-P8-F4	0.006503386	0.12500228	0.0005594957	0.020391908	0.2897273	0.000755092	0.0072592027	0.00043567616	0.013476063	0.0011343024	5.2334937e-05	0.028572707	0.013799634	0.0003659212	0.0029915578	0.004528858	0.0023610787	0.023394864	0.00080576027	0.00014091989	0.009267423	0.010955226	0.039924175	0.004003485	0.008578813	0.0055137356	0.0030943202	0.013917045	0.008443782	0.0020753392	0.00076864345	0.010966577	0.0009245536	0.0035861006	0.0005896633	0.0026548286	0.0009136861	0.000791632	0.03271202	0.0023175385	0.102266334	0.00047320803	0.002893108	0.00014324134	0.10270955	0.0050588613	0.009432948	0.000976759	0.05603563	0.0014955133	0.00016313505	0.014094716
ACC22-P8-F5	0.0011424123	0.286545	0.0047902176	0.0061677056	0.012722335	0.00083681615	0.040419392	0.0021123749	0.045363102	0.0029805936	0.0037461077	0.0132917315	0.10612866	0.0032612495	0.0383839	0.0056013395	0.0118764425	0.009929814	0.0025552853	0.00029863356	0.008081696	0.057262156	0.06262804	0.006493264	0.01365179	0.0071477387	0.0091197705	0.001706676	0.010825174	0.014380746	0.005481854	0.0037533995	0.009358596	0.0032016616	0.0033664142	0.0050841905	0.0058852932	0.005264141	0.034915052	0.0027309072	0.0060418327	0.0020673857	0.0042750672	0.0047078226	0.07568318	0.017141443	0.0019268551	0.0036431334	0.010852691	0.00082414143	0.0017585403	0.0025861876
ACC22-P8-F6	0.00022208283	0.23333892	0.008455089	0.027484668	0.017066676	0.0010312451	0.019689672	0.00028639965	0.026919369	0.00324438	0.0034582114	0.036711972	0.039811313	0.00057405303	0.052137148	0.005709899	0.006328688	0.004998325	0.00325036	0.00034566567	0.014511365	0.06415981	0.028221324	0.03229333	0.005102418	0.010187328	0.017437143	0.0020396821	0.0037524244	0.030498046	0.0023438677	0.0045099566	0.00068432605	0.0040200353	0.005400004	0.007944077	0.010430893	0.0010091197	0.02793205	0.008496176	0.011521254	0.0038719	0.005832751	0.0017207987	0.10780229	0.031793386	0.0019446261	0.0032146012	0.04708642	0.009265634	0.0013791232	0.0025296572
ACC22-P8-F7	0.0035034446	0.26248255	0.025514321	0.011570424	0.025067022	0.00094328105	0.012154266	0.0009930742	0.026041392	0.0030719398	0.0018510814	0.030668283	0.0142311305	0.0013641289	0.037520014	0.01589833	0.00440923	0.004502191	0.0030353903	0.00021475385	0.022353416	0.0526004	0.046812218	0.01697452	0.011651261	0.023804344	0.009318151	0.0024313119	0.0062873345	0.018045645	0.0027725366	0.008818996	0.0022319097	0.008141698	0.0045100353	0.009845179	0.012595791	0.0019815408	0.028225204	0.024018217	0.0035489483	0.0020976968	0.0043642153	0.0012735525	0.092624046	0.026070492	0.005711916	0.0014434437	0.05248779	0.007395829	0.0028094924	0.001716672
ACC22-P8-F8	0.0014761197	0.28409895	0.004023655	0.00464585	0.03444379	0.0011480951	0.0093867	0.0006610617	0.02177927	0.0037876542	0.0010954627	0.045374837	0.015206806	0.0017779447	0.042816862	0.008411735	0.007102926	0.002988706	0.0023539336	0.0002422016	0.023136163	0.043236572	0.02895541	0.010549343	0.012230791	0.007171856	0.020268016	0.0016344902	0.009568083	0.020260159	0.0029832306	0.005052865	0.0030447552	0.0027333698	0.0040479447	0.011844891	0.008083642	0.0011971687	0.058091354	0.0036175114	0.0047639282	0.0018624201	0.0049727643	0.0019546072	0.10274591	0.028693276	0.008460852	0.0052063637	0.066830724	0.0022884214	0.00022864196	0.0014619399
ACC22-P8-F9	0.0004696924	0.28744537	0.05981879	0.003402362	0.027008938	0.00093348743	0.008177536	0.00073747704	0.03531001	0.0038080183	0.0009993648	0.007666347	0.008462746	0.00036638117	0.024858674	0.005318334	0.007030872	0.006222254	0.0022611544	0.00011662073	0.010174661	0.05273663	0.13067128	0.024365798	0.008571521	0.011193552	0.0041978885	0.004709857	0.010327286	0.009009429	0.004710744	0.0058949227	0.0012372932	0.0062172026	0.004396929	0.008323929	0.0064056027	0.00088815676	0.030775424	0.0010231005	0.015148248	0.00080513954	0.00525186	0.0010182402	0.08090047	0.038219597	0.0026047355	0.0027989415	0.023638733	0.0002361098	0.00084967515	0.0022826483
ACC22-P8-G1	0.0007762575	0.26358095	0.026113972	0.0025260516	0.009492244	0.0009738357	0.011909571	0.0009681914	0.029171433	0.0037046655	0.0037251222	0.020971905	0.014460297	0.001332364	0.06823029	0.016212389	0.008942757	0.004603754	0.0030354206	0.00026929355	0.019557092	0.033756573	0.043872286	0.027040035	0.0075026727	0.03233951	0.0069195414	0.0023235756	0.0062598637	0.019068584	0.008155017	0.009624041	0.0011508733	0.003775841	0.004111767	0.009632926	0.016238084	0.001260643	0.04128105	0.011469817	0.0069444566	0.002985876	0.0049857446	0.0016133182	0.07718723	0.03337027	0.0032452482	0.0024146142	0.061359677	0.005429185	0.0026438548	0.0014798836
ACC22-P8-G3	0.0015929753	0.22809754	0.0077298647	0.009393582	0.03224887	0.0010467762	0.016940903	0.00093289616	0.02494635	0.0033721128	0.0039155395	0.028326618	0.064289205	0.0019437922	0.055709608	0.0021348023	0.0018417154	0.004311783	0.0047332174	0.00045597926	0.016947474	0.012202043	0.021300146	0.052111693	0.009834495	0.013803371	0.03734715	0.003306025	0.006295065	0.013790548	0.0043724035	0.005871101	0.0055669174	0.0033460713	0.0057449266	0.011403139	0.012699699	0.0011653833	0.027940353	0.0054963096	0.0066522486	0.011940242	0.0060703955	0.00294066	0.07932686	0.03165004	0.0024717038	0.0034295474	0.069663525	0.016402686	0.002786377	0.002157286
ACC22-P8-G7	0.00026837844	0.31209806	0.00653693	0.0033666536	0.020879747	0.0040891278	0.015657714	2.2333872e-05	0.021660639	0.014493264	0.00031443816	0.032291997	0.01667399	0.00017883684	0.057145867	0.004161232	0.0012609807	0.0040250253	0.0025385432	0.000270381	0.0105011165	0.022919368	0.018031469	0.015145447	0.024738379	0.0039624632	0.010624564	0.0013854607	0.012860706	0.018997263	0.0012906846	0.0053773625	0.0046757897	0.002720521	0.002556569	0.0131729385	0.0076411217	0.0010477252	0.027126584	0.0014731602	0.0075269933	0.0013501246	0.003008186	0.0005308267	0.10526569	0.023425834	0.021406224	0.00418484	0.10580654	0.0008631397	7.921436e-05	0.0023696376
ACC22-P8-G8	0.0019243323	0.26567617	0.009519926	0.0110484185	0.012780692	0.0009384831	0.01061771	0.0015935164	0.019560238	0.0035854967	0.0048566605	0.08594534	0.011351559	0.0033825035	0.05576672	0.0057525365	0.0029353919	0.0053758454	0.0033112003	0.0039043839	0.017781675	0.06278933	0.01568484	0.01731947	0.02472721	0.011313379	0.016310157	0.0021167055	0.016411858	0.011185753	0.0026796728	0.0052173077	0.021874307	0.0034261923	0.0060969456	0.03751607	0.015379742	0.0015124936	0.0140968785	0.0030906943	0.007591771	0.003383557	0.0068828748	0.010694759	0.080717735	0.035563767	0.00349442	0.0036909694	0.018009875	0.00079602096	0.0004683039	0.0023481154
ACC22-P8-H1	0.011543838	0.21561214	0.012803548	0.016577994	0.024035318	0.0010556952	0.0072081895	0.0008846981	0.026527366	0.003259512	0.0028924965	0.032886673	0.008435354	0.0011764998	0.07477082	0.008529463	0.0019128454	0.0064209686	0.0057791257	0.0016174522	0.02164987	0.016925903	0.027222	0.019853784	0.0070261173	0.092699096	0.0063722637	0.0049105147	0.006550128	0.0065661855	0.002708265	0.008632909	0.0019039244	0.012691619	0.0036248171	0.0129312035	0.016204521	0.003748248	0.023430819	0.013483332	0.004874871	0.006950425	0.009067985	0.0037056075	0.11097197	0.022201626	0.008670614	0.017169736	0.03576006	0.003856591	0.002378641	0.001326396
ACC22-P8-H3	0.00022208343	0.29929808	0.021819936	0.0014765622	0.019631505	0.0008071569	0.011713332	0.000768477	0.058640473	0.020785447	0.0007686426	0.031079147	0.013280547	0.00033060188	0.008224821	0.025817623	0.012002754	0.0057323403	0.012679666	0.00015359066	0.008947334	0.03957977	0.07230772	0.022846768	0.0061310376	0.012113237	0.0053071952	0.0053571835	0.0070901453	0.028766753	0.0039466075	0.0043379692	0.00060582696	0.0051416573	0.0032625208	0.0069992673	0.0027827444	0.0008935782	0.021161398	0.004863827	0.009240304	0.0009760532	0.0054086745	0.00026269915	0.08620931	0.020927094	0.008681647	0.0013057736	0.04771672	0.0043600406	0.0055486765	0.0016876376
ACC22-P8-H7	0.0009813462	0.283161	0.060028814	0.0041891625	0.016767068	0.00084243884	0.010956713	0.00054806913	0.03906595	0.0034073952	0.00257644	0.026326787	0.008612485	0.0005368194	0.05286393	0.005212712	0.009707589	0.004142937	0.0028333722	0.00021109372	0.013948418	0.0416065	0.11130534	0.021268655	0.007948826	0.010756801	0.0063682473	0.003851585	0.013174083	0.011446109	0.0031424018	0.00351911	0.002036531	0.0054644966	0.002821948	0.0063397726	0.007517624	0.0011558767	0.021665918	0.0021880413	0.0057386765	0.0019837052	0.0056218365	0.0018673624	0.08156113	0.03823929	0.0015678564	0.002260889	0.025645778	0.00090329733	0.0014313667	0.0026803585
ACC22-P8-H8	0.0007988848	0.25683725	0.012198059	0.012845883	0.027904889	0.0011826702	0.008711338	0.0003829002	0.036428526	0.0034100616	0.0036785163	0.04553688	0.026819358	0.0004100284	0.068967916	0.0058000293	0.001915011	0.004854555	0.0033957004	0.0054586637	0.014919543	0.02637652	0.02376177	0.016745541	0.010380746	0.021385893	0.01768896	0.0062366263	0.006813282	0.016225144	0.0029453202	0.008938472	0.030304749	0.0025571783	0.004593585	0.010635203	0.0127021605	0.0013610917	0.04280688	0.011929505	0.0063109687	0.003400471	0.0042764265	0.0078531625	0.08286365	0.018198863	0.0086267395	0.0027313435	0.03951479	0.006839608	0.0012362117	0.0013025105
ACC22-P8-H9	0.00042948185	0.2536398	0.039697457	0.014580261	0.0070318175	0.0007020934	0.010350917	0.003212702	0.013851012	0.004528137	0.0016123954	0.021336565	0.01073414	0.0018679856	0.06829777	0.0010957521	0.0020890255	0.0049676257	0.0023212743	0.00019902807	0.025279209	0.03773991	0.02616007	0.027889062	0.00746349	0.1260893	0.006389982	0.0012969007	0.0059626778	0.007465711	0.0026279553	0.003635817	0.001496149	0.005889965	0.0029838083	0.009462572	0.025474386	0.0032248145	0.018208243	0.006893132	0.0028068325	0.0018861078	0.00642623	0.005169763	0.0865305	0.03740515	0.0012921006	0.0126113165	0.024013996	0.0029541645	0.0018673207	0.002858097
ACC22-P9-A10	0.0009117142	0.26914963	0.004819884	0.018562287	0.016011706	0.0010536968	0.01821497	0.00018922158	0.025598858	0.0045622224	0.0035982765	0.039322846	0.020172639	0.00060795445	0.06459665	0.009190294	0.0099526495	0.0119725205	0.0033747896	0.00039446872	0.013535807	0.037403118	0.019610982	0.025037726	0.018551063	0.012676963	0.01574137	0.00048311817	0.013963631	0.014121739	0.0038765715	0.0058301524	0.0017209537	0.011812415	0.011524	0.013137186	0.008038685	0.0043110116	0.021456279	0.006569519	0.012556614	0.004493486	0.0053165304	0.009309637	0.088572405	0.028322585	0.0034936052	0.004092096	0.04651631	0.010800226	0.002596302	0.0022705775
ACC22-P9-A2	0.0008402293	0.31697938	0.006762463	0.008255931	0.047711194	0.0010069604	0.01770062	0.00041249357	0.024359109	0.004142855	0.0016109861	0.029815309	0.030971615	0.0011925661	0.039540503	0.0022954573	0.031741835	0.004792623	0.003119957	0.002504612	0.02057776	0.019838281	0.021087853	0.013314251	0.017940873	0.006723736	0.023864083	0.0013582285	0.008325064	0.035327196	0.0021263757	0.0029990522	0.0035104812	0.0030661179	0.00458411	0.008899435	0.007981138	0.0012061585	0.026255354	0.0060749226	0.004817199	0.005752424	0.006457208	0.0052953237	0.09102848	0.017386874	0.0043979636	0.0029445407	0.04274923	0.0038072146	0.0005746949	0.003971594
ACC22-P9-A3	0.0011737323	0.22896786	0.042790588	0.0075995266	0.005909635	0.00078667665	0.0056253406	0.00015378308	0.016067404	0.0029856763	0.0017058928	0.03680477	0.011240818	0.0002651671	0.07459985	0.0034579185	0.0018352522	0.003578144	0.0050212755	0.00020436177	0.016127354	0.013977944	0.022684248	0.00860894	0.008749934	0.14373964	0.014038769	0.0007875719	0.005853728	0.015871396	0.008179817	0.0033679935	0.003741876	0.011543473	0.005258625	0.009264473	0.044569	0.0009827589	0.010498913	0.06677555	0.0029977718	0.011606337	0.005333739	0.014561849	0.05248039	0.012756938	0.0013365652	0.0053283274	0.012051812	0.005785405	0.008550307	0.0018149806
ACC22-P9-A5	0.0004714876	0.28152287	0.0028010115	0.013404467	0.025535721	0.0009516967	0.03108067	0.00033554263	0.039089233	0.003369254	0.0013884034	0.049113445	0.010291904	0.00052647816	0.03877208	0.0014022905	0.0042116046	0.0068340823	0.0024485951	0.00039742579	0.008451348	0.040562883	0.029248394	0.018649267	0.014992197	0.008116332	0.010161922	0.002280395	0.02128246	0.030094098	0.006129783	0.0052726828	0.0028325457	0.0024085427	0.0023699002	0.007792871	0.005870724	0.002008738	0.032753628	0.0034637076	0.039994054	0.0028960188	0.0025772727	0.0015434613	0.12277805	0.027200948	0.003074749	0.004073334	0.023893379	0.0019875446	0.0007412233	0.000549424
ACC22-P9-A7	0.00014278544	0.25441477	0.0025950188	0.0111435	0.04613233	0.00082783826	0.023579868	7.832791e-05	0.035076916	0.0029782036	0.00031243465	0.03179185	0.025318049	0.00016684516	0.02723962	0.004290449	0.0119298445	0.006301973	0.0048197624	0.0018888843	0.009957742	0.05749402	0.031662334	0.06679981	0.0080186045	0.0063142013	0.014467735	0.0014272378	0.00684226	0.023278818	0.0054801423	0.0033939339	0.0009533875	0.0032251007	0.0022364713	0.005020048	0.002627966	0.0007369349	0.03149855	0.0027519055	0.013761449	0.0015574332	0.0027218245	0.0008832407	0.11267912	0.04284916	0.0038479436	0.0030856133	0.035206735	0.0067260903	0.001050142	0.00041474984
ACC22-P9-A8	0.000495158	0.28589842	0.009785261	0.0055093365	0.042937677	0.0009955028	0.031068457	0.000104197716	0.046397403	0.0027903728	0.0009072248	0.02594513	0.018753106	0.00044076776	0.055865817	0.03949308	0.014062549	0.008146155	0.0023316946	0.0019205186	0.0068317526	0.024063619	0.04870352	0.006383026	0.008101013	0.0038397692	0.011730614	0.0012724467	0.008963346	0.0057190396	0.010991325	0.006219819	0.002106627	0.0023634506	0.0057101534	0.012082906	0.0056231297	0.0011958053	0.04550746	0.0016134931	0.024755772	0.0018318228	0.0023008168	0.0010850054	0.11595001	0.007728011	0.0065177092	0.0020920406	0.021289999	0.002361221	0.00075435964	0.0004630555
ACC22-P9-A9	0.007921386	0.28192675	0.016561529	0.018832985	0.019473389	0.0009064295	0.0132467905	0.00028805892	0.019851841	0.0051998505	0.0010668086	0.031870928	0.009778599	0.0012414628	0.043633766	0.0010272878	0.0017482333	0.005579147	0.0083808955	0.00022224516	0.03930764	0.05523695	0.018118469	0.016761256	0.030782953	0.008783593	0.012750888	0.0015723843	0.013599857	0.008728862	0.00085143384	0.0059366887	0.0037245282	0.002018405	0.0025053527	0.020827124	0.0075356183	0.0011652276	0.016449807	0.0029623117	0.002121236	0.0041258773	0.0074379174	0.0013654046	0.106051914	0.032240693	0.0050275708	0.004029804	0.06741456	0.003265599	0.0009717544	0.0075701205
ACC22-P9-B10	0.0023685067	0.30246836	0.016908908	0.003578682	0.008320025	0.0010750522	0.006144027	7.2704235e-05	0.029638693	0.0034070082	0.0019773233	0.013528367	0.009373341	0.0010785938	0.014435414	0.003625831	0.010102457	0.0038055875	0.0025612786	0.000171667	0.0074026478	0.07687195	0.15236099	0.030030455	0.006543224	0.0102249365	0.005166553	0.0010964101	0.005428741	0.015133042	0.0017089738	0.0050740596	0.00077585486	0.008002722	0.0027411194	0.0048067807	0.0038493727	0.0008561623	0.022930743	0.002513683	0.004284361	0.0029738767	0.0048742513	0.0024733318	0.097029716	0.038270883	0.0029689784	0.0027205283	0.039929252	0.0039305952	0.0012657245	0.0011182295
ACC22-P9-B12	0.0002709092	0.27906504	0.006433865	0.01204371	0.019805875	0.0008825682	0.016108325	0.00048921147	0.05001629	0.0032598197	0.004832918	0.017177522	0.011723735	0.00043833593	0.06864512	0.0061567132	0.020864457	0.011868438	0.0021129418	0.00073438534	0.009489523	0.038669415	0.05009028	0.013797754	0.005879765	0.0061462675	0.0065057613	0.0010333516	0.008579624	0.009757018	0.007987891	0.0037091845	0.0021316549	0.00201693	0.0061060726	0.009437566	0.0071447054	0.00147518	0.015478208	0.004559962	0.062248357	0.0028108947	0.0026129042	0.0018256652	0.11088827	0.042027846	0.0044827657	0.005119499	0.01863169	0.0028071543	0.0024845449	0.0011341112
ACC22-P9-B1	0.0003745925	0.2717812	0.013961841	0.0072024157	0.002858485	0.00091550435	0.018990377	0.0002923598	0.039991662	0.004244023	0.0014665204	0.035121903	0.006513973	0.00063941244	0.075793065	0.0076576755	0.0053446665	0.0063822162	0.0028038498	0.00031514015	0.015625585	0.090138294	0.08154257	0.032756783	0.0050260993	0.010752704	0.0029577701	0.00013366478	0.004080075	0.015386887	0.0043484494	0.0047041676	0.0009863084	0.0040825633	0.0031110274	0.0042477013	0.008490739	0.0008677929	0.021944448	0.00349016	0.004913974	0.0013081374	0.0037949018	0.0028406447	0.08159111	0.050311618	0.0018926285	0.0022288298	0.026594417	0.0017852183	0.0029781072	0.00243576
ACC22-P9-B3	0.0007865892	0.3930899	0.0032431388	0.015879866	0.014601016	0.0011178945	0.011580568	0.00088621385	0.03023276	0.0026807624	0.0009016611	0.033131022	0.08633034	0.0010277589	0.05593133	0.0028655312	0.0017942295	0.0028954316	0.0016891388	0.00029999838	0.008479455	0.014418564	0.019567689	0.0038953086	0.008315965	0.007494226	0.022835296	0.00035514965	0.005298599	0.0074972254	0.0013539315	0.004291943	0.0040591634	0.0024611647	0.003317019	0.0062259445	0.004802548	0.00090021576	0.030072508	0.0032955462	0.004388824	0.0052319895	0.0018888453	0.0014305748	0.099391244	0.008704076	0.004407153	0.0022031174	0.04653601	0.0040231133	0.0008619506	0.0010305044
ACC22-P9-B4	0.0032321888	0.3163736	0.0071580936	0.0026587988	0.01641522	0.00076826697	0.011821728	0.0001806054	0.019509058	0.0031560205	0.0024800464	0.025869448	0.012554387	0.00056020805	0.046317086	0.0056535597	0.0039221914	0.0036844085	0.002304562	0.0019908086	0.01687323	0.046446547	0.019677056	0.033286158	0.013899378	0.01627952	0.010926925	0.0010947793	0.013260101	0.019534668	0.0012853843	0.0027090427	0.0027058476	0.0017519715	0.0309921	0.039288666	0.010179273	0.0009897598	0.012230743	0.004166921	0.0057975138	0.0021058111	0.0041553103	0.0022379172	0.0987042	0.04889065	0.0013452634	0.00416932	0.043660358	0.002548313	0.0005886385	0.0016082709
ACC22-P9-B5	0.00023518923	0.35069197	0.004950714	0.004040377	0.013782716	0.00085032306	0.016640205	0.00021963588	0.018737605	0.002899861	0.002067907	0.018128553	0.02016838	0.0004286494	0.020003278	0.01121729	0.016126417	0.008966945	0.0025027096	0.00030579942	0.010197899	0.06417166	0.044508897	0.026511116	0.01044876	0.005145272	0.007755615	0.0007734028	0.00858175	0.054586552	0.00081721664	0.003850828	0.0062074396	0.0023282322	0.0031903207	0.0077153966	0.0031626984	0.0009875516	0.03271825	0.0011119178	0.0080573615	0.0007529689	0.0031551386	0.00046679747	0.0918866	0.05381613	0.0025419774	0.0027853101	0.027264807	0.00030882654	0.00014096475	0.0010878623
ACC22-P9-B6	0.00038389405	0.2616169	0.0014888856	0.01035434	0.011053794	0.0013589629	0.040909078	0.00084848783	0.20352177	0.0035032008	0.001914834	0.0053382087	0.0094367135	0.0012215319	0.026424432	0.0009831646	0.0029438492	0.10131567	0.002697018	0.00021283023	0.006993499	0.025211113	0.033865094	0.035107754	0.008627657	0.0035142615	0.003937732	0.0031541141	0.0045587374	0.0039676907	0.009615768	0.0050190175	0.0014567176	0.0034360932	0.0034000434	0.004753974	0.005199071	0.001304572	0.0067694625	0.0013696774	0.0026229864	0.0011222519	0.0022179992	0.0019928797	0.06421086	0.044549342	0.0037242968	0.0020869805	0.012590183	0.0014566784	0.0037077854	0.000928169
ACC22-P9-B7	0.00048521455	0.29375353	0.039902467	0.007960503	0.0194592	0.0010803461	0.009144349	0.0031969384	0.01996484	0.004939361	0.0023911272	0.024685748	0.009832186	0.0024531793	0.09472629	0.0008513932	0.0035187197	0.0051491857	0.0020634965	0.00037148056	0.019973122	0.032052465	0.027848005	0.02438683	0.010358254	0.038953207	0.0070111393	0.00085585157	0.00814318	0.009066463	0.0033976433	0.007626248	0.0022441512	0.00435887	0.004381076	0.006484197	0.014653196	0.0018689089	0.013531151	0.0060516805	0.004029933	0.0070205443	0.011062852	0.01326496	0.11975094	0.021990715	0.0039131325	0.0030216174	0.01882376	0.0036687509	0.0018540501	0.0024234734
ACC22-P9-B8	0.0010966706	0.2838791	0.008255161	0.012177956	0.009566461	0.0016147135	0.011268955	0.00021009067	0.03538311	0.00463925	0.0016829292	0.024253681	0.018405795	0.000689315	0.02973772	0.008875565	0.011701826	0.0028099157	0.0051766224	0.0003577617	0.017144987	0.059947833	0.02795906	0.023966337	0.015017935	0.008741021	0.014440961	0.00020690374	0.007826012	0.008321201	0.0037869494	0.0030673253	0.002457167	0.0021827938	0.00316584	0.008421057	0.007944766	0.00087662315	0.08533705	0.0068708938	0.007949325	0.0017594248	0.0031316797	0.0017752153	0.12972282	0.033266813	0.005062331	0.0015618427	0.03349961	0.0019364179	0.00033361255	0.0005355789
ACC22-P9-B9	0.00014814905	0.30498922	0.0054425034	0.008971462	0.02322966	0.0009710905	0.012523738	8.244594e-05	0.04645925	0.0034370474	0.0006019558	0.036464088	0.012344837	0.00012777372	0.022298386	0.0009779499	0.0029643665	0.0038259195	0.0027132249	0.0013114485	0.013519511	0.060200654	0.026279094	0.028708924	0.008962478	0.008196402	0.009574987	0.0020313405	0.0076065934	0.03721266	0.003547679	0.0041093826	0.0023895903	0.0023088225	0.0034103354	0.014347014	0.0049033468	0.0016792866	0.03413365	0.0025559966	0.0053320173	0.0013994488	0.0033825815	0.00089893665	0.1436373	0.029530546	0.00337951	0.002604903	0.039633118	0.002123144	0.0013175033	0.0011986896
ACC22-P9-C11	0.00036020586	0.31537735	0.007008727	0.008145894	0.018625306	0.00075914647	0.041188773	0.00042611972	0.024276258	0.0043815826	0.00271881	0.021037137	0.017476488	0.00045354932	0.029646361	0.006728755	0.0074484535	0.007980136	0.0033319567	0.00036169804	0.005760392	0.038377255	0.022080777	0.05729581	0.009740852	0.006941162	0.013354627	0.001142174	0.010327326	0.015959978	0.010279523	0.0030782663	0.0013967	0.001676886	0.0034379698	0.0071796784	0.0054751905	0.001079096	0.02786578	0.0020264168	0.05277789	0.0021452701	0.0022852586	0.0008837992	0.085029975	0.058319934	0.0058574467	0.003422081	0.02504933	0.001129802	0.00037263767	0.00051792496
ACC22-P9-C12	0.0028341592	0.28860745	0.0232523	0.0053524985	0.007798329	0.00096534187	0.012815637	0.00064357236	0.02634664	0.003931008	0.0031006762	0.03579489	0.018081581	0.00072795997	0.055833235	0.0050335047	0.0018571125	0.0038150977	0.002519501	0.00036761462	0.019080512	0.032401532	0.024644785	0.032811735	0.013621311	0.011199152	0.011069239	0.00074701867	0.009446641	0.015681835	0.0027271556	0.0039153276	0.008611908	0.009551823	0.0029468779	0.008805816	0.007563408	0.0007780631	0.03767085	0.005400129	0.00573563	0.002857503	0.01777577	0.0032600663	0.10773084	0.021262512	0.002314652	0.0024286574	0.06429335	0.007709494	0.0011090173	0.005169344
ACC22-P9-C1	0.003295372	0.21225758	0.013795034	0.0056728935	0.011623395	0.0010220958	0.00837271	0.0064241816	0.012179413	0.006503785	0.010110146	0.010337843	0.006879437	0.0048312712	0.056324836	0.0025650586	0.0034448297	0.0054261065	0.0030682725	0.0015778312	0.05905984	0.015542691	0.01732377	0.0060710227	0.02873873	0.023932984	0.0048789512	0.0011808258	0.013552631	0.0081096785	0.0043352135	0.006135805	0.007302697	0.009979984	0.008949577	0.010991162	0.028910628	0.0021269666	0.011694615	0.0042814394	0.0029759477	0.004685639	0.1584725	0.013754827	0.053334873	0.021534275	0.004306556	0.0041415785	0.04042802	0.017241888	0.0036400866	0.016672488
ACC22-P9-C3	0.0014631377	0.20361322	0.06690705	0.047134355	0.033131246	0.0009766567	0.008170861	0.050692134	0.014922396	0.0035803788	0.0039962367	0.02101648	0.008503528	0.0033057772	0.05671857	0.00485681	0.001326303	0.0034104458	0.0036698775	0.0011636533	0.029284231	0.012764257	0.022334574	0.0140283685	0.012793704	0.024673684	0.009369222	0.0047097555	0.014362776	0.010419084	0.0073685255	0.006078993	0.0025673897	0.00745844	0.0035394265	0.014989246	0.023998339	0.0013105243	0.022406235	0.013012719	0.00597048	0.00296912	0.00614936	0.006248708	0.07126787	0.030069632	0.0055796895	0.0036935823	0.054515168	0.009535541	0.0057541756	0.0022180316
ACC22-P9-C5	0.0006429724	0.21941431	0.05378643	0.007283603	0.011454958	0.0016767535	0.00929829	0.0003252421	0.024864536	0.0037945497	0.0064017	0.034973454	0.014150566	0.002039889	0.08435013	0.005128517	0.005261059	0.0054128612	0.004454659	0.0004545126	0.029934568	0.030193508	0.026987169	0.034256216	0.0076217307	0.015723908	0.01044139	0.0017915913	0.006616437	0.012630071	0.005222192	0.008430641	0.0024328113	0.00458661	0.005595276	0.008633046	0.02269464	0.0012692239	0.017171118	0.01842508	0.0038970755	0.006609548	0.0061221444	0.0066373083	0.08983693	0.046579245	0.0025772864	0.002484122	0.046358053	0.0165244	0.004824096	0.0017237157
ACC22-P9-C8	6.9544236e-05	0.29691172	0.004488294	0.003609404	0.038729325	0.00085102825	0.016581215	0.00011731969	0.044694085	0.0040503135	0.000458853	0.032303773	0.010220977	0.00027331262	0.02808024	0.0024754296	0.012845525	0.012094851	0.0026407794	0.00012767478	0.0059346734	0.06925147	0.041625712	0.010211019	0.005306972	0.007271938	0.005614243	0.0012427538	0.0069370694	0.035807922	0.008363587	0.004390111	0.0031435061	0.0018528502	0.003139346	0.007613067	0.0035574492	0.0033909136	0.071700305	0.0019489427	0.06475147	0.0010529612	0.0022599185	0.0010512001	0.06550997	0.014411804	0.003736233	0.0015547832	0.03320554	0.0011696737	0.00044863397	0.00092029717
ACC22-P9-C9	0.00088133925	0.23772617	0.0044228043	0.008212537	0.012427218	0.0008182548	0.030927556	0.00043665094	0.03665386	0.005836268	0.002166592	0.0588832	0.0136398	0.001063803	0.040840536	0.0203353	0.009130049	0.013664869	0.0031659298	0.0003418723	0.01309919	0.06728038	0.022511119	0.01855663	0.009481915	0.005329942	0.018477846	0.0017796042	0.010199416	0.0116201835	0.004564764	0.0038217702	0.0015444449	0.0026926962	0.004654118	0.011783724	0.008651119	0.000938096	0.02202016	0.0039379564	0.07622868	0.004277295	0.0031873928	0.0016582392	0.09589107	0.023513835	0.008098826	0.0025629005	0.03660683	0.0013718002	0.00033581804	0.0017475535
ACC22-P9-D10	0.0019036321	0.2859166	0.05602901	0.008980741	0.0030111428	0.00089504657	0.010296063	0.00019290984	0.06362107	0.007249381	0.0018031786	0.06356194	0.030385522	0.00035291168	0.07403334	0.02536235	0.016095981	0.009115038	0.0012250008	0.0001656961	0.009506703	0.042539045	0.040021718	0.0050961333	0.0040766527	0.0062580383	0.008319128	0.00016659532	0.004106667	0.03452191	0.0061182063	0.0021295946	0.0022225084	0.0019427697	0.005540131	0.0046911994	0.006543545	0.0009772828	0.010897678	0.0038223297	0.023558084	0.0038598466	0.0038046758	0.0023945023	0.06874462	0.0141515955	0.0031598806	0.0030021742	0.013743859	0.0011281334	0.0020813888	0.0006767743
ACC22-P9-D11	0.0014135981	0.3187338	0.025988175	0.0023045943	0.0099101225	0.00083081005	0.00696424	0.0012339865	0.013423707	0.002286363	0.00495638	0.015819004	0.018773114	0.0013996419	0.058495957	0.0067688636	0.00079824665	0.0019376387	0.0030654743	0.0002542313	0.029896334	0.030619085	0.007843569	0.013577798	0.019721398	0.014596687	0.032867793	0.0007848903	0.0116059715	0.020393377	0.0012490596	0.007080372	0.0025285447	0.00746244	0.0031027468	0.0067806523	0.008964903	0.001733545	0.027500167	0.009619562	0.0016746509	0.00949388	0.006040887	0.0038271525	0.097993076	0.045153536	0.027614113	0.0020041396	0.044270232	0.00264077	0.0015541554	0.004446415
ACC22-P9-D1	0.00065036444	0.22467533	0.0032687667	0.013727845	0.017610876	0.0009719807	0.014773165	0.0008213062	0.0346468	0.0032264872	0.00075609307	0.029439885	0.029238433	0.0019138007	0.056424864	0.0039856527	0.010964103	0.005947757	0.024340628	0.00023715587	0.010673499	0.042055354	0.04285912	0.022459054	0.006676049	0.011911345	0.020110155	0.0007811246	0.0043125763	0.023495706	0.004472095	0.007439487	0.0008009652	0.0033204516	0.006081728	0.0147407595	0.006277019	0.0034616804	0.049256027	0.006393848	0.00785844	0.0041017532	0.003379049	0.0012383324	0.13332148	0.021010578	0.008130047	0.0025750892	0.04739356	0.0029781512	0.0011249738	0.0016891462
ACC22-P9-D2	0.00024395493	0.29126042	0.0059422036	0.021603331	0.008579211	0.0014172258	0.017368961	0.00011024635	0.041549683	0.003900181	0.002981914	0.032331914	0.014789454	0.00040389455	0.058647692	0.00032966345	0.022403356	0.011180473	0.0026597925	0.0003391697	0.0150543265	0.05639101	0.042090204	0.018300338	0.009462229	0.012298655	0.008210716	0.00042958223	0.012203995	0.01737561	0.004896012	0.0047218963	0.0024691	0.006238629	0.0031393948	0.008332597	0.011354883	0.01680569	0.028023463	0.002884071	0.02786684	0.002166456	0.0095260255	0.0028001484	0.06802517	0.026163267	0.001862579	0.003696767	0.027603177	0.0042541823	0.003409748	0.003900479
ACC22-P9-D3	0.0063704746	0.13781537	0.037166547	0.003464006	0.0071418583	0.0008438944	0.005723028	0.022162635	0.02120155	0.003256262	0.0053432393	0.05344869	0.0064373817	0.0102197435	0.060192116	0.014406448	0.0024948774	0.0065134396	0.0021174774	0.008585133	0.022570774	0.038781766	0.019419344	0.0076296693	0.004681131	0.20271717	0.0044864956	0.0032486755	0.0031387245	0.029778093	0.0024825055	0.004725421	0.001028332	0.0048781345	0.0054869344	0.005417802	0.016299697	0.0012309303	0.010305388	0.0074376254	0.003007681	0.0060515166	0.0101998625	0.046826635	0.07521899	0.010549176	0.0025924128	0.0056038583	0.006466864	0.01281898	0.0051674987	0.00484772
ACC22-P9-D6	0.0003831647	0.19066086	0.014153061	0.0057030735	0.0066920277	0.00088527595	0.0098744985	0.0013168926	0.040167786	0.0047430666	0.0017801251	0.071931764	0.011988499	0.0007711606	0.10664009	0.0110131325	0.0045351638	0.013143775	0.0030932045	0.00019519452	0.01378638	0.038604315	0.023254888	0.0147950165	0.004484022	0.008144514	0.011080406	0.0023246822	0.0030877218	0.030363666	0.013146589	0.0034885216	0.0027890177	0.0074823387	0.036551826	0.013629772	0.014405357	0.0013430502	0.04187937	0.0049110674	0.02478107	0.0030733172	0.005498907	0.0056545325	0.08585961	0.01661887	0.0028014015	0.002111555	0.050003815	0.008684798	0.0030980853	0.0025896637
ACC22-P9-D7	0.00046649194	0.23185861	0.004724701	0.019305361	0.025114283	0.0009838066	0.013278635	0.0028177702	0.038375437	0.0034060758	0.002456043	0.05691371	0.019022446	0.000495588	0.050340593	0.0114163	0.0013332382	0.0060542617	0.0020996446	0.00031698868	0.017313756	0.022009568	0.01598295	0.017669993	0.007449541	0.006753735	0.015203981	0.0011562367	0.0059892135	0.01575852	0.0043866206	0.064132445	0.002622418	0.0019358062	0.0048616305	0.0136474	0.013583249	0.0006724852	0.032435045	0.0119444225	0.010380925	0.003127646	0.004885469	0.0028197044	0.12211318	0.019998549	0.0025399267	0.002596727	0.04689003	0.014988604	0.0022213578	0.001148799
ACC22-P9-D8	0.00012723792	0.2597873	0.008495125	0.0036883508	0.023476018	0.00075419474	0.006966551	0.0002654441	0.022123784	0.002461312	0.0007709257	0.016425006	0.010564745	0.0004759608	0.04794008	0.010142726	0.0027888801	0.010110224	0.0037757782	0.00019061177	0.014397751	0.024954285	0.022701891	0.011577926	0.0055051204	0.13066421	0.0073379907	0.00041874064	0.004463972	0.0049813827	0.0025077048	0.062707454	0.0044439137	0.0051849945	0.0061551575	0.0050246157	0.0054887426	0.00096538797	0.02366115	0.0071423934	0.0028926178	0.0014396306	0.0064093266	0.020464264	0.12075866	0.014902276	0.003970058	0.0065867454	0.013419152	0.015833415	0.010598435	0.0011104338
ACC22-P9-D9	0.00039508214	0.23621103	0.011017128	0.00595754	0.012000211	0.00087344827	0.016101947	0.0006805605	0.033707835	0.0025747516	0.0014270566	0.04525716	0.018892873	0.0006065999	0.07653902	0.000645899	0.0028246364	0.004958337	0.0028325627	0.00034274659	0.011652592	0.06003551	0.033267803	0.018001633	0.0061107455	0.0050559235	0.008262738	0.00027628528	0.0132762985	0.031240596	0.008797693	0.0063093263	0.0010944064	0.0022950785	0.0050961147	0.010647963	0.0075669354	0.0009316806	0.03246952	0.005425277	0.015191594	0.0033836365	0.0030797743	0.0013495296	0.13003479	0.025865084	0.012822812	0.0023736958	0.05048214	0.009505164	0.0025119632	0.001739261
ACC22-P9-E11	0.0026552011	0.19856586	0.04222152	0.019170683	0.0027537688	0.00105295	0.008678039	0.05994116	0.016487908	0.0029617944	0.007652879	0.036743984	0.008458725	0.00432637	0.055929307	0.0044013183	0.0056221867	0.006675984	0.0015798341	0.005465289	0.017331233	0.010688572	0.01822344	0.01999831	0.0058327653	0.09245548	0.011337642	0.00073727925	0.007083592	0.015298032	0.0051410585	0.010977415	0.0022648314	0.011572439	0.0037852894	0.011355477	0.0152526945	0.0046390523	0.013847922	0.011708268	0.0037377272	0.0035410812	0.006537354	0.072040334	0.05925357	0.0187093	0.0058499146	0.0043695155	0.017507637	0.019982157	0.002750283	0.004845445
ACC22-P9-E12	0.00074970536	0.2760285	0.008727574	0.009926152	0.013016668	0.0011397554	0.0155121125	0.00020634929	0.042766783	0.0033663476	0.002958492	0.04061261	0.021224346	0.00024987163	0.08595642	0.004278691	0.013982489	0.007372097	0.0053209662	0.00031287284	0.0115353465	0.044049088	0.025135916	0.027213825	0.008431965	0.009499498	0.014704867	0.0014277205	0.006341457	0.025775695	0.009385528	0.0076717264	0.0045703575	0.003636635	0.004670047	0.006316131	0.010464994	0.0013510344	0.03680063	0.008626246	0.009461562	0.0025108056	0.0037817482	0.0029439323	0.0830185	0.024933185	0.007575016	0.0021173838	0.033817045	0.004722761	0.0025485302	0.0012519759
ACC22-P9-E2	0.0009648795	0.27926764	0.009757154	0.012979057	0.008926185	0.0008544668	0.010354499	0.00020935306	0.021570541	0.0030002438	0.002565373	0.0071552615	0.016316235	0.0018067408	0.01495518	0.005557511	0.003496175	0.0073623736	0.002987605	0.004666653	0.013267637	0.02946118	0.028639473	0.02877419	0.0062293345	0.18708138	0.007823451	0.0010956323	0.005377086	0.007682848	0.0009098443	0.0045503154	0.0041083437	0.0033075674	0.0064895106	0.009136854	0.0056343405	0.0011022324	0.030133246	0.012489901	0.004981786	0.0027868531	0.018469274	0.010341046	0.07805201	0.024953926	0.0031326828	0.0024748633	0.034736082	0.007881514	0.0019041249	0.0022384613
ACC22-P9-E3	0.0006133724	0.2477731	0.0075339703	0.0059856563	0.0065955142	0.02713372	0.009268862	8.321148e-05	0.020913862	0.0044613536	0.0012782294	0.020770697	0.07758523	0.00032217987	0.05190838	0.0030673996	0.00431396	0.002040752	0.0028673147	0.00025149988	0.015677761	0.081683405	0.019897355	0.02732428	0.0071154134	0.008383088	0.032593645	0.00030461623	0.006849029	0.009117008	0.0012120467	0.0038923107	0.0018296676	0.0017032487	0.0033891324	0.0049725906	0.008227991	0.00091370346	0.024198506	0.008084084	0.0036576586	0.013833301	0.006097379	0.0033557173	0.11069289	0.031221768	0.0017969781	0.0014241444	0.0558052	0.0044208807	0.00038410642	0.0051727556
ACC22-P9-E7	0.0035410495	0.2535642	0.004019945	0.0057517765	0.016721677	0.0018454109	0.010619789	0.0022700042	0.02513708	0.0055903606	0.0022455412	0.037543252	0.018443596	0.0021666507	0.07670317	0.012284841	0.011684525	0.0031704078	0.0036053155	0.0003896027	0.013317462	0.039380446	0.019494317	0.02879832	0.009728236	0.0072000287	0.013554453	0.0010205187	0.011186354	0.013149194	0.008102676	0.0056986604	0.0018031751	0.0031375675	0.007538282	0.019819036	0.008124279	0.0010849432	0.050114296	0.006271247	0.020003598	0.002036996	0.009298361	0.0035952681	0.1029806	0.038019028	0.0045993486	0.0019427751	0.04466793	0.0034070178	0.002372398	0.0012549687
ACC22-P9-E8	0.0006168038	0.30088595	0.030240016	0.010427285	0.011894254	0.0009049158	0.013035301	0.0002060263	0.043447815	0.0047268565	0.0010089268	0.042226516	0.007957009	0.00082641206	0.049686443	0.00050122855	0.0031026113	0.005457098	0.0049620937	0.0002032503	0.014575791	0.02556587	0.03907709	0.023317622	0.008179339	0.015529799	0.0055898055	0.0011658623	0.004479712	0.007708442	0.0038539951	0.049875986	0.0009434352	0.0051480914	0.0038543593	0.009053336	0.0110839885	0.0009678925	0.024800023	0.0166831	0.0050964006	0.0018937045	0.0019043519	0.0022459177	0.10652802	0.023156615	0.013272105	0.0018087501	0.03214684	0.0046514473	0.0025039243	0.0010213429
ACC22-P9-F11	0.0004925674	0.23509888	0.009736414	0.0075737527	0.0049461056	0.00088219903	0.031750116	0.0018451093	0.035409413	0.01517069	0.0032541435	0.027836788	0.011226292	0.0012272204	0.09009821	0.0135349035	0.012466809	0.0064045563	0.0026635365	0.0023171336	0.0070464537	0.039203662	0.021571234	0.02886798	0.0068816915	0.0056725484	0.008561633	0.00018042949	0.0071465806	0.012249098	0.012607629	0.002128829	0.00196084	0.02503668	0.0035919265	0.007865801	0.010570223	0.0007545149	0.019470256	0.0029120166	0.072438136	0.0022918	0.003065727	0.004745357	0.10041725	0.039023478	0.003034315	0.0013248503	0.02523778	0.007894274	0.0015800105	0.00073199405
ACC22-P9-F12	0.0003089833	0.22437494	0.0038457105	0.020278763	0.03250534	0.00089597265	0.016036741	6.971415e-05	0.064418815	0.0025977185	0.0003488228	0.035105363	0.026037952	0.00020652938	0.023023259	0.0073982114	0.0035251013	0.0068770116	0.0026113936	0.0001346198	0.013312905	0.026726468	0.025473168	0.018873325	0.009305357	0.0070771715	0.01740938	0.0024117571	0.006877041	0.028130569	0.012019198	0.0036286563	0.0023264743	0.0027344108	0.005091466	0.012873876	0.004464018	0.005741168	0.07018372	0.0040614563	0.026765399	0.0018367884	0.0034718672	0.001744287	0.107505016	0.017820185	0.0036191058	0.0024871707	0.08122748	0.0021188662	0.0013081736	0.00077314366
ACC22-P9-F1	0.0028797924	0.28123498	0.010887364	0.0097360425	0.008885276	0.0009436418	0.01609027	0.0016786933	0.0474292	0.008357128	0.002242619	0.045208685	0.015664127	0.0015157724	0.06615116	0.009357241	0.017259475	0.017750345	0.0018323926	0.0003104653	0.007967852	0.027604578	0.03274221	0.008529206	0.0061524967	0.005280477	0.005383846	0.0010420913	0.0068915584	0.015560922	0.019182274	0.045659903	0.001159267	0.0035239938	0.0037282687	0.005497516	0.007263559	0.0011959627	0.014614613	0.0034371116	0.07619494	0.0019865604	0.0035957182	0.0026520907	0.08155353	0.01699108	0.0068822177	0.0024927114	0.0113178	0.0028637743	0.0042020744	0.0014352214
ACC22-P9-F3	0.0010996158	0.31733227	0.006765393	0.0027201956	0.011270259	0.0007835123	0.02221588	0.00022085117	0.030716794	0.0043459977	0.0010948243	0.022244142	0.01355671	0.0011114042	0.030206665	0.0033992778	0.008303716	0.0057750405	0.0021293918	0.00020215687	0.0075163264	0.090366855	0.047690067	0.047118627	0.010516837	0.0065056137	0.011310164	0.00049462385	0.012233857	0.022604285	0.003658692	0.002584294	0.0016939155	0.0011850586	0.0038124055	0.0064884853	0.005097886	0.000611306	0.04839616	0.002732251	0.03255498	0.0017799983	0.0016187117	0.0008537457	0.07944845	0.039609022	0.0011513487	0.0052368348	0.015033958	0.0014030429	0.00077724224	0.0024209803
ACC22-P9-F5	0.00024644754	0.29349488	0.019228477	0.0060662297	0.0067953067	0.00083063217	0.01640199	5.487658e-05	0.024681661	0.0030212835	0.0006245774	0.01952383	0.01087497	0.0004017679	0.03241465	0.013031426	0.004597515	0.0047078934	0.0021330155	0.0036188376	0.010242647	0.060437832	0.14619268	0.02473377	0.005924905	0.004529259	0.0064340713	7.10925e-05	0.003830043	0.009132638	0.0019232568	0.003008672	0.0013354672	0.0017314245	0.0018648889	0.008711377	0.0038381463	0.00063424243	0.03786835	0.0011984941	0.0036340859	0.00095068006	0.001765541	0.00063589844	0.12477634	0.03825745	0.0034791902	0.0014462904	0.026529891	0.0005622904	0.0007246057	0.00084415264
ACC22-P9-F6	0.0030179867	0.1487935	0.012254492	0.0019551544	2.6246078e-05	0.0010018626	0.0031863698	0.00044745498	0.015791703	0.015453907	0.0018741603	0.038011264	0.0039897775	0.00033027862	0.040019445	0.00019149316	0.000103307	0.00740233	0.55205894	0.0019688604	0.007483963	0.00052812696	0.0028233177	0.0003000665	0.0024779537	0.0030752008	0.010635536	4.928929e-06	0.0041788258	0.0057856594	0.0043981266	0.007940764	0.0006891477	0.0021551752	0.0046521532	0.004577158	0.010467559	0.00024507567	0.0027691673	0.0043355874	0.0064843446	0.004882427	0.004972048	0.003527227	0.014859816	0.001489297	0.02949099	0.0014230238	0.0016991587	0.0009151194	0.00030641461	0.0025481659
ACC22-P9-F7	0.0003672919	0.39335865	0.0036629983	0.0026046506	0.049632907	0.0010089355	0.01657527	6.491095e-05	0.018269336	0.0031063198	0.00018577208	0.0051271403	0.022919772	0.0002633102	0.016236199	0.0009646652	0.009395304	0.0060230745	0.0039247014	0.0001913118	0.010411383	0.01963042	0.09163311	0.0061621256	0.008381287	0.008039876	0.0054725553	0.0015348296	0.0037010545	0.00441582	0.0016014203	0.01149618	0.00043959435	0.0022605266	0.0021068722	0.0038174025	0.0032579042	0.0008302992	0.04747918	0.0038301738	0.024595952	0.000923647	0.0027617086	0.0002804291	0.120707646	0.007830421	0.004441061	0.00087414525	0.045002602	0.00074100884	0.00021916925	0.0012376478
ACC22-P9-F9	0.0015855383	0.30727166	0.03296251	0.00636221	0.0032164087	0.0014922591	0.010147083	0.00026689895	0.014455613	0.0027598836	0.0045723673	0.04512555	0.011611302	0.00077240594	0.13607836	0.00016562904	0.002554115	0.0028727623	0.003543408	0.0016715977	0.007648899	0.042784166	0.015983991	0.008099992	0.009068281	0.045241732	0.011669759	0.00011350579	0.0076025664	0.0069009364	0.007545688	0.0043060193	0.0015385047	0.01492706	0.004668533	0.009868186	0.016253201	0.0010983387	0.012782081	0.025696896	0.0034660646	0.004146095	0.0039884835	0.015254444	0.06081518	0.017017258	0.0017033018	0.0139865745	0.012746609	0.015257188	0.00690558	0.0014272865
ACC22-P9-G10	0.00088109093	0.28771615	0.003397167	0.006911545	0.0024639165	0.0009096249	0.08743895	0.00061560964	0.051954005	0.002984192	0.0017135624	0.01483271	0.011257315	0.0010110883	0.025751289	0.0031941829	0.012245485	0.12128192	0.0043110526	0.00017692878	0.0058734883	0.047897782	0.048850283	0.02682367	0.01111928	0.0032163006	0.004838297	0.0002903372	0.0070918035	0.0024939466	0.0030108877	0.0026824486	0.001068885	0.0022523876	0.003979285	0.012063741	0.0029503142	0.00053317746	0.015211722	0.0012740181	0.016762653	0.0011398128	0.0034497736	0.0032496522	0.07107031	0.024722893	0.001044025	0.010408388	0.021085354	0.0008502542	0.0008067792	0.00084049714
ACC22-P9-G11	0.0004557317	0.25703475	0.005720812	0.020768844	0.012147753	0.00096267194	0.013651118	0.00012602215	0.04480314	0.0040067867	0.0014545262	0.042423606	0.020542365	0.00024841627	0.07148114	0.005306115	0.0034878438	0.005108633	0.0021660498	0.0002262372	0.009934726	0.055012602	0.022839613	0.019737372	0.007767697	0.006229501	0.02045942	0.0011880256	0.012006991	0.014745311	0.0036107916	0.0049545527	0.0042721997	0.002520012	0.0039529027	0.018831499	0.008083964	0.0012008998	0.032390203	0.0033513736	0.008624697	0.0029689034	0.003684723	0.0023728504	0.112729765	0.0436592	0.003125398	0.0019847006	0.051506843	0.001891267	0.0007882396	0.0014512669
ACC22-P9-G1	0.0005808458	0.24709213	0.00598485	0.013889451	0.020804081	0.0020876015	0.026161851	0.0001460494	0.03890288	0.006846577	0.0013205436	0.028500076	0.023160456	0.00048736346	0.06797155	0.00022275986	0.0036323692	0.006137383	0.004220493	0.0001764083	0.013778165	0.02907774	0.048168134	0.01331793	0.00810694	0.008718496	0.011055312	0.0033315823	0.005770233	0.026888493	0.0024929028	0.007878386	0.0073349634	0.0049750796	0.004216954	0.010158064	0.0086332755	0.001348978	0.060511157	0.0025628621	0.0066386405	0.0022166483	0.0042489944	0.0031118041	0.10500503	0.011191069	0.023023507	0.0021777644	0.05817904	0.0037415333	0.0008466619	0.0029677527
ACC22-P9-G2	0.0015397992	0.19885859	0.002523882	0.015730714	0.004149083	0.0011881114	0.0742572	0.0005024169	0.23263939	0.0032613592	0.0012455027	0.004986737	0.0150990775	0.0011651481	0.017795801	0.0023960422	0.0027226398	0.094425485	0.0034017481	0.0017295899	0.008775562	0.038144454	0.020425634	0.0512787	0.00832284	0.0024985874	0.0043713204	0.00017251317	0.0052028447	0.0024446745	0.008474251	0.0021083513	0.0018790615	0.0029515221	0.0033975625	0.0034304387	0.004882866	0.0008072636	0.010523969	0.0013658804	0.0029452532	0.00091324275	0.0073579587	0.00072617555	0.052064996	0.030921109	0.0027547474	0.02390426	0.014586774	0.00067619607	0.0008268398	0.0012457789
ACC22-P9-G3	0.0016041517	0.21016465	0.044202324	0.014714299	0.011277601	0.00062555267	0.0056754216	0.00047062177	0.019230524	0.0028484734	0.0003226199	0.04145527	0.00820478	0.005152485	0.035089083	0.0010214555	0.00604584	0.0048431773	0.0027029947	6.755595e-05	0.024005722	0.08026694	0.023602892	0.02283657	0.0035294655	0.1479664	0.011303018	0.0005645002	0.0027332262	0.01562881	0.0024122577	0.0025512145	0.0007969866	0.0037236637	0.0044273753	0.011966655	0.014581035	0.0006757321	0.022767743	0.010051984	0.004730394	0.0019303624	0.005876351	0.012309271	0.08881408	0.0137936575	0.001884697	0.0017076498	0.03513863	0.007589661	0.002092038	0.0020221248
ACC22-P9-G4	0.0011706115	0.2725937	0.00445891	0.0032046018	0.015859254	0.0009771715	0.016576843	0.0005459319	0.023538856	0.003790941	0.0034619155	0.059686437	0.05762705	0.0014485585	0.05235648	0.0013388416	0.0025641068	0.0058536343	0.0026333493	0.0005325502	0.012848462	0.06807247	0.023099756	0.021211946	0.0063754297	0.008105416	0.031054419	0.0008345543	0.0061670938	0.028545346	0.0027450596	0.00462291	0.001290491	0.001439457	0.0049910666	0.01891089	0.005492591	0.0015203145	0.013631762	0.0060701757	0.010212448	0.008373459	0.00699414	0.005161729	0.09144395	0.035706766	0.0030392546	0.0030820528	0.032573126	0.0039197505	0.00073761464	0.0015063325
ACC22-P9-G5	0.00014518984	0.24381429	0.0030527906	0.0055019464	0.02869927	0.00088955276	0.040841	2.8268321e-05	0.047666337	0.0029054268	0.00029744915	0.013523469	0.011707346	0.0002660661	0.01254367	0.005045928	0.003071511	0.14312766	0.003829251	9.7692064e-05	0.009090398	0.08244292	0.0593125	0.041956075	0.00678593	0.003998585	0.005205488	0.00036583733	0.0030466625	0.002826652	0.007365789	0.0021374633	0.0027495944	0.0010116787	0.00562375	0.006409002	0.0021837794	0.0015059628	0.006301406	0.000937807	0.016997285	0.0009285992	0.0022451014	0.00056050904	0.077875145	0.03955655	0.014386346	0.009511486	0.017610379	0.0012215211	0.00024165116	0.0005539696
ACC22-P9-G7	0.00067422417	0.28899142	0.0025157367	0.0039569163	0.007168621	0.0010929757	0.0731404	6.999992e-05	0.03374717	0.005879313	0.0005221612	0.017275633	0.0141592	0.00030998167	0.022044253	0.0009125935	0.01236334	0.1360558	0.009177335	9.8678356e-05	0.005049441	0.06636234	0.04861812	0.0041734413	0.009517492	0.004043444	0.003423639	0.0008936275	0.0038741918	0.007330856	0.0009277405	0.008299404	0.0012916607	0.0018567052	0.0025012281	0.005485034	0.0035229537	0.0019925204	0.024410117	0.0010133754	0.0211902	0.0016220195	0.0009726744	0.000303089	0.09869888	0.015975183	0.010057568	0.003158272	0.012183768	0.00034737258	0.0005141437	0.00023372029
ACC22-P9-G8	0.17888549	0.18090749	0.010027745	0.010781745	0.02853884	0.003457003	0.0141619295	0.00034812256	0.023934377	0.008089252	0.0024638046	0.035751864	0.021710593	0.023474744	0.01977	0.005906454	0.0035303668	0.011520462	0.0032955015	0.0016314756	0.012088055	0.021677744	0.027660215	0.010196775	0.007977919	0.0072432254	0.012892781	0.005812438	0.0092365965	0.029428264	0.0071686516	0.013018353	0.0079791695	0.0054139164	0.00800644	0.013561906	0.006341698	0.0018838062	0.033569794	0.005149613	0.046409417	0.006523828	0.004391197	0.0032257629	0.04782074	0.017309397	0.00802075	0.0038150402	0.018838605	0.00473466	0.0023536242	0.0020623652
ACC22-P9-H10	8.334333e-05	0.33658415	0.006994479	0.008338178	0.034429576	0.00084855926	0.049878396	6.27544e-05	0.02302855	0.002942649	0.00032611148	0.008133457	0.01139001	0.00031114812	0.015558862	0.009268635	0.013368353	0.024561942	0.03114803	0.00012141576	0.004521458	0.08300111	0.053517636	0.010630905	0.0059082946	0.0059590302	0.0028354872	0.0012739039	0.004733111	0.013784243	0.0017115036	0.008483847	0.0010427557	0.0011422046	0.0033760148	0.0029085525	0.001721407	0.00080514495	0.017635511	0.0013239415	0.024982618	0.0006246089	0.0030789657	0.00020702656	0.103485964	0.020253528	0.005585109	0.0009264869	0.033550873	0.0013057543	0.0016284441	0.0006759442
ACC22-P9-H11	0.0001566725	0.24814491	0.0030138888	0.003089966	0.005191876	0.0008742567	0.012507632	0.000413481	0.01517814	0.004003086	0.00105985	0.021325301	0.16991565	0.00058030506	0.026351862	0.0090184705	0.004512282	0.0049285744	0.0013888398	0.0021383145	0.008572978	0.094264254	0.013203277	0.019222915	0.004803695	0.0030771056	0.022197554	0.00015305106	0.0051393346	0.020143846	0.0019312865	0.0038512514	0.002715604	0.0016370422	0.01877839	0.00551439	0.0037519769	0.00062534295	0.02169468	0.0024930716	0.015095622	0.004326833	0.0013285449	0.00066986785	0.08004635	0.04748318	0.0097556	0.004445458	0.042462993	0.0052209706	0.0005392073	0.0010610301
ACC22-P9-H1	0.0010906252	0.24795988	0.0033184183	0.01525863	0.012653046	0.0009722104	0.01637503	0.00030177052	0.026166547	0.0033652661	0.0012409402	0.035965517	0.03412347	0.0011480793	0.038484618	0.009689834	0.005038558	0.010290855	0.0018088443	0.0031902592	0.017395817	0.028768258	0.045602106	0.026452422	0.007866409	0.008200719	0.02408599	0.0019464504	0.0035454072	0.011161178	0.006040129	0.0037543427	0.0020059568	0.0042359205	0.013468458	0.013420655	0.010643413	0.00087189564	0.053577755	0.005968067	0.014313946	0.006573789	0.005925704	0.0013545386	0.0977619	0.023198273	0.0057676816	0.0018191411	0.077234626	0.004927652	0.0008130027	0.0028560143
ACC22-P9-H2	0.0010477589	0.26748487	0.006988163	0.013098468	0.0150520345	0.0008295261	0.016164485	0.0008620407	0.033922702	0.0037035993	0.0014797567	0.06359737	0.010155514	0.00072986336	0.037015013	0.009902436	0.0042884555	0.01709615	0.0027638655	0.010440983	0.008442503	0.017298121	0.022663327	0.013502886	0.012510108	0.0052907905	0.010661752	0.003749512	0.014154712	0.012151963	0.008419619	0.0050116004	0.0036541712	0.028092181	0.002274823	0.016241973	0.0072830706	0.005935021	0.05153884	0.0019398055	0.0783253	0.0012486279	0.0028016488	0.002210931	0.08572274	0.021059219	0.0014839679	0.0031708232	0.031822715	0.00076364994	0.0015339806	0.0024166296
ACC22-P9-H3	0.0015036904	0.27681577	0.009706404	0.006151376	0.0055618566	0.0006907631	0.01351591	4.9895243e-05	0.042012177	0.003631525	0.0002777931	0.030069167	0.015512668	0.0008307823	0.035723217	0.012722938	0.004046025	0.007539033	0.0030279902	0.0012249518	0.012677959	0.064216636	0.05740285	0.018503731	0.005451096	0.0064102625	0.0066527836	0.0006093551	0.007578965	0.032012552	0.00884262	0.003086074	0.001634463	0.0035633368	0.002605506	0.0042909873	0.006184306	0.0008231314	0.04073591	0.0037640291	0.06587495	0.001565274	0.0022561217	0.00028096887	0.10892156	0.026154183	0.004940671	0.0020577693	0.02695552	0.0011069454	0.0006306424	0.0015949316
ACC22-P9-H4	0.0002872444	0.2816646	0.009667731	0.015229073	0.033353418	0.0008109016	0.030756665	0.0015047997	0.04272387	0.004424292	0.0009974609	0.016397946	0.014139531	0.00076331024	0.018879982	0.003845014	0.013808495	0.025562564	0.0041502374	0.0014382625	0.0077167316	0.05723926	0.027062938	0.046094842	0.0066806776	0.005061441	0.008279453	0.0025006162	0.008399747	0.014301537	0.005882821	0.006045817	0.0024673904	0.0052021528	0.004260769	0.013362832	0.0026268698	0.0013401369	0.04739978	0.0011437901	0.04216543	0.0010575472	0.0032189128	0.001532968	0.088488765	0.022409016	0.014341863	0.0027232687	0.027239366	0.0008046287	0.0011017645	0.0014416274
ACC22-P9-H5	0.0008163718	0.28397936	0.005604277	0.00870102	0.014079074	0.0009223085	0.030348318	5.7998757e-05	0.035475235	0.003305977	0.00076622155	0.02410742	0.008931097	0.00034758548	0.07310979	0.0007968897	0.0017298394	0.027171848	0.00393162	0.0019287254	0.006668712	0.048762597	0.022105837	0.03454853	0.006457344	0.005275642	0.008462276	0.00043719675	0.0057769627	0.0138289975	0.0044634463	0.0049197692	0.002528975	0.0010452585	0.003708483	0.009061727	0.0059008184	0.0008914639	0.01891705	0.0053360253	0.09783461	0.0012147063	0.0028736698	0.0012739614	0.08509074	0.035439886	0.0046419157	0.0039550923	0.02477323	0.005183278	0.002009184	0.00050147704
ACC22-P9-H7	0.00035370435	0.2630914	0.07126217	0.007427551	0.011138037	0.00093303446	0.0070458516	0.00047837498	0.01731863	0.0040240414	0.00088753627	0.034288317	0.013302387	0.00040380534	0.051981263	0.0026956315	0.0067788153	0.0036868632	0.0027307395	0.0009992291	0.0160657	0.020827904	0.020526871	0.0113396505	0.006508086	0.11978545	0.014040114	0.0024883363	0.0063573243	0.006851494	0.0036720028	0.0041797147	0.001548926	0.009664821	0.0033313578	0.007367263	0.016816145	0.0010286674	0.02235312	0.01887501	0.0040730704	0.0063613593	0.0097560175	0.020941531	0.07620142	0.0150479805	0.0035595365	0.002319641	0.03352486	0.008056525	0.0021763807	0.003526344
ACC22-P9-H8	0.0009464921	0.276893	0.013233348	0.0023824105	0.0099043595	0.0008340711	0.016735528	0.001811002	0.02216605	0.0039584744	0.0013576776	0.056548964	0.011688009	0.0064996476	0.07373576	0.0045295698	0.0009540775	0.015776431	0.0026713028	0.0161379	0.0072553637	0.016148465	0.020722602	0.043861493	0.0035430735	0.12837353	0.006074513	0.00024017924	0.0050253384	0.008196588	0.0011687953	0.004392096	0.0019627397	0.0028118384	0.0057430957	0.008845002	0.007659797	0.0007838108	0.01404351	0.004145577	0.0019526961	0.0026664261	0.0035402938	0.0059957905	0.100080326	0.034004968	0.0025128254	0.001748637	0.0121501	0.0039193016	0.0011837005	0.00048341174
ACC22-P9-H9	0.00030037048	0.29093483	0.005264192	0.0032482047	0.01547383	0.0009693206	0.04511047	0.000253181	0.067212425	0.0027404488	0.0013333497	0.040041804	0.01100287	0.00021417753	0.056003492	0.0010864212	0.017651092	0.019681776	0.002030424	0.0002748244	0.0075098425	0.009058852	0.028922405	0.0042506573	0.008231047	0.0038972772	0.015173069	0.0007134766	0.0071090306	0.0268683	0.0060100704	0.0027875616	0.0016054014	0.0037452776	0.003531419	0.012658058	0.0060680257	0.000750216	0.034083296	0.005180515	0.089854285	0.0016481042	0.0039167344	0.0049179466	0.08925945	0.010808664	0.003023247	0.0028451919	0.018114526	0.0029850688	0.002468786	0.0011767384
ACC15-P8-A10	0.0033303073	0.21195026	0.0069125476	0.0006251892	0.05399404	0.0015167387	0.013004363	0.0012251288	0.01654899	0.005011403	0.001324724	0.094880454	0.022875346	0.001649266	0.020722777	0.0102533465	0.011571683	0.00549369	0.005177661	0.0005790657	0.01101025	0.06050012	0.012481573	0.049848367	0.010581974	0.010897912	0.035701144	0.011691313	0.009466122	0.0216478	0.0008606864	0.008141006	0.009691056	0.0020443385	0.006729333	0.02833452	0.006075641	0.0029784536	0.014943015	0.0033282628	0.010284837	0.00677185	0.033292778	0.004201658	0.030746538	0.04366899	0.005007312	0.005545275	0.03720528	0.012004913	0.0012389517	0.0044317218
ACC15-P8-A12	0.0007338352	0.28375816	0.006717753	0.009383808	0.01195252	0.06686646	0.01344796	0.00021680805	0.03218099	0.0026837252	0.0019323847	0.014367719	0.010162069	0.00077593344	0.047487974	0.00018758836	0.006541006	0.0032832068	0.003183674	0.00029268124	0.018774165	0.031679444	0.031429797	0.034992058	0.016044993	0.013594029	0.005734129	0.0007697059	0.0078078117	0.01617271	0.0030298282	0.006712051	0.002213746	0.0022935763	0.0045172777	0.012606065	0.0076775793	0.0008818158	0.026166633	0.007797778	0.0030968573	0.0016172213	0.004940463	0.0063872007	0.092779495	0.043093145	0.0014476422	0.0027497879	0.063861944	0.0058775246	0.00424876	0.002848531
ACC15-P8-A1	0.0002338079	0.32124433	0.003573105	0.006227395	0.03906256	0.0013399645	0.010085572	0.0001134555	0.018382257	0.062465157	0.00072708784	0.012644379	0.017401269	0.0003153756	0.016072951	0.0034616233	0.015899783	0.0031296755	0.000935814	0.0026644995	0.015996728	0.060830366	0.05991279	0.011613914	0.0068634464	0.007548295	0.011020738	0.0007221055	0.0049098115	0.0073466036	0.0018717269	0.011688151	0.0011593755	0.0015777504	0.007326614	0.011683636	0.008473564	0.011654708	0.078831285	0.004435632	0.004429017	0.0010196099	0.0038592266	0.0033825259	0.050669473	0.011675795	0.02969967	0.002055578	0.025927361	0.0033445084	0.0012919479	0.0011979596
ACC15-P8-A2	0.00038218082	0.18379356	0.019366777	0.012923631	0.035568383	0.0010518889	0.009582577	5.8036945e-05	0.029042147	0.0033191866	0.00023622002	0.051566374	0.008124357	0.00063731713	0.08953428	0.01486783	0.013865106	0.005235692	0.002316101	0.008830195	0.020808475	0.119772255	0.024134478	0.041527964	0.0022460597	0.055153456	0.0048165335	0.00017342645	0.0018504065	0.022742279	0.0015597793	0.004270972	0.00020272975	0.0019000699	0.002993756	0.0037663302	0.007773076	0.0005306039	0.014044567	0.0065424778	0.0031298052	0.0023902978	0.002349807	0.0035943766	0.090900145	0.042312156	0.0031840198	0.0012364764	0.015000545	0.006984124	0.0012314812	0.0005752373
ACC15-P8-A4	0.0018440036	0.23747697	0.021500045	0.0065610344	0.02235403	0.00074350554	0.009455787	0.00042388015	0.0174852	0.0037210782	0.0036178806	0.047359362	0.040767506	0.004400794	0.052843917	0.0072420123	0.0035610178	0.004804959	0.0038691116	0.0003648514	0.0090224715	0.027920997	0.013671098	0.050928224	0.007833482	0.006649846	0.024105618	0.0020613149	0.007996029	0.046996992	0.0018671965	0.008065119	0.0020265277	0.0033099835	0.0046513584	0.0068661934	0.007904489	0.0021885023	0.011345049	0.004886424	0.00836094	0.04977585	0.0054860585	0.004172194	0.061713614	0.061885577	0.0007760659	0.0027538217	0.052671324	0.00928509	0.0009225478	0.0015031442
ACC15-P8-A5	0.0007674375	0.25484157	0.0034552962	0.0080483975	0.0091229435	0.0005243109	0.016022502	7.550412e-05	0.024420125	0.024525916	0.0011199453	0.02550517	0.0548557	0.0006364371	0.015738988	0.015600183	0.0053618513	0.005421697	0.0071364036	0.00023981814	0.014915314	0.026262302	0.025758583	0.05777532	0.005954795	0.011808967	0.027406204	0.00066078716	0.004801077	0.032031793	0.003108917	0.0041230186	0.0036711502	0.0014621516	0.0067882617	0.00796431	0.0039688097	0.0016975901	0.03755215	0.0028131257	0.013897815	0.0020464081	0.011276671	0.0019509136	0.045548577	0.061481588	0.057921622	0.0030488118	0.041848507	0.0042263214	0.00083745347	0.001970485
ACC15-P8-A6	0.0003036012	0.12528169	0.0030000007	0.0037724262	0.038857732	0.0010169036	0.107741505	0.001081596	0.25168845	0.0032389597	0.00082245114	0.0044282177	0.024656268	0.0023841453	0.0101545295	0.001720419	0.012817628	0.070165634	0.0027241693	0.00074820383	0.0035758496	0.02487258	0.020734867	0.050223734	0.004971523	0.0039310004	0.0025577256	0.014608236	0.0031806328	0.011696374	0.001723087	0.008785411	0.0005716527	0.0026025325	0.0028912667	0.027290357	0.0021225894	0.035619847	0.0056553935	0.0012678792	0.0028830937	0.0014553582	0.0024570692	0.0005948032	0.03034935	0.046527702	0.0027828158	0.0017161089	0.012334025	0.0007800719	0.001999399	0.000632984
ACC15-P8-A7	0.0012047495	0.23288698	0.005123602	0.0061938926	0.111962944	0.0007401643	0.0053573	0.0018380301	0.0076433658	0.0022562728	0.00022500848	0.0054911636	0.017983178	0.009810327	0.009755698	0.045557737	0.010008208	0.007354164	0.008538992	5.8862275e-05	0.01388102	0.048373256	0.022980591	0.011703675	0.009040035	0.18011758	0.014066337	0.008821827	0.0049950867	0.004388344	0.00041790144	0.00793876	0.0023461762	0.0036946826	0.005086234	0.0049189604	0.005605193	0.0024331925	0.012360765	0.0015311869	0.0026412774	0.0065629077	0.012495786	0.0055642715	0.028040165	0.016653763	0.0052056094	0.008696386	0.02417373	0.0036197787	0.0014558545	0.030199045
ACC15-P8-A8	0.0019246317	0.20573583	0.006989634	0.021481756	0.01565156	0.0011921731	0.0096030105	0.0010604247	0.038820032	0.007477302	0.004465705	0.043160353	0.03041569	0.0021373252	0.07048249	0.0055042035	0.006805123	0.0050266488	0.0030805094	0.0021724142	0.0151453465	0.027550641	0.02847341	0.021944003	0.014264513	0.007953412	0.024755655	0.0026296456	0.008238713	0.011672154	0.0059867464	0.00856709	0.014256835	0.0030886685	0.006542313	0.011174163	0.013217776	0.0010530713	0.036861733	0.0068496065	0.019907475	0.012531382	0.0062763873	0.015608399	0.07604267	0.0179291	0.008119384	0.0025261631	0.06688995	0.014982333	0.0018215835	0.003952879
ACC15-P8-A9	0.0016469696	0.22690189	0.00728561	0.0040178173	0.04442949	0.0008910534	0.010641172	0.0002651573	0.022720462	0.0038158621	0.0018505935	0.032655004	0.051354855	0.0005923012	0.040798917	0.011613302	0.017934991	0.0048611066	0.002935295	0.00022257054	0.013165293	0.041713357	0.03237321	0.07174569	0.0067113847	0.020139648	0.022706423	0.014987947	0.0064828712	0.025128322	0.0023750814	0.008358493	0.003944808	0.0044318554	0.005106701	0.010258984	0.011359608	0.0011102228	0.02143525	0.007143323	0.012593909	0.00531795	0.0057299375	0.009970443	0.042720743	0.043877047	0.0032624123	0.0024510908	0.040127747	0.008927663	0.0046543973	0.0022537014
ACC15-P8-B10	0.00029376853	0.17840053	0.006866925	0.009346383	0.011102526	0.0009107941	0.011190955	0.00010833215	0.030010805	0.00448807	0.0010538063	0.052441355	0.034555215	0.00023979203	0.059964564	0.0054186494	0.005830785	0.004668293	0.003937434	0.0022259047	0.013973314	0.03915792	0.020524574	0.10053139	0.010201983	0.01219903	0.07792737	0.00438893	0.0043142987	0.03689146	0.001388017	0.0027466759	0.0029180467	0.0018831036	0.005882534	0.008516641	0.009334553	0.0009915418	0.011764301	0.0050142873	0.006980716	0.009950248	0.0038404015	0.013164185	0.0314111	0.05082917	0.0003078081	0.0029705777	0.072710946	0.003521752	0.0025917953	0.008116479
ACC15-P8-B11	0.0026921548	0.17958304	0.02244047	0.0061761625	0.043694336	0.0015441639	0.01840004	0.0015234493	0.046295438	0.0049795588	0.0028998742	0.014422945	0.014043835	0.004169621	0.04072885	0.003454683	0.041578233	0.0095322095	0.00402382	0.00018841868	0.009002	0.07562198	0.08306377	0.051767156	0.008281526	0.007827102	0.008408394	0.012421271	0.005651682	0.021805994	0.003562909	0.0059508863	0.0031053815	0.005016113	0.0054043327	0.007832919	0.008551042	0.0011124277	0.015042108	0.0031183397	0.011233529	0.0022417228	0.0073629776	0.0040872055	0.038909517	0.039365105	0.0010425706	0.04822044	0.02822211	0.0034458009	0.005356025	0.00559436
ACC15-P8-B12	0.000940648	0.25632578	0.009791008	0.0041403966	0.009209244	0.0016554658	0.0062247603	0.00016307134	0.02579674	0.0036157223	0.00096209423	0.04245283	0.053272814	0.0011197526	0.06431281	0.0063679866	0.01050029	0.0047476185	0.003962192	0.00095357903	0.013894616	0.044346023	0.031962857	0.06073919	0.0049606296	0.01078465	0.029322911	0.0010986264	0.002859585	0.017653544	0.0024268376	0.002889148	0.0009121979	0.0036643287	0.004097534	0.006936176	0.011223166	0.002194437	0.015642613	0.0060678925	0.008202445	0.005832632	0.0044306573	0.005349053	0.10095304	0.062170688	0.0019266529	0.0024485704	0.017247623	0.0070371707	0.0031841572	0.0010255883
ACC15-P8-B1	0.00024121022	0.26278558	0.006993947	0.0055120694	0.023546021	0.0009811322	0.013778855	0.00010816551	0.024785766	0.008302099	0.00059597	0.028177025	0.136882	0.0003171253	0.03947534	0.0045456956	0.016499598	0.0062221265	0.0064933267	0.0015897703	0.011341322	0.051700242	0.026677271	0.027335078	0.006925647	0.0049703694	0.038472764	0.0017801707	0.0050051953	0.013627828	0.0015768815	0.004825952	0.0014914061	0.0015217004	0.0034061812	0.0073600234	0.0030278347	0.00078492286	0.0101074	0.0028853924	0.01323222	0.009089174	0.0048311152	0.0018505586	0.06850767	0.03611116	0.013112996	0.0031508168	0.03220772	0.0033597	0.0007399563	0.0011505322
ACC15-P8-B3	0.0006494353	0.2116498	0.01226185	0.014213837	0.02172555	0.00093241903	0.0064289547	0.0015752777	0.012578128	0.0056449976	0.0028213672	0.014269303	0.012688109	0.0014704089	0.03632822	0.009148487	0.013299088	0.003556806	0.049283348	0.00020275897	0.025825905	0.030617679	0.013959371	0.08470199	0.027375504	0.016839955	0.020196106	0.0049448605	0.0077704224	0.010863702	0.0015312425	0.011792224	0.005661273	0.00267844	0.004382214	0.010592351	0.010814988	0.0016009414	0.022556946	0.006314022	0.0022451663	0.0037115014	0.009268735	0.0046947873	0.04003366	0.056938004	0.0052886917	0.00264926	0.10064539	0.011943211	0.0027842177	0.008049068
ACC15-P8-B6	0.00038964362	0.2594079	0.007130752	0.0053771473	0.032036956	0.0009157709	0.011803237	0.0012345286	0.032456562	0.004095416	0.004823035	0.04247991	0.020404918	0.0006606546	0.07047204	0.0040762676	0.006771163	0.0045217513	0.0049511287	0.00027040663	0.010732275	0.050241582	0.024896672	0.0706386	0.010271784	0.008087513	0.014775385	0.0054280655	0.008823873	0.036883738	0.0038323372	0.007668728	0.004446096	0.0030459708	0.0040475563	0.009937611	0.0098809665	0.001888376	0.029940963	0.0073420242	0.004813174	0.0050311903	0.00639367	0.0059552533	0.05142177	0.04535302	0.001904075	0.0044693057	0.030369006	0.0031023438	0.0018776082	0.0022201599
ACC15-P8-B8	0.0019528351	0.17544863	0.005541539	0.0055933595	0.040514693	0.0010976454	0.0113519905	0.0006501589	0.02669899	0.0047679897	0.0029673078	0.027229197	0.1514979	0.0011063714	0.034383588	0.0043336265	0.007955232	0.0070091547	0.0036197768	0.00026735448	0.010165402	0.048092138	0.03079429	0.04109328	0.0073820483	0.0074737757	0.023574214	0.009954121	0.011321439	0.04499198	0.0037881748	0.0070672985	0.0025862108	0.0036322318	0.0028892665	0.005737579	0.008445442	0.003153109	0.012423503	0.0039848583	0.00811147	0.04347829	0.00866563	0.0029324053	0.04416185	0.042528626	0.0045338287	0.003179966	0.029186185	0.0037166686	0.0028687168	0.0040985984
ACC15-P8-B9	0.0024437732	0.15912297	0.008949731	0.008375685	0.08743772	0.017422684	0.018884473	0.003794632	0.044573557	0.003657569	0.0026326878	0.0066982787	0.018433696	0.0026181575	0.021765755	0.005413211	0.035053372	0.020716857	0.0028272835	0.0011695684	0.005469361	0.031070186	0.044370215	0.074570075	0.0070584724	0.020970892	0.0071244733	0.0683357	0.010921724	0.015341545	0.0067588123	0.007950666	0.0016708424	0.0030303164	0.00422428	0.0043474347	0.008685996	0.0015885845	0.015355432	0.0028119152	0.047892526	0.0034452851	0.011052202	0.006397646	0.013135758	0.06136838	0.0011738774	0.016931664	0.009692329	0.004455077	0.004110058	0.0066964994
ACC15-P8-C10	0.0004996901	0.15098614	0.03547725	0.015276144	0.065348916	0.0014933677	0.0145697575	0.015526204	0.04928119	0.0044876295	0.0017034429	0.011260327	0.013630418	0.006962071	0.015890693	0.012468228	0.04121957	0.013729057	0.005885297	0.00014683726	0.00569211	0.020092163	0.07804914	0.09983003	0.0071161	0.011054225	0.006808455	0.03480845	0.012693199	0.019871457	0.009219344	0.007980032	0.0043079318	0.004379788	0.0059053497	0.005524203	0.008311101	0.0017361236	0.014664768	0.0040812055	0.044197764	0.004904087	0.0043680854	0.005589851	0.017237425	0.0401943	0.0017377902	0.010507387	0.012254549	0.010545741	0.007431686	0.003063877
ACC15-P8-C12	0.00027616078	0.30194366	0.00553946	0.00924344	0.015049946	0.00095176895	0.008407171	0.0003796855	0.016770853	0.0037305213	0.002064506	0.030834991	0.040418644	0.0003868274	0.034841295	0.0074761305	0.004461656	0.004050196	0.0040271804	0.0019932934	0.022864165	0.015870716	0.016351052	0.079367764	0.009292898	0.0135295475	0.073681556	0.0013480593	0.0048042447	0.014754556	0.0007192559	0.0036454706	0.0033122874	0.0037153536	0.0075054225	0.014231857	0.0074265935	0.0010774655	0.023383018	0.009093458	0.0034595048	0.003016931	0.0045926115	0.008047268	0.071545765	0.04842415	0.0027535877	0.0027515267	0.031248748	0.0025704494	0.0012219835	0.0015454169
ACC15-P8-C1	0.0006071805	0.29763344	0.011126107	0.00820873	0.0068956786	0.0009310459	0.007146629	0.00011652941	0.023994623	0.0037250302	0.000987844	0.025708342	0.009282662	0.00064862974	0.055449307	0.023873426	0.011726002	0.0083845565	0.0025473807	0.00016879909	0.019568045	0.03407399	0.032944117	0.02494424	0.010075159	0.09942662	0.008389622	0.00087631284	0.003190202	0.020196201	0.0025268174	0.0046722977	0.0043791784	0.0061986977	0.0044880705	0.006334745	0.015593708	0.0007885568	0.013617162	0.009724123	0.0027881754	0.0043347185	0.007449047	0.006559191	0.078203216	0.042255558	0.0024310595	0.0020819074	0.02005156	0.0046078917	0.0037738641	0.0042938185
ACC15-P8-C4	0.004374217	0.18765731	0.0061829905	0.004561236	0.01279827	0.0015051154	0.011969286	0.0005759464	0.0208123	0.0030513827	0.0030623535	0.03723649	0.12795323	0.0011796508	0.042219322	0.0075652204	0.019188207	0.01170324	0.0018347773	0.0002495913	0.007929747	0.05120591	0.021466425	0.04570992	0.00887582	0.010826486	0.025997113	0.0016201118	0.0075946287	0.030696116	0.0041496656	0.0058261617	0.007833325	0.0023309866	0.05768825	0.010117996	0.007139031	0.0009703761	0.012133026	0.0033613387	0.01146213	0.011690278	0.015247697	0.005114235	0.049700446	0.045367043	0.00096023676	0.0030294324	0.023245761	0.0019391227	0.0013038466	0.0017872524
ACC15-P8-D10	0.0011235812	0.12689345	0.008577082	0.005950235	0.049025424	0.0009045233	0.009860926	0.0006340118	0.016665924	0.0043992265	0.0022039888	0.038122404	0.043892793	0.0013832739	0.058864243	0.0019679626	0.031188548	0.0091636265	0.0018609504	0.0013920257	0.010895555	0.045858663	0.018192584	0.059092417	0.0043314258	0.017106326	0.025367713	0.024161883	0.00736863	0.040756218	0.0023637991	0.012564989	0.008222065	0.0026930813	0.011875986	0.008514958	0.01410432	0.0014297324	0.027600368	0.008989851	0.021123536	0.005640199	0.009416168	0.01621282	0.01815141	0.022317972	0.00083619956	0.004342852	0.1051457	0.021566767	0.004513689	0.0051679825
ACC15-P8-D1	0.00037847	0.26986307	0.009916767	0.0036612207	0.020976165	0.00096986274	0.014181138	0.00016364647	0.034794506	0.0036905606	0.0010990774	0.045729656	0.016586728	0.000476085	0.07299669	0.002034718	0.013414137	0.008068453	0.009052447	0.00034194902	0.0110710515	0.06416606	0.025969049	0.04859525	0.009169977	0.0055746506	0.012189014	0.001904152	0.0045506484	0.033740103	0.004723342	0.007011259	0.0016629102	0.0022310277	0.0038744635	0.006220546	0.010312428	0.001283659	0.025105383	0.011517453	0.009100109	0.004079274	0.0027526428	0.0034970322	0.091311105	0.029443342	0.0015905971	0.002114248	0.030073604	0.0037161475	0.0018963946	0.0011577224
ACC15-P8-D2	0.0008292619	0.2718426	0.008729511	0.024700623	0.009377428	0.0008261352	0.009477532	0.00041184845	0.013838497	0.0062931306	0.002333643	0.05474031	0.012564351	0.0010178551	0.059098005	0.020063808	0.0061910143	0.003744669	0.003970575	0.004681922	0.013279429	0.09025479	0.015752967	0.051098518	0.011489214	0.0049702185	0.018050984	0.00061956263	0.0089941295	0.018037846	0.0013770404	0.0033380876	0.008814356	0.0017184945	0.0038743727	0.012208962	0.0077320044	0.0007907176	0.0121573685	0.0031341484	0.004792425	0.0030880652	0.0037374357	0.0024946101	0.06297097	0.051012702	0.0038582378	0.0034631568	0.0519754	0.007773675	0.00061871926	0.0017886802
ACC15-P8-D3	0.00096603675	0.21746416	0.011067363	0.0016980465	0.015346881	0.0009519812	0.0092501035	0.0006390226	0.02767019	0.004037242	0.0008686545	0.034340695	0.070999734	0.0019234727	0.04776388	0.0048718876	0.0058041783	0.005461347	0.0026367477	0.0002716738	0.011152357	0.037676413	0.018151335	0.051408086	0.0073557952	0.018567264	0.049399883	0.0010059518	0.0034641395	0.037856497	0.0022538216	0.0033904163	0.007194852	0.0017427476	0.005260067	0.0061972286	0.008714873	0.0010921173	0.015353302	0.0454145	0.0054899245	0.01754107	0.0026353828	0.010175378	0.074971594	0.04589149	0.0011059954	0.004598746	0.02545926	0.011972888	0.0015506659	0.0019225569
ACC15-P8-D5	0.0002444451	0.30326152	0.0052860132	0.011641765	0.057617784	0.0017041517	0.017876327	0.0046323976	0.039231703	0.0040179086	0.005656772	0.02448105	0.012104409	0.0016679422	0.06632909	0.02789101	0.0023113948	0.005897551	0.003833847	0.00025457278	0.011230412	0.023526559	0.019072248	0.008230066	0.018619902	0.0060767313	0.01639278	0.0032745176	0.012776793	0.0068984833	0.0014248965	0.0076597626	0.018723233	0.0013834048	0.0044864146	0.020813514	0.009186892	0.030175688	0.03881565	0.0030341456	0.0064107464	0.0036970424	0.004258865	0.0063439296	0.08323529	0.012251297	0.0026478467	0.0027601987	0.01827341	0.0011683267	0.00033454518	0.00087475113
ACC15-P8-D6	0.00059185707	0.2402743	0.012591888	0.0033010142	0.033743497	0.018488405	0.01125318	0.0024781823	0.048218958	0.003592057	0.002020978	0.03558402	0.010239449	0.0012467791	0.037328012	0.006939975	0.037437264	0.007173311	0.0031528268	0.00066841743	0.008410587	0.05509095	0.059138086	0.08068537	0.005035494	0.008045301	0.01251296	0.0066934866	0.004910094	0.018573808	0.0022429496	0.0070963316	0.0062141214	0.0053623817	0.00365875	0.009950079	0.008674069	0.0014523712	0.01280129	0.004801464	0.0073920544	0.0027206203	0.008207541	0.00787458	0.04535169	0.053568043	0.0015419964	0.009030403	0.013730119	0.003545664	0.0043121777	0.005050726
ACC15-P8-D7	0.0013242512	0.21987443	0.0062433584	0.0016855034	0.07545137	0.00064976857	0.008581264	0.00012868113	0.01754284	0.0028247999	0.00031379983	0.015038411	0.013284576	0.0005704036	0.007834094	0.018048776	0.012230789	0.0042861435	0.0026906435	7.932775e-05	0.0041140174	0.07563985	0.01765345	0.10352804	0.0057037757	0.109936245	0.016279655	0.010443166	0.011398449	0.023816362	0.00049185724	0.004458927	0.005928309	0.001665141	0.0029747796	0.0052517503	0.0041041872	0.0009576301	0.010654635	0.0130868405	0.0032651627	0.004962382	0.01094919	0.002899495	0.046252664	0.06364561	0.0005743013	0.0011745347	0.02054227	0.004566356	0.0029508963	0.0014468903
ACC15-P8-D8	0.0020297442	0.20453548	0.029598802	0.008925144	0.05089358	0.0012555321	0.007673615	0.00084450975	0.01737558	0.005176685	0.0016645688	0.058971893	0.033307463	0.00532926	0.033935834	0.016460715	0.008177014	0.0063148583	0.0037106082	0.00037074965	0.0073850867	0.039082404	0.014367062	0.052393176	0.0065665073	0.015191478	0.05077353	0.009983934	0.005219671	0.02358067	0.0027730847	0.008007694	0.0030506004	0.0018001457	0.012158713	0.008260416	0.006727026	0.019003073	0.013622964	0.006952249	0.010328538	0.029790647	0.0043937634	0.0026916936	0.026181785	0.040192474	0.0034948369	0.0016625206	0.062202066	0.013280101	0.0010225896	0.0013079377
ACC15-P8-D9	0.0023749126	0.16065797	0.027310655	0.005522667	0.04115776	0.0010140435	0.021139532	0.002150134	0.056827374	0.0030877881	0.0018928372	0.017248668	0.013032361	0.0056180446	0.017884439	0.017953577	0.008846396	0.014314877	0.0022831946	0.0008809447	0.00856487	0.021621093	0.11876277	0.06227514	0.007131362	0.021293549	0.005498588	0.035980526	0.005869757	0.06537122	0.003908614	0.007983154	0.004368076	0.010322203	0.009877517	0.008157116	0.0148171075	0.0010428329	0.014840818	0.0071692476	0.0057591586	0.0037550835	0.012426746	0.0033514893	0.019688932	0.049644932	0.0043855193	0.003000158	0.022071104	0.008575562	0.008013746	0.003273845
ACC15-P8-E10	0.0018200214	0.196062	0.016763339	0.0015238653	0.024291426	0.0009322653	0.027231568	0.00035529427	0.070012346	0.0034378327	0.00079876225	0.0068195383	0.0153053785	0.0021748296	0.013480372	0.0024686456	0.035775155	0.030934956	0.004213113	0.00011930313	0.008339717	0.017516317	0.17034686	0.080225885	0.008372009	0.020063596	0.0056623085	0.031435657	0.004220924	0.011615182	0.0014246065	0.0101208575	0.0011660436	0.0029953835	0.002327174	0.0042815274	0.004512158	0.0012991377	0.021758184	0.0019995673	0.0038695738	0.0012127806	0.0093606645	0.0015100333	0.034890253	0.032748282	0.0058479183	0.008360107	0.023419946	0.002677825	0.0065950975	0.0053044376
ACC15-P8-E11	0.00109812	0.16849108	0.005453256	0.034709595	0.044351116	0.0010033061	0.0063767806	0.0005673306	0.013069456	0.0083150305	0.0009818214	0.039359026	0.02340916	0.0011166537	0.04469455	0.0046021543	0.010892815	0.003977709	0.0047247973	0.0026975102	0.028902315	0.03226858	0.016261714	0.07826078	0.019389275	0.016753236	0.02474238	0.010865333	0.008832311	0.03571661	0.0022988215	0.0060439017	0.014659367	0.007422223	0.0061275777	0.013930398	0.014783559	0.001007285	0.015601046	0.009530042	0.004980624	0.005426024	0.016244859	0.00823345	0.04528722	0.03966005	0.0015539079	0.0032829999	0.07066194	0.006338065	0.0065562925	0.008486376
ACC15-P8-E12	0.0010126281	0.24754041	0.0062042573	0.0016982014	0.018256089	0.0009860523	0.020390233	0.00028344712	0.044403564	0.0039628996	0.0013064522	0.017679656	0.03478944	0.0008731526	0.054685198	0.0065829484	0.011650151	0.010599294	0.0032664665	0.0058391048	0.010937635	0.021059442	0.03422965	0.073222876	0.0066640414	0.008827611	0.014668287	0.0010404738	0.0041102227	0.03254247	0.016889045	0.004312792	0.00083702063	0.005193072	0.0068959803	0.007876379	0.006045266	0.0010136412	0.027293535	0.008389831	0.02422421	0.00253508	0.003959678	0.0023123417	0.090652235	0.057531632	0.0023216112	0.0017252583	0.021437662	0.0036932556	0.0036175903	0.001930498
ACC15-P8-E1	0.0012085524	0.13743167	0.0010648182	0.0162551	0.0058836066	0.0014199733	0.046874825	0.0023216621	0.29828414	0.0036709039	0.009200012	0.0016410564	0.016327538	0.0027677517	0.03767606	0.015423712	0.011358543	0.19821581	0.0048344824	0.00013472013	0.0034454965	0.010976375	0.013896784	0.0023786845	0.012054194	0.0022805245	0.0020521213	0.001010794	0.005644371	0.0014774196	0.0016343098	0.007846432	0.008802954	0.006007781	0.0019390946	0.002532859	0.0048178965	0.00095564645	0.0056753927	0.0023093617	0.0013374445	0.0033647371	0.0053881635	0.005163667	0.025344837	0.014211771	0.015111084	0.005790389	0.0054339725	0.0011232962	0.0028029247	0.00519419
ACC15-P8-E2	0.00058427453	0.2818344	0.0069263764	0.017016675	0.010870282	0.0015043904	0.0131847095	0.0002589719	0.035786364	0.0060868766	0.0027975654	0.03390378	0.045550246	0.0007591871	0.07751627	0.008290457	0.010964644	0.008837813	0.0023797355	0.00032353774	0.015442742	0.075837635	0.029232264	0.027408665	0.005892676	0.004420726	0.0148271145	0.00049710245	0.004237929	0.015306181	0.0025535002	0.0036436026	0.0030377938	0.003633811	0.004908846	0.0077374997	0.0096535785	0.0011207712	0.019278072	0.0051587895	0.009975326	0.009664647	0.004230859	0.002763084	0.0768605	0.031647846	0.0039053352	0.0021596665	0.02986484	0.0074542924	0.0009784992	0.0012891113
ACC15-P8-E4	0.00082480564	0.15872373	0.0060463985	0.0029397174	0.041193634	0.0014573063	0.011879031	0.0013286961	0.01642444	0.0049035163	0.0025231342	0.02700171	0.17407064	0.0013965007	0.060337827	0.0072740316	0.005092587	0.008918407	0.009932778	0.0017618084	0.009164593	0.03431277	0.016504927	0.06501103	0.008125284	0.009903812	0.018323654	0.0034709505	0.0083328495	0.018621836	0.004305461	0.011218456	0.0021899352	0.0046291957	0.0086536985	0.010738806	0.006642328	0.0021408452	0.0089542	0.004840621	0.013505876	0.008831602	0.008372713	0.009059682	0.044947896	0.042564962	0.008830213	0.009351999	0.030067092	0.016988937	0.0030168153	0.004346236
ACC15-P8-E5	0.0007089383	0.18546298	0.017893165	0.012061266	0.030860411	0.0011843529	0.011066403	0.0022695602	0.038639415	0.007850509	0.0016594835	0.025219971	0.035978742	0.005833943	0.09559577	0.0057503427	0.024977813	0.0034932375	0.0046921154	0.00015440161	0.011726387	0.051624328	0.03119631	0.0058597066	0.0065538436	0.01558121	0.010609456	0.0020897249	0.0060067843	0.007889976	0.004026505	0.011257657	0.0016177216	0.0041001886	0.0053849486	0.0039929063	0.013550892	0.0010057241	0.018153727	0.012277816	0.005417793	0.047244236	0.0092807	0.0102662295	0.11092118	0.020349462	0.0031745352	0.0025453568	0.043355525	0.0036804364	0.0018378468	0.0060681067
ACC15-P8-E7	0.00044438848	0.15879308	0.003056609	0.006162497	0.10742296	0.0011114343	0.011500154	0.00062248117	0.022080863	0.0026598303	0.0005795384	0.016353993	0.02665365	0.0013860076	0.010952132	0.011753076	0.011275566	0.009198798	0.006492147	0.00018009088	0.014404522	0.03901571	0.021162001	0.08832256	0.011290682	0.014063364	0.033051506	0.05365369	0.008190714	0.029996991	0.0013623754	0.007088826	0.007903792	0.00233537	0.00769401	0.010833896	0.0074219317	0.0014899918	0.035419215	0.008953705	0.008444986	0.0037630838	0.009522415	0.0027714255	0.02607991	0.057118572	0.0019658068	0.0034338827	0.05993011	0.008028517	0.001240736	0.0053663556
ACC15-P8-E8	0.0009605384	0.19104564	0.00879714	0.002473403	0.0494467	0.00088165916	0.010808561	0.00044988256	0.016733242	0.0041620936	0.0014869898	0.054990448	0.043101557	0.0013577575	0.033262447	0.0043404824	0.0026219112	0.0045925486	0.012527863	0.00034061258	0.015804095	0.029892983	0.010280584	0.062219344	0.010971951	0.029461863	0.05818978	0.011419025	0.0077843154	0.035917535	0.0013929296	0.010815305	0.008462589	0.0039510196	0.031763155	0.015985062	0.007875302	0.0011591639	0.011856174	0.015392834	0.005221683	0.022230813	0.004520974	0.005812985	0.043621197	0.03859821	0.002662028	0.0026137247	0.030651614	0.014196064	0.0016538806	0.0032402817
ACC15-P8-E9	0.0010805195	0.21257456	0.013174592	0.009478447	0.08223892	0.00095189386	0.00787607	0.0009539706	0.036963295	0.016658904	0.0007177063	0.030532064	0.02390088	0.004615691	0.018492812	0.0015336813	0.015462659	0.005871368	0.0021996952	0.00011093711	0.009905823	0.04652407	0.014265756	0.010160681	0.022773229	0.02016385	0.030692764	0.03480933	0.010584344	0.010878166	0.0012516108	0.011113124	0.0194228	0.0025948402	0.0065824026	0.019601626	0.0068321135	0.0016574321	0.041827295	0.0133928545	0.008575385	0.021058388	0.0061213295	0.014454737	0.037442584	0.008615154	0.009843035	0.003401227	0.05531355	0.010482122	0.0020962814	0.0021734203
ACC15-P8-F10	9.0419366e-05	0.20831853	0.010347706	0.008686017	0.08831964	0.0011524189	0.0066663665	0.0003632431	0.017311798	0.0036186571	0.0005758935	0.030605743	0.01179956	0.00064726715	0.012860184	0.032078557	0.025173245	0.0074878256	0.003001671	0.00018429339	0.015959954	0.08867765	0.050262913	0.041027278	0.013879825	0.022694845	0.013717919	0.014063778	0.008728511	0.030716944	0.00048175352	0.014463372	0.004568301	0.0128548695	0.0052041137	0.0076447865	0.006839042	0.0011406018	0.03465356	0.0069046244	0.0031020953	0.003885155	0.010507437	0.00393931	0.041909494	0.026711423	0.003603399	0.0027010827	0.030080482	0.0032441607	0.00108838	0.005453831
ACC15-P8-F11	0.0015099142	0.2137019	0.009508547	0.0014641853	0.06760181	0.0006767326	0.009300438	0.001427619	0.022450332	0.013663802	0.000789135	0.019178795	0.018948285	0.0018505962	0.027078183	0.0023654136	0.0034892366	0.0058458503	0.0038316795	0.0002746714	0.005787376	0.03545021	0.02116321	0.092408	0.0043405173	0.18590616	0.01097788	0.0035559528	0.0029832458	0.01627931	0.001278916	0.004144147	0.0066827354	0.005848836	0.0027978509	0.0072577638	0.006305734	0.0009175925	0.015867006	0.005070623	0.004556514	0.0015841181	0.0028675187	0.0073674293	0.060318798	0.026510172	0.0074149747	0.0021249095	0.021167139	0.0030497524	0.0021677925	0.0008907997
ACC15-P8-F12	0.00059639633	0.28246775	0.0039137676	0.011175351	0.00948635	0.03807435	0.009619919	0.0008096383	0.04068795	0.002889044	0.0018497534	0.031844594	0.009788876	0.0009135688	0.043295052	0.0072261784	0.04121907	0.009708332	0.0013291368	0.00036180005	0.005218823	0.041985855	0.025944304	0.06837243	0.00798239	0.009676564	0.007509188	0.0006933541	0.010719967	0.027758213	0.008586583	0.0015322033	0.0026486123	0.0026380194	0.003761856	0.0044464897	0.004873252	0.0006093811	0.014977254	0.003930931	0.05076828	0.0024453055	0.0035576576	0.0035489083	0.053963352	0.05928968	0.00076186855	0.0027731825	0.01264256	0.0038642935	0.004560964	0.0007014911
ACC15-P8-F1	0.0003929223	0.27862772	0.03716275	0.011593695	0.021074148	0.00093679526	0.012320687	0.00013388148	0.03379584	0.020069148	0.00065953017	0.011581145	0.009196677	0.00067958835	0.014036991	0.015819935	0.093202	0.006172266	0.022307258	0.0023470547	0.00659915	0.094239056	0.06665481	0.062280547	0.0034386723	0.0039607286	0.0037960873	0.0015256439	0.0033764262	0.010355798	0.0009801167	0.005791669	0.0012917514	0.0015629967	0.0028593596	0.0032793602	0.0026191587	0.00062367786	0.012227023	0.0032113083	0.0036657297	0.000706609	0.0023119096	0.003123092	0.046097793	0.039426655	0.004716373	0.0017924848	0.013933493	0.00048636599	0.00037872413	0.0005774236
ACC15-P8-F2	0.0021237005	0.28290775	0.007105238	0.009875359	0.019069755	0.00084348087	0.009683912	0.0026469552	0.02314611	0.004464942	0.0024176808	0.037115786	0.028141491	0.004155674	0.045463584	0.014421538	0.0117863845	0.004087432	0.004477531	0.0003865923	0.015369318	0.05958201	0.017258758	0.0437793	0.009126328	0.008576954	0.026457664	0.003487762	0.005522859	0.035290916	0.0036147179	0.004410516	0.0037903823	0.002975229	0.008771237	0.055362094	0.011490301	0.0013942273	0.015173645	0.005876985	0.0047009075	0.004239506	0.004794534	0.0015486492	0.04255889	0.047135953	0.002727088	0.001771057	0.031190468	0.0046489337	0.0009904811	0.0020614946
ACC15-P8-F3	0.0006642347	0.21878013	0.031248039	0.007873924	0.018769324	0.039065033	0.017868448	0.0011053643	0.030476326	0.0052360515	0.0017021078	0.023689989	0.047529303	0.0042507877	0.027054109	0.009880422	0.0072620437	0.008182345	0.004095805	0.0007490835	0.015146927	0.027074648	0.041835338	0.0862796	0.0049484554	0.015693534	0.017757332	0.0043798727	0.005075309	0.029677216	0.0014178115	0.005486581	0.0017380137	0.0042069135	0.0088209715	0.0051567014	0.007201792	0.0011438165	0.024038875	0.005225496	0.004748317	0.0073887287	0.0039206506	0.004088872	0.043972712	0.04934956	0.016509546	0.001888978	0.038505502	0.008547571	0.002315798	0.0009756727
ACC15-P8-F5	0.00065003865	0.27703524	0.02650512	0.003656406	0.026367858	0.0007821561	0.00993304	0.00022840849	0.030306587	0.0036639376	0.0019270804	0.018080706	0.011279787	0.0006740502	0.04442387	0.00756586	0.007308671	0.007880475	0.004028251	0.00073340413	0.009770294	0.033097856	0.069020666	0.11456473	0.0062393444	0.021848831	0.009610951	0.0020793157	0.0027126009	0.020705102	0.006333581	0.0045873704	0.0013177526	0.009241977	0.0033573222	0.007871556	0.009916755	0.0010487202	0.027026534	0.00673175	0.0034648904	0.0016993416	0.0049405056	0.0029112177	0.058792293	0.044318907	0.0028628341	0.0014910382	0.014216548	0.0033593257	0.0110772075	0.0007518154
ACC15-P8-F6	0.0013106936	0.15154572	0.009017737	0.013272583	0.035278935	0.0010380883	0.017532974	0.002283424	0.0331038	0.0050979136	0.0038035829	0.068339705	0.022156933	0.0031782116	0.036533363	0.011409099	0.024393754	0.011048903	0.0038191641	0.00035036207	0.012792081	0.02360952	0.016040782	0.06903413	0.0050866706	0.012289637	0.0368076	0.020271668	0.0038929211	0.04072185	0.00841111	0.008309968	0.004414706	0.0024453434	0.0077818995	0.017341191	0.013626917	0.0012051419	0.027622001	0.009542056	0.018435298	0.005524365	0.0064139185	0.010276661	0.021318618	0.049067542	0.002329612	0.0026740427	0.05184875	0.02417858	0.008542851	0.0036276963
ACC15-P8-F7	0.00071626157	0.21316445	0.019528093	0.008088726	0.04270693	0.0011204978	0.009468238	0.0007579414	0.025463492	0.005799533	0.0023200728	0.005712266	0.014077756	0.0013192215	0.02540329	0.002451922	0.06236009	0.005526513	0.0028896045	0.00012785428	0.010021962	0.07284209	0.16188985	0.040005162	0.011862817	0.007322698	0.0050939596	0.034782797	0.010417943	0.022694787	0.0012839646	0.009631091	0.005834234	0.010947958	0.0027377503	0.005498412	0.0111083565	0.0019809033	0.015114773	0.002901573	0.0011547639	0.0028516895	0.009833823	0.004965189	0.019735774	0.030207576	0.0010635679	0.0054021096	0.017655373	0.00066588674	0.009804314	0.0036840246
ACC15-P8-F8	0.0007174802	0.19156574	0.026663823	0.009222077	0.06035026	0.0016248258	0.019990128	0.0008327293	0.04086489	0.0032074873	0.0018210913	0.01730279	0.01739178	0.00066592084	0.025239542	0.0064389715	0.025163908	0.02683619	0.0039171735	0.0017996489	0.019936949	0.04623535	0.08153613	0.05028864	0.0131522855	0.011566229	0.01218225	0.01572276	0.007482475	0.019081416	0.0020651694	0.008749529	0.0064986236	0.0055760327	0.0028975587	0.007418874	0.007160295	0.0016254163	0.019972524	0.0053172177	0.004396447	0.0027641368	0.005499522	0.0032889561	0.06691512	0.046504013	0.0030273406	0.005037828	0.026684595	0.0016956554	0.0043750107	0.0037292533
ACC15-P8-G11	0.09635587	0.1786265	0.0058201714	0.009552331	0.020686476	0.0009737099	0.010569776	0.0111928005	0.025352672	0.0032896837	0.0017329218	0.016939282	0.020279605	0.14085607	0.01067774	0.00604639	0.027945353	0.01550158	0.002176178	0.00020123764	0.0040446166	0.031883784	0.022514721	0.045551475	0.0063671097	0.0052879374	0.017613856	0.006084022	0.009822061	0.024547953	0.007206828	0.0055530905	0.0020152729	0.0034981105	0.009233498	0.0076275757	0.003748733	0.0014452098	0.01367367	0.004042324	0.045035444	0.0056611635	0.006490657	0.0033763195	0.029526219	0.036943745	0.0023785825	0.0034603796	0.010042473	0.013562002	0.0035630316	0.0034217157
ACC15-P8-G4	0.0021707301	0.22538362	0.013410194	0.0045562657	0.03980808	0.001398101	0.014655595	0.001188822	0.037610695	0.004069792	0.0034747769	0.034357484	0.02411913	0.001225007	0.03491963	0.0066822823	0.011254933	0.0048685675	0.004326427	0.0014743367	0.011526138	0.0616377	0.027857792	0.075129054	0.0061581535	0.012764241	0.022669766	0.0045161215	0.0047478974	0.01818282	0.0019964352	0.0070057753	0.006999766	0.0032607894	0.005024702	0.008809648	0.011316811	0.0012050447	0.020519825	0.009696128	0.0047145416	0.014997702	0.016653685	0.0056354017	0.05847687	0.040218417	0.0019707042	0.0018040477	0.049293492	0.011168516	0.001538737	0.0015488424
ACC15-P8-G6	0.0011709221	0.25313386	0.005625451	0.030455405	0.032111246	0.0012398106	0.018028386	0.0001432931	0.043335628	0.0043832473	0.0006264064	0.033305824	0.015270238	0.0006455165	0.042130888	0.009549885	0.032784026	0.0051977164	0.0033032838	0.002490577	0.005701322	0.121119134	0.032563943	0.016808111	0.0070615774	0.0048669386	0.012515686	0.0032503435	0.0061145877	0.020419698	0.0013942692	0.0062309112	0.0022522013	0.002866771	0.0042586992	0.008075667	0.0029152117	0.001530905	0.03795643	0.004801979	0.0069520036	0.026592845	0.0035841921	0.0014917963	0.06923215	0.019659061	0.002598514	0.0015464881	0.02545731	0.0029637315	0.0010588521	0.0012270848
ACC15-P8-G7	0.0017106037	0.18774319	0.03006712	0.0027964541	0.04856253	0.0013142023	0.012585612	0.0017961345	0.04023439	0.00699842	0.0018149201	0.014643179	0.00965012	0.0012643245	0.0207514	0.010693299	0.028669607	0.01087015	0.0029709013	0.00017932006	0.014651373	0.04868151	0.08775735	0.045102995	0.0082756635	0.022852942	0.010802202	0.044032134	0.008498299	0.017062528	0.0015201739	0.0068878424	0.007533473	0.019286046	0.006394686	0.0075475583	0.012923272	0.0016070253	0.016128603	0.0055584186	0.0049243355	0.0029198653	0.016179154	0.0039066942	0.045172732	0.04618187	0.005415263	0.0044950503	0.014231879	0.0033344245	0.0066655343	0.01815319
ACC15-P8-G8	0.00058210536	0.20521273	0.01999734	0.0056340965	0.061663546	0.0009148052	0.011739234	0.0008704639	0.026573975	0.007539622	0.0016699828	0.03827993	0.013647286	0.0016756828	0.034356855	0.002562877	0.013052112	0.012555743	0.005139086	0.00060631975	0.025335515	0.04708985	0.016379049	0.060378782	0.007909887	0.020332977	0.012326236	0.0045500277	0.0055711707	0.036759127	0.0032534748	0.010581538	0.002190344	0.0045013977	0.007951052	0.013307349	0.013914058	0.0013476862	0.016946947	0.009022663	0.004429381	0.0022330035	0.04947616	0.014455506	0.039157916	0.017243331	0.007598073	0.0042856038	0.051908437	0.012638476	0.0033540328	0.00929718
ACC15-P8-H10	0.0016609773	0.16083586	0.021129481	0.008383512	0.06252504	0.0009561919	0.00936564	0.0011102203	0.018543754	0.004300822	0.0013377497	0.022057127	0.013438224	0.0027469024	0.05629011	0.00893922	0.0067074383	0.00888197	0.005443752	0.00021464746	0.009844257	0.04386284	0.014788986	0.06905171	0.008505123	0.11251014	0.016277643	0.016146444	0.0071536372	0.023718795	0.0015206923	0.009173933	0.0030322196	0.0104602175	0.0077625313	0.011690052	0.012802541	0.0019936054	0.005117456	0.0068893	0.0055957027	0.004073462	0.01208712	0.034637395	0.023533098	0.05627348	0.0036759782	0.013538405	0.020452663	0.011550127	0.0033327455	0.0040791323
ACC15-P8-H11	0.00046869097	0.30414754	0.006486804	0.003085057	0.1258297	0.0010176436	0.0112373475	0.00042610487	0.023286425	0.0031040134	0.0003466315	0.026700055	0.020623792	0.00056944176	0.040782843	0.0051575666	0.027239991	0.0036470934	0.0012441964	0.01656732	0.013933319	0.05131831	0.022242278	0.014191136	0.0074926447	0.012275267	0.02609912	0.012886245	0.0067766053	0.017746773	0.0023375102	0.010638713	0.0028121816	0.0071134754	0.0039061147	0.009316042	0.01079248	0.0010764938	0.018280009	0.0066892807	0.006019104	0.007207034	0.008634162	0.002336232	0.031187957	0.022286514	0.0025684547	0.004462715	0.030100921	0.002764502	0.0009562637	0.0015840275
ACC15-P8-H2	0.00056149083	0.2934128	0.02438837	0.0019724641	0.022509122	0.0007642791	0.0127663165	6.901762e-05	0.022123763	0.0029674214	0.000883872	0.027857732	0.018370397	0.001777284	0.06387411	0.0035023529	0.008479659	0.0040389253	0.002614438	0.0002467917	0.009723993	0.031803254	0.02856768	0.0646764	0.0059844446	0.007215895	0.009608117	0.0015165163	0.0031056234	0.025496816	0.0021009464	0.0030864973	0.0012501853	0.0014823283	0.003421065	0.0057376735	0.0051113195	0.0010157821	0.013315671	0.0039031606	0.005774256	0.031898603	0.003975088	0.0013872413	0.066385835	0.080980755	0.0014679017	0.0015481665	0.058826618	0.0027345559	0.0010262779	0.0026906892
ACC15-P8-H3	0.0005469032	0.24581715	0.015546245	0.010659995	0.06367726	0.0010704098	0.00927156	0.00027106918	0.04546481	0.0129447775	0.0012468864	0.021809744	0.09025805	0.00071522605	0.07579285	0.011208668	0.004385878	0.0044320263	0.0015803551	0.00018170667	0.012535206	0.03920368	0.035315048	0.0059160558	0.013833189	0.0052331756	0.01915357	0.0077670724	0.013523165	0.008568018	0.0037578822	0.011453776	0.011190409	0.008189844	0.0049021016	0.007826181	0.012095289	0.0015205838	0.031874068	0.0031874536	0.008435482	0.004455379	0.0031406148	0.0033351744	0.07181252	0.010847337	0.0009404668	0.003361521	0.01528836	0.00079982425	0.0014330266	0.0022230498
ACC15-P8-H4	0.0010515322	0.2588534	0.017042879	0.016797787	0.027854852	0.0011193324	0.015607922	0.00023526268	0.05438667	0.002404339	0.0014613718	0.012797575	0.010756979	0.00036962816	0.032311566	0.005191091	0.06960054	0.011476261	0.0034698898	0.0007166844	0.012496623	0.0642194	0.11875033	0.028276974	0.004764968	0.010498094	0.0028154254	0.003264678	0.0032470038	0.012169043	0.0038593663	0.008665835	0.0007998924	0.0058652614	0.0042054285	0.004486574	0.013190252	0.0011983225	0.0110334065	0.0070514665	0.0031546506	0.0022022722	0.008294663	0.009571563	0.0371799	0.022994753	0.0064250953	0.0017584193	0.018715264	0.010775843	0.012167999	0.002395722
ACC15-P8-H5	0.0018028546	0.3421194	0.049083874	0.0025918363	0.027381979	0.0010446558	0.007995228	0.00045277615	0.038297694	0.00602333	0.00035181767	0.0092510125	0.011498571	0.0023145175	0.04404796	0.0035268574	0.030731589	0.005660366	0.0036984435	0.00111612	0.006450792	0.04500416	0.10424655	0.006139922	0.008765977	0.020204049	0.004281242	0.0042511583	0.00730998	0.0058808182	0.0042550033	0.004424036	0.0031442454	0.0062535745	0.0040292055	0.0047428445	0.008937899	0.0013968	0.018563181	0.0048343376	0.0051199654	0.0015162254	0.004899073	0.0014941905	0.080212735	0.008578919	0.0022452516	0.002892264	0.014034512	0.0012460832	0.002857204	0.012796982
ACC15-P8-H7	0.00042535327	0.11285167	0.0035268697	0.008071218	0.050925657	0.053782556	0.009988713	0.0010616214	0.017735008	0.006800241	0.0012855043	0.06938654	0.04502654	0.0005654541	0.02157641	0.0052316436	0.0033494285	0.0053207665	0.0051662787	0.00020030563	0.011996222	0.018652407	0.009850193	0.06159673	0.021289814	0.011592811	0.09007336	0.046770826	0.010390359	0.014437276	0.0015802692	0.008670756	0.007599146	0.003031393	0.006501837	0.009962342	0.008802661	0.0020629962	0.009727066	0.013533046	0.0044423095	0.03879559	0.0085083	0.00611495	0.023913534	0.053601168	0.002149044	0.0064287395	0.039666582	0.010924721	0.002354603	0.012701073
ACC15-P8-H8	0.00032615993	0.22719848	0.0026127829	0.0036928242	0.037898127	0.023015514	0.044743724	0.00053149444	0.036567666	0.00423201	0.0009164443	0.014543267	0.034094404	0.0003673111	0.018337227	0.0030464774	0.020034773	0.053822167	0.009326084	0.00019355949	0.007235595	0.025662113	0.029813021	0.027141556	0.018530864	0.0064515667	0.0046613817	0.009578505	0.013534669	0.02790476	0.0032981173	0.016396629	0.0020325906	0.0025181065	0.009944292	0.010151788	0.0027540892	0.011376648	0.040015247	0.0027114071	0.022982199	0.002550726	0.0055040703	0.00092466356	0.070306875	0.026326552	0.0037905031	0.003844833	0.04662375	0.0033014333	0.003708118	0.0029227796
ACC15-P8-H9	0.0010741357	0.1923863	0.01370565	0.009798868	0.030283062	0.0017849043	0.008823377	0.0011255154	0.020208681	0.0035832003	0.0013745644	0.011525534	0.033565316	0.0011459966	0.027135251	0.00678357	0.0079639	0.0079689035	0.0022639208	0.00070543995	0.0074060704	0.03396454	0.014570348	0.06479304	0.0071977065	0.20035204	0.014320587	0.014484119	0.0036566379	0.01981262	0.000948217	0.0050673247	0.001461697	0.008618861	0.0049981424	0.0060633095	0.0079547055	0.00419893	0.007034852	0.010390874	0.0029366424	0.006341822	0.013587771	0.024337865	0.03446113	0.037829928	0.0050872057	0.0056451224	0.02846202	0.009492867	0.0065944702	0.0047223317
ACC15-P9-A10	0.0050641247	0.16314402	0.023044828	0.0061904453	0.053869013	0.00097469136	0.016640313	0.00145853	0.026843945	0.0055069528	0.0036492706	0.034530133	0.067150235	0.001182977	0.028373348	0.008668316	0.012374672	0.008355144	0.007131326	0.00030025782	0.009308064	0.038996328	0.024752662	0.065493345	0.005412144	0.012249602	0.01804432	0.049218632	0.0034704197	0.03381341	0.0033129097	0.0074441363	0.011493791	0.006707067	0.007894403	0.007121567	0.00933697	0.0034569432	0.0170383	0.007545981	0.009397923	0.014061934	0.004428345	0.011163026	0.029886015	0.04113033	0.0031507942	0.0031240971	0.045116454	0.014522128	0.005938365	0.0015169609
ACC15-P9-A11	0.00074568973	0.26603478	0.043811124	0.007039394	0.012020306	0.001121013	0.011989397	0.00058812567	0.046507835	0.0032727786	0.0017014073	0.009104109	0.01088455	0.0019153638	0.050873056	0.019218255	0.043669086	0.009074018	0.0034654643	0.00089253293	0.010657572	0.030883059	0.16083217	0.032231558	0.00856415	0.0070520393	0.004278873	0.0029469104	0.0062964302	0.006226701	0.005606322	0.00377493	0.001547517	0.004958199	0.0038510123	0.0052069006	0.009631818	0.0015489284	0.020552235	0.0042723403	0.0047852932	0.001715087	0.004342472	0.0031669822	0.054751936	0.035063267	0.0022733181	0.003137588	0.00746432	0.0010862713	0.0035632104	0.00380215
ACC15-P9-A1	0.0006613399	0.29189983	0.007360046	0.01583013	0.004543922	0.00055317715	0.006048942	3.795232e-05	0.015480015	0.0032557058	0.0009661727	0.032747917	0.007963889	0.00019019995	0.064369254	0.024487512	0.010618323	0.0029085092	0.013799461	0.0028665806	0.011243111	0.086725496	0.0131959235	0.07836435	0.0039415723	0.0601072	0.008414444	1.5070075e-05	0.0028401494	0.0143049965	0.0011535449	0.0020795136	0.0010893687	0.0008004294	0.0029066242	0.0029126683	0.006637538	0.0003988124	0.004367781	0.0073485766	0.0027606913	0.0019352502	0.0021109842	0.0030435119	0.093250886	0.060168657	0.0023592315	0.0012171417	0.013865624	0.0031068188	0.0005070558	0.00023807441
ACC15-P9-A2	0.00066668016	0.28891626	0.013322542	0.0076550893	0.008890525	0.0008854054	0.0070807943	0.00094217376	0.026998289	0.010136818	0.0043987497	0.049515724	0.013968127	0.00080434355	0.10462674	0.014113459	0.03274996	0.004433721	0.0035911675	0.0003378946	0.014223325	0.04288534	0.017409185	0.023129687	0.0061872075	0.00858457	0.014457357	0.0013776744	0.0042969454	0.03486502	0.008329586	0.004266487	0.004290405	0.0025835922	0.006104879	0.006160726	0.016321791	0.0011157104	0.01476403	0.008898389	0.008305093	0.009491278	0.0071792193	0.0053530023	0.04326578	0.039910894	0.0048656226	0.002953848	0.021691415	0.014336368	0.0043086326	0.0040524458
ACC15-P9-A7	0.0014912817	0.20582661	0.0060307654	0.010400418	0.075489774	0.000873955	0.01735295	0.0017679159	0.021521855	0.0040335963	0.000572448	0.008397914	0.06486654	0.0024418337	0.0141888745	0.017815808	0.026935758	0.005393953	0.004917447	0.00038837251	0.0058360402	0.10154506	0.011868452	0.039624907	0.0069863466	0.0058438624	0.022966433	0.025974585	0.005115989	0.014026941	0.0007350561	0.013228523	0.004952311	0.0049437694	0.0904826	0.0047631375	0.009188168	0.0022632207	0.01612275	0.0042446475	0.004306703	0.00860527	0.0066458015	0.002382222	0.018172247	0.022996878	0.00730521	0.0034314191	0.032697048	0.007605857	0.0009506048	0.003480024
ACC15-P9-B10	0.0024107657	0.15828724	0.002779517	0.002683031	0.05685659	0.0016417139	0.074007235	0.0005433984	0.016858105	0.0060927034	0.0006630433	0.009038171	0.05596059	0.000547913	0.01369698	0.006043741	0.011938444	0.09284042	0.0048359046	0.00013324845	0.006462857	0.024715437	0.061389353	0.10704864	0.008234241	0.010010162	0.005130222	0.016213235	0.0044705435	0.010100819	0.0013797747	0.0064490354	0.002002767	0.0024228338	0.0064455657	0.0055691795	0.0033557902	0.00160457	0.022702517	0.0023490184	0.015634578	0.0015090505	0.014182475	0.002221868	0.03362824	0.045090213	0.0050618066	0.005115434	0.0338759	0.01195087	0.0019333321	0.0038809523
ACC15-P9-B12	0.00021497878	0.27031985	0.0064399126	0.0028503197	0.023317778	0.0008808189	0.01497343	7.523758e-05	0.020736901	0.002956648	0.0006220628	0.022303961	0.047693055	0.00021261738	0.030740168	0.004538166	0.010026967	0.0068734814	0.0028926076	0.00015838046	0.015676765	0.048761733	0.049806077	0.045633696	0.0062533636	0.012273915	0.011356054	0.0014290652	0.004543116	0.031472217	0.0009585798	0.0035662996	0.0009392137	0.0030894168	0.0048251846	0.010375906	0.005168986	0.0029953464	0.037546024	0.0041792337	0.0070560714	0.0015453898	0.005566196	0.002139587	0.077935405	0.05348712	0.005941406	0.015981555	0.05285731	0.0041973223	0.0012172485	0.0023978308
ACC15-P9-B1	0.0009578281	0.30365196	0.014521997	0.020593515	0.007678899	0.00094777014	0.014381235	0.00013039807	0.028529737	0.0032328255	0.00049794646	0.038446512	0.013798007	0.0023248247	0.05150245	0.0051554847	0.01754312	0.005298114	0.015993211	0.0001597662	0.014459533	0.0818143	0.025371324	0.05892943	0.013806614	0.0049975216	0.009158875	0.00031154667	0.006458123	0.026099568	0.0009308361	0.0034930492	0.0026336764	0.0011216967	0.004913491	0.014764395	0.0041122227	0.00083186297	0.01921243	0.0037229497	0.004046787	0.0007143704	0.0032177775	0.001545015	0.06637465	0.045941696	0.005748172	0.0018148624	0.02423758	0.001545548	0.00032073626	0.002003713
ACC15-P9-B2	0.00044998137	0.28606048	0.003964433	0.004570258	0.048206262	0.000977186	0.01075519	0.00025548387	0.016541338	0.0038424127	0.0015303335	0.019644622	0.014144713	0.00043156795	0.057508953	0.0050971517	0.004069955	0.0041393824	0.0027655037	0.00026781304	0.012147648	0.057000276	0.021844385	0.05234139	0.00888592	0.011199472	0.012286816	0.003045876	0.008818818	0.04213882	0.0010909139	0.0067130453	0.0021107066	0.002628256	0.005859836	0.0076410496	0.008406765	0.0011187288	0.024250086	0.0031113343	0.004088825	0.0028863521	0.0056029884	0.004117447	0.09719403	0.054570485	0.0025581974	0.0026092501	0.04366507	0.0016668863	0.0006670218	0.0025103092
ACC15-P9-B3	0.0025830609	0.2293178	0.012363816	0.0050544054	0.005765273	0.0008482548	0.013202004	0.0006193201	0.014539756	0.0038385128	0.0039347447	0.05066255	0.060841925	0.0022184171	0.077177145	0.01649315	0.010753391	0.0035540257	0.003938576	0.0004202949	0.0091691045	0.046114437	0.013043636	0.062340133	0.0047706068	0.012807664	0.026943251	0.00037529453	0.0069041713	0.03725621	0.0020077722	0.0054896004	0.0009058053	0.0020320867	0.010598301	0.008377449	0.008543033	0.0009917606	0.015577416	0.0060956655	0.0041029393	0.043537274	0.003381967	0.009396425	0.04867567	0.044084325	0.0015953586	0.002271884	0.032046597	0.01039018	0.0011583474	0.0008892726
ACC15-P9-B4	0.00018551487	0.22349606	0.0096226465	0.010410921	0.03142543	0.000993649	0.013696236	8.750732e-05	0.044820603	0.00635593	0.0013722971	0.033526007	0.015286087	0.00018580926	0.009156745	0.008634281	0.008013538	0.011750508	0.004728068	0.00023464848	0.009234321	0.051801495	0.034389485	0.069611974	0.011543811	0.021545721	0.02377085	0.005113209	0.009048386	0.049806833	0.0019022798	0.0058593825	0.007372139	0.0019276354	0.003668202	0.024166808	0.0040740543	0.0061201206	0.05976781	0.0036922283	0.016738378	0.0012478088	0.007837994	0.0055490583	0.047153328	0.042569224	0.0026413584	0.0021170739	0.028964566	0.0035954944	0.0015480521	0.0016384756
ACC15-P9-B7	0.0015672103	0.104437634	0.007878489	0.0038916536	0.12546062	0.0008699691	0.0076309876	0.00063977804	0.031353656	0.0039573372	0.00028496655	0.020133328	0.022789057	0.009553922	0.021497596	0.010047396	0.009643681	0.006946664	0.004882359	0.00062667707	0.01098585	0.10475988	0.018387854	0.09179803	0.006682368	0.014221037	0.0047660517	0.031570498	0.0039787977	0.017177789	0.00084339856	0.0074997856	0.0046596946	0.039538473	0.0076138154	0.0075710746	0.007376045	0.0009477486	0.019945312	0.006869857	0.006609908	0.0036531813	0.00483395	0.000983901	0.040704966	0.03418696	0.00084330677	0.0025939965	0.086567245	0.012632033	0.0014816856	0.003622604
ACC15-P9-C11	0.0008067491	0.27237773	0.017422745	0.0073674074	0.034892958	0.0009200543	0.020033823	0.00013048422	0.04338466	0.0033118932	0.0011760402	0.017606866	0.012051616	0.000982355	0.024815628	0.002889539	0.03250641	0.0066903178	0.0032634535	0.00017920202	0.014571804	0.043887954	0.08229382	0.052193396	0.013044006	0.005688305	0.0062363427	0.0055701565	0.008776508	0.014277897	0.0047933212	0.004956054	0.0024719306	0.016106093	0.002910011	0.006258713	0.008606846	0.0037568181	0.044530302	0.0035603207	0.006484523	0.0021087097	0.0056215683	0.0013328209	0.055344176	0.043170203	0.0020143436	0.0040741754	0.024767425	0.0008931499	0.0023982034	0.004490217
ACC15-P9-C12	0.0002182299	0.23084778	0.026054721	0.010746427	0.024928877	0.0009131344	0.007840849	7.0099275e-05	0.02014762	0.0094763255	0.0011124044	0.02884916	0.01274443	0.00021745318	0.08669612	0.011708159	0.013888939	0.0048511038	0.00551914	0.00020057369	0.009593867	0.06411373	0.025981823	0.045562487	0.0041057956	0.08854764	0.012458485	0.00075554044	0.0026074494	0.015413961	0.0012846714	0.009178202	0.0009972409	0.006495952	0.006672864	0.008975503	0.0066228393	0.0014503838	0.009158863	0.00464618	0.0035728223	0.0031697173	0.0035027587	0.012222375	0.08944988	0.036824826	0.0036236898	0.001917937	0.018326223	0.0024380644	0.0021222925	0.0011743368
ACC15-P9-C1	0.00033431384	0.32263872	0.010399214	0.010711847	0.017809477	0.0008732858	0.009443146	7.593347e-05	0.020784447	0.0033226847	0.0013894624	0.030019669	0.006868201	0.0002704126	0.06921092	0.007853971	0.0059207324	0.008461293	0.0041359407	0.00015435833	0.010457192	0.05309964	0.0245701	0.05064885	0.006575364	0.077461824	0.0076855924	0.0005040575	0.0052023954	0.00770693	0.002911451	0.0067901607	0.0023405696	0.0020089862	0.0046915207	0.005562545	0.011425628	0.0034170249	0.012551699	0.006201332	0.004772718	0.0018435573	0.0034180065	0.010780228	0.07124498	0.044294477	0.0020716477	0.003164054	0.015924674	0.0054877847	0.0028541428	0.00165278
ACC15-P9-C5	0.0017327255	0.22193642	0.023647498	0.010348025	0.010863073	0.00090865564	0.009812908	0.0001633735	0.023856347	0.0033963362	0.0019198227	0.025615618	0.016089013	0.0005516707	0.07618004	0.008903172	0.012715622	0.0043860213	0.0028267764	0.00211918	0.016706718	0.041544445	0.021931693	0.057880785	0.0056600105	0.06841562	0.0047865757	0.00068020984	0.003428624	0.02020628	0.0027760582	0.0052636904	0.004305773	0.0035708284	0.0058193807	0.0056967814	0.012527591	0.001074889	0.011139576	0.009281462	0.0033099558	0.006584802	0.0074937753	0.018437508	0.08427108	0.06971579	0.0015377267	0.0178395	0.020847969	0.006027065	0.001261536	0.0020039554
ACC15-P9-C6	0.006149403	0.22392969	0.004432632	0.004041717	0.029825851	0.0009985114	0.006865445	0.00039564795	0.027756985	0.0070890654	0.0029267443	0.063400894	0.039584227	0.00289664	0.036089685	0.0051861056	0.0056225494	0.004704046	0.0031196	0.0023241923	0.009016516	0.020112725	0.010877217	0.06645978	0.014009748	0.010092617	0.02460428	0.0065517337	0.010088169	0.04154984	0.0013412985	0.010888555	0.015863532	0.0038067338	0.006941119	0.0120491255	0.0070215915	0.0009355094	0.016373666	0.0040780935	0.012687668	0.022318155	0.0050774715	0.0066979225	0.03850166	0.06296827	0.0041842833	0.0034760488	0.0651829	0.0038665833	0.0014492141	0.003588387
ACC15-P9-C7	0.0004939713	0.20189303	0.0012423926	0.0026833534	0.064871505	0.0010155173	0.031066258	0.0018239326	0.018895717	0.005328056	0.0010633997	0.007663597	0.021002544	0.003374679	0.0064232326	0.0091460645	0.038809728	0.15740308	0.00752219	0.000304112	0.0033807107	0.03368712	0.0191675	0.07142085	0.011224249	0.005045161	0.009131001	0.048695486	0.008852985	0.030604806	0.0035472459	0.009226613	0.0026697307	0.003329555	0.005906499	0.004440282	0.0023585223	0.0045012375	0.0042333673	0.0015349329	0.018482475	0.006276264	0.01655477	0.0026458197	0.011884638	0.038568288	0.002440734	0.0132215	0.012053709	0.005739988	0.0015763183	0.005571233
ACC15-P9-C8	0.00091817963	0.24969809	0.004974748	0.0032342214	0.03790729	0.0010874206	0.009484264	0.0011821557	0.021910314	0.013172426	0.0018662085	0.025284128	0.011596942	0.0018659034	0.06137043	0.0069488194	0.0021358607	0.010689616	0.0021575382	0.00024142597	0.024362901	0.04593413	0.01976455	0.026066791	0.01424352	0.06851413	0.01740631	0.0035776582	0.0078074713	0.014989955	0.0013378774	0.005781226	0.017342905	0.0026355817	0.0033682524	0.008186859	0.009590093	0.001287129	0.015905837	0.004931671	0.0034062183	0.005652594	0.0073429653	0.0027709063	0.093866475	0.07469499	0.006141287	0.0044360096	0.016016074	0.001195443	0.0008902987	0.0028257912
ACC15-P9-C9	0.0013004241	0.17791554	0.0061118673	0.014035427	0.09615081	0.0009216302	0.006068307	0.00039621844	0.017516682	0.006724164	0.0018855296	0.015262081	0.11558882	0.000759321	0.029440152	0.0060927905	0.010407048	0.0026518442	0.0024550213	0.0012749532	0.01795894	0.05103393	0.013451712	0.027922604	0.011070881	0.007615958	0.059731197	0.019743605	0.009326996	0.038302317	0.0021260744	0.0049343472	0.0060942504	0.005528781	0.0040957015	0.009762108	0.012047189	0.0011302563	0.016960382	0.0044272617	0.0040899734	0.007871289	0.008989713	0.0057378034	0.04125072	0.041745912	0.014094092	0.003810258	0.028144158	0.0028096477	0.0013325817	0.0039007938
ACC15-P9-D12	0.00085065985	0.25992507	0.005733257	0.0061217123	0.013560841	0.00069427287	0.027145293	0.000324362	0.03178492	0.0045070252	0.0015813651	0.02327412	0.012471299	0.00069557095	0.03444805	0.009734941	0.05685934	0.014875886	0.0024901656	0.00025134752	0.0070579154	0.034080945	0.033405274	0.05220261	0.0064420504	0.0076238723	0.0070706117	0.00088130566	0.009947759	0.022027787	0.00953207	0.0044184723	0.0015809222	0.004569266	0.002453246	0.0048094154	0.008332363	0.00069236325	0.017183378	0.0077996994	0.045457445	0.0025240693	0.0024255766	0.001004193	0.06483176	0.09044011	0.0014030385	0.0024569493	0.032936364	0.0034588482	0.001877421	0.001743446
ACC15-P9-D1	0.0002705645	0.30641884	0.0041969623	0.010039742	0.00975098	0.0010139636	0.012088156	0.00033599485	0.034914408	0.0032632302	0.0012334002	0.03414486	0.028780058	0.0005804616	0.07532652	0.043590374	0.01195021	0.006157108	0.0017126933	0.00067786546	0.013181385	0.077513486	0.03246231	0.038157176	0.0066861985	0.0050909193	0.0069035715	0.00079432107	0.0033977947	0.010530013	0.0034404749	0.00360174	0.0006542549	0.005969149	0.0042456426	0.0041743605	0.008537839	0.0008727534	0.01546538	0.0037219438	0.0058373166	0.0029764508	0.01373223	0.0054682773	0.056295846	0.05296524	0.0052567846	0.0048841364	0.013488586	0.0023241779	0.00062713446	0.0042967894
ACC15-P9-D2	0.0002816678	0.27082652	0.008061547	0.0046476736	0.056826007	0.0010996421	0.010498704	9.483785e-05	0.02706406	0.0031535528	0.00043580905	0.04900668	0.0097637735	0.00021541708	0.029324844	0.014997613	0.014523075	0.0038898685	0.0029262325	0.00015247232	0.010206518	0.079504736	0.035104048	0.04893673	0.011673246	0.009942156	0.005841763	0.0016282531	0.0052850777	0.024990406	0.00024289911	0.006449189	0.0010050094	0.0014360936	0.0036386922	0.024686525	0.0036952936	0.0010648185	0.01986598	0.0008348629	0.0023168358	0.00090433226	0.004875108	0.0048338356	0.08265348	0.030225078	0.00710502	0.0027333791	0.051850837	0.00080554443	0.00015442658	0.0077198944
ACC15-P9-D6	0.000410277	0.1748556	0.0064528985	0.006106176	0.046704024	0.0009474175	0.009614651	0.00029432136	0.019431993	0.008681401	0.00271284	0.046443403	0.022670094	0.00076992705	0.036239214	0.021078745	0.013709381	0.0073081213	0.0062349006	0.00042052488	0.011379513	0.05650994	0.014148602	0.07056879	0.008116495	0.015849752	0.018390452	0.008176973	0.0061141816	0.06424061	0.00265261	0.008341206	0.00768747	0.003762605	0.0069325203	0.016694877	0.009275411	0.0012128849	0.017930048	0.007948894	0.0067070653	0.0066817803	0.0077921213	0.012883648	0.05736421	0.042301867	0.010683881	0.006871235	0.04777511	0.010528332	0.0015561084	0.0018347269
ACC15-P9-E10	0.00014681477	0.23446499	0.010927977	0.0060642906	0.013832257	0.0008293103	0.052432727	0.00028000362	0.02964103	0.0063385298	0.00061187934	0.019232923	0.024162231	0.0001699626	0.015799578	0.010179158	0.011586991	0.11890738	0.005162519	0.0001945633	0.0073259207	0.031102672	0.08026598	0.05430141	0.0057251863	0.0063802553	0.004273539	0.0036265026	0.0065916646	0.0152928475	0.001444237	0.005552033	0.0021845999	0.0036324442	0.0021710894	0.0037710825	0.0036580341	0.0053510037	0.021114387	0.002299563	0.026338255	0.0012515885	0.0072669787	0.000887315	0.06982612	0.035356484	0.002116352	0.00224015	0.020924313	0.0031648092	0.0022327674	0.0013654698
ACC15-P9-E11	0.00035705374	0.27973992	0.0074356366	0.0071332525	0.010368502	0.00093903963	0.009444609	0.00060485996	0.023641508	0.004020751	0.0016156434	0.03693171	0.013303867	0.00299968	0.07797959	0.015362442	0.006747854	0.007099644	0.004629507	0.00028361508	0.01769529	0.0729055	0.022169761	0.033979803	0.009425449	0.054471932	0.01102289	0.0009846966	0.0077474406	0.015683336	0.0030001267	0.00647143	0.0020973212	0.0054067886	0.0041688336	0.0074701346	0.008364222	0.0023165098	0.018665629	0.006302825	0.0032877857	0.0052130637	0.0038321482	0.00778887	0.07850926	0.05143161	0.0017218972	0.003611821	0.018745359	0.0014741356	0.002095915	0.0012995638
ACC15-P9-E12	0.0014247674	0.23979096	0.013520763	0.0012672154	0.019669453	0.0008176759	0.0123088015	0.00048403506	0.02589736	0.012307148	0.0018021624	0.03175753	0.015089817	0.001002963	0.07919064	0.009384827	0.023584459	0.0065524713	0.0035988456	0.0035127099	0.013761936	0.038857754	0.05696796	0.0527777	0.0069582905	0.011348164	0.01886034	0.0014132712	0.0054523833	0.017551972	0.0051102573	0.004153776	0.0017457736	0.0047383215	0.0043088915	0.0054975376	0.015647527	0.0011489395	0.026782364	0.007162107	0.009918267	0.0074973414	0.0053483546	0.0039862697	0.08720482	0.04214968	0.002456159	0.0023392953	0.025895534	0.0062312987	0.0024072542	0.0013558511
ACC15-P9-E1	0.00012702875	0.36631328	0.009204948	0.01186802	0.010006591	0.00088078843	0.0086870305	2.2035832e-05	0.014416444	0.003365711	0.0009064328	0.029581148	0.015532409	0.00030889147	0.044715304	0.015082693	0.01350749	0.0013363602	0.001808601	0.0028860928	0.020597167	0.10741381	0.013884353	0.00940253	0.010110174	0.0064709643	0.010028446	1.1306123e-05	0.006767718	0.023086816	0.0033033078	0.002115151	0.0022327495	0.0012015987	0.0039892797	0.0061951806	0.009141527	0.00057747273	0.024347749	0.004985373	0.0028483327	0.0010339125	0.0029805647	0.0022317143	0.08841466	0.04571034	0.0012616665	0.024600089	0.012421213	0.0010876219	0.0002674122	0.00072255114
ACC15-P9-E3	0.001053974	0.26518714	0.007380477	0.012281096	0.015177518	0.00081753	0.013162717	0.0005736927	0.022122413	0.006577506	0.0033273466	0.060900602	0.017713351	0.0012167359	0.070162036	0.013872179	0.035464376	0.0038475525	0.0030720073	0.00035767537	0.012091685	0.07374141	0.014925354	0.039003436	0.006239999	0.0074899737	0.010906495	0.00102584	0.0039979755	0.043236993	0.0018524219	0.0038061882	0.002968813	0.0020379613	0.003889634	0.0097622955	0.008161496	0.00087732327	0.01892583	0.006530773	0.0034215366	0.0018828051	0.0040745693	0.0041789217	0.056164876	0.04937092	0.0041739447	0.0019621754	0.044353325	0.0024956134	0.0012223573	0.00095926854
ACC15-P9-E4	0.00091253855	0.2551461	0.0074550575	0.010699539	0.02008546	0.0010236315	0.014404992	0.004373479	0.03034852	0.0044952966	0.007861208	0.032336075	0.03356379	0.001955374	0.105245	0.00470971	0.0023472442	0.004020625	0.0038886168	0.0017045046	0.01702071	0.019559883	0.013503277	0.007905783	0.014018764	0.005146332	0.05330847	0.004869153	0.0102876425	0.013549881	0.0035177062	0.010870686	0.03679885	0.0029949353	0.02029693	0.017527336	0.014785402	0.0024803693	0.025824467	0.008529128	0.0050005014	0.010662272	0.0039454233	0.009224869	0.06340007	0.023417288	0.0068335603	0.0023177527	0.02055433	0.0030654091	0.001152832	0.0010531744
ACC15-P9-E5	0.00050185545	0.2237342	0.005357073	0.003381066	0.017379139	0.00084446376	0.03715804	0.00016040959	0.046964973	0.0036159325	0.0005190448	0.019150889	0.025562204	0.0011754177	0.050443992	0.0064461753	0.024537563	0.014258877	0.0054134517	0.0017131467	0.008482274	0.036124554	0.028543591	0.06718979	0.004153361	0.007883707	0.01023019	0.00029956695	0.00419641	0.0121488925	0.012714172	0.005563361	0.00070192583	0.004092042	0.0062301476	0.0037658731	0.004788374	0.00056777894	0.022629019	0.0057400744	0.05004537	0.00141574	0.0010230736	0.0009153167	0.11556866	0.050972555	0.0036481055	0.0013072916	0.024777697	0.0052706273	0.009971001	0.00072151795
ACC15-P9-E7	0.0015969801	0.1720372	0.029965958	0.0028262148	0.09226958	0.00088687777	0.01870123	0.00092259026	0.029278744	0.007596706	0.002286052	0.017476773	0.012845441	0.0017067089	0.017543286	0.023241563	0.011086071	0.014195782	0.0036674466	0.00018840835	0.0055828774	0.07665843	0.10568604	0.05996794	0.0068220217	0.008260536	0.004303207	0.051902585	0.003950757	0.02604466	0.0005981673	0.012156811	0.0038720379	0.0042923144	0.0024224892	0.0072158594	0.0034964664	0.0067381863	0.021728445	0.0021792268	0.0041243387	0.0028636416	0.0053413506	0.002693859	0.034672923	0.038461827	0.00289666	0.0051390207	0.021033738	0.0017757978	0.002061802	0.004736315
ACC15-P9-E9	0.001036779	0.17439605	0.0077252286	0.010026657	0.07900916	0.0020780396	0.011735139	0.0007560676	0.025966065	0.006902828	0.0015669827	0.015644688	0.013791397	0.0023428742	0.034668554	0.0029389528	0.026421975	0.007918297	0.0029316342	0.0015954912	0.010324893	0.07521114	0.083331846	0.056687016	0.01237838	0.013414458	0.006828136	0.00867363	0.017561942	0.021662628	0.0022707789	0.014331841	0.0020843432	0.004163567	0.0054933312	0.009240002	0.004758264	0.0054182783	0.017696628	0.002034579	0.009244602	0.0022859448	0.011525422	0.003975202	0.06457869	0.052316647	0.00777027	0.005099431	0.029682346	0.002429366	0.0038563977	0.0042170817
ACC15-P9-F11	0.0015819741	0.24235505	0.011701717	0.01287497	0.026960079	0.00076200033	0.0073441616	0.00011730474	0.016314179	0.0031373536	0.0015275371	0.023614038	0.011899493	0.0007009928	0.02337405	0.030274171	0.01650296	0.0024157818	0.002224935	0.00019505444	0.022046331	0.08883856	0.01760242	0.06193062	0.023871064	0.009662651	0.011533479	0.0023443545	0.009465216	0.023646355	0.00061910413	0.0057424237	0.0072189136	0.005065724	0.0034953372	0.01155668	0.005001349	0.0007555318	0.019967854	0.0038335372	0.0030415806	0.002988208	0.009653472	0.0014171072	0.05940696	0.0846335	0.023996642	0.0017360091	0.038945027	0.0016709003	0.0011311569	0.0013041022
ACC15-P9-F12	0.0040855757	0.22766955	0.0033862656	0.009349074	0.009405076	0.0009722229	0.009468936	0.1270134	0.014639136	0.01737865	0.020026186	0.04931871	0.030421605	0.023142017	0.04988218	0.0067380867	0.0039394726	0.004553645	0.0028869717	0.0012896641	0.018628594	0.020021806	0.0072085247	0.0038863295	0.02468031	0.00952167	0.059581935	0.0007844782	0.012808669	0.016251212	0.00412885	0.008341601	0.013073044	0.0041639456	0.005568939	0.016717687	0.013733883	0.0012349198	0.019291824	0.0150935855	0.004500248	0.01086896	0.0039809323	0.018337717	0.035823274	0.01292935	0.0026057283	0.00341508	0.007580896	0.006129114	0.001972999	0.0015675215
ACC15-P9-F1	0.0014513804	0.21266359	0.021980233	0.013065355	0.008440648	0.0010649653	0.011974533	0.0029020065	0.022909407	0.003658462	0.004054756	0.03551836	0.03252556	0.0019892934	0.08005095	0.0064815627	0.002882418	0.004999102	0.001808469	0.00044450042	0.013074431	0.021168197	0.01917397	0.062514305	0.008137002	0.020781128	0.033725582	0.0007645329	0.007486183	0.010992471	0.0025455365	0.005832474	0.0014937078	0.0033238137	0.0069234497	0.020092234	0.011014438	0.0009920759	0.020289553	0.005170618	0.005728377	0.031801954	0.005651872	0.007633886	0.07396742	0.06172006	0.002502585	0.0022734546	0.052137814	0.005851861	0.0017759157	0.0025935743
ACC15-P9-F2	0.009268831	0.30941916	0.033641852	0.002654295	0.014178477	0.0010834143	0.014181711	8.517202e-05	0.058861185	0.0032164096	0.00073727546	0.021694593	0.007698765	0.0004644654	0.056375004	0.010222992	0.027676912	0.008077307	0.0027125508	0.00016741084	0.0064890375	0.039519418	0.091312334	0.04926074	0.004895888	0.0072777723	0.0031617978	0.00030707716	0.003817002	0.021728829	0.0025591129	0.0070401537	0.0005667049	0.0033749614	0.003911268	0.006004005	0.0053348877	0.0011098287	0.011126331	0.0029940393	0.0040759346	0.0013406768	0.001976573	0.0015107995	0.075655915	0.041867062	0.0019267339	0.0019084432	0.0115455715	0.0015138269	0.0015429293	0.0009266935
ACC15-P9-F8	0.0019471297	0.24695607	0.018091297	0.0035620993	0.01864506	0.0010302417	0.013185775	0.00028279156	0.03190159	0.0035002602	0.0019202173	0.0049229627	0.010964696	0.0011369945	0.017186614	0.016736045	0.04376703	0.01722412	0.0063965605	0.00024649344	0.011997181	0.113681726	0.16058932	0.025882103	0.007268608	0.0048456807	0.004994264	0.0022645625	0.008932727	0.0019160284	0.002393087	0.0064427503	0.0008562216	0.0041242386	0.004843042	0.0063912664	0.009393503	0.00079614983	0.015416685	0.0037456981	0.0042480873	0.0043609613	0.0040277927	0.0012761712	0.06891351	0.023686068	0.013693971	0.003961247	0.012483738	0.0023734046	0.002828203	0.0017679904
ACC15-P9-G11	0.0008463198	0.27039146	0.019587055	0.0068832007	0.013039402	0.0008619348	0.016923266	0.0017575364	0.053113233	0.002931972	0.0016835304	0.034143712	0.06283159	0.0013371634	0.0778217	0.002848886	0.010080788	0.0056630643	0.005462446	0.00019600088	0.007839156	0.027503403	0.0572721	0.024827473	0.0040259124	0.0147998305	0.009935449	0.0022503494	0.0025311632	0.029029848	0.00688038	0.004761545	0.0009403899	0.0072870417	0.0054050605	0.0050070714	0.010179997	0.0045493627	0.024362765	0.007371	0.00458759	0.005554645	0.0028520788	0.0032479088	0.062303208	0.032740004	0.0018587437	0.0017517485	0.029292284	0.0070222965	0.0027440402	0.0008818242
ACC15-P9-G12	0.00027305505	0.35274184	0.017510343	0.0030284834	0.0138875805	0.0017388917	0.011129124	0.000106439766	0.03133911	0.004420103	0.0009664126	0.011781552	0.008141025	0.0003208426	0.038145248	0.011451846	0.043162324	0.0042410796	0.0023628925	0.00022689071	0.00651232	0.08017831	0.09626564	0.02300965	0.007678424	0.0064371577	0.0051707188	0.00033290702	0.0075892615	0.017818507	0.0009703406	0.00446409	0.00096444663	0.002823925	0.001707479	0.003500004	0.004295031	0.0011227392	0.020868488	0.0011087479	0.0018800088	0.0016790775	0.0019407537	0.0010314822	0.09323183	0.03711825	0.0023960737	0.0025458822	0.0068870788	0.0002113772	0.00054303824	0.000741949
ACC15-P9-G3	0.00087232946	0.3131948	0.054925624	0.0053685494	0.007050606	0.0010135621	0.011526079	5.131309e-05	0.049857367	0.0030564747	0.0009944896	0.015919583	0.011389616	0.00026593314	0.04718883	0.004374462	0.021503892	0.008901161	0.005290527	0.0012082984	0.007077426	0.03882186	0.089724235	0.06229654	0.005144833	0.012208644	0.004059781	0.00076113536	0.0057421704	0.027633779	0.0013882024	0.0036495787	0.0013103428	0.0027146335	0.0029593997	0.006270689	0.005167554	0.0010132381	0.016578332	0.0018489641	0.0034242251	0.0011257769	0.0025685339	0.00209834	0.05935884	0.05609573	0.000883354	0.00093256694	0.009676417	0.0006440732	0.0017674129	0.0010998375
ACC15-P9-G4	0.00028013278	0.24044454	0.015553988	0.009638143	0.02483693	0.0010961111	0.01063741	0.00033082825	0.0541015	0.007814669	0.0025994668	0.040001508	0.027786873	0.00045155516	0.06532022	0.0014688686	0.0072792275	0.0062604398	0.0060974285	0.0003724731	0.008331791	0.056409616	0.02595847	0.06552251	0.0082123205	0.010963838	0.019446801	0.0029735994	0.0058498946	0.02629635	0.002223299	0.005667083	0.0023805767	0.002373048	0.004138533	0.0053792014	0.0071297763	0.00093664735	0.026934132	0.007140784	0.008585687	0.004963369	0.003949341	0.006319745	0.06318531	0.034797132	0.008541977	0.0023264454	0.03877987	0.00880673	0.002264888	0.0008390718
ACC15-P9-G7	0.0014893997	0.15868796	0.0030926522	0.002511709	0.09082459	0.0009989301	0.010984242	0.001093195	0.01608863	0.0053516016	0.0010708808	0.05331754	0.012066249	0.002083435	0.030318337	0.0073206644	0.010005616	0.009819934	0.0023900652	0.00015329264	0.018092047	0.03749671	0.017386723	0.05964227	0.021969268	0.025956515	0.014812253	0.0237114	0.013068975	0.030936372	0.00066334323	0.011564325	0.0031191339	0.0070587383	0.0050196927	0.02227848	0.007813667	0.0070621977	0.007862096	0.006303916	0.0043242	0.0034689887	0.01082145	0.0053267553	0.034858253	0.082716346	0.00158898	0.0051797675	0.069015004	0.013083907	0.0038578233	0.004271501
ACC15-P9-G8	0.0006563541	0.24543138	0.01633705	0.010418668	0.022211779	0.0009524231	0.009255881	0.00039672898	0.026008671	0.011146648	0.001999728	0.023292346	0.049966734	0.00061541284	0.033463757	0.013406467	0.010555654	0.0054066246	0.0039222613	0.00020221915	0.01872883	0.049380638	0.018835839	0.05244385	0.008645219	0.011991455	0.02584225	0.0028839826	0.0061366926	0.027718911	0.0035108654	0.0040340633	0.0026604722	0.0059486413	0.0040900614	0.00998917	0.011214278	0.0026704255	0.029652333	0.008550299	0.0027516694	0.015173906	0.008264897	0.013433546	0.040503047	0.05932033	0.005072749	0.0029700003	0.048328184	0.010062587	0.0017889346	0.0017549344
ACC15-P9-G9	0.0032367872	0.22561142	0.0041844663	0.004021574	0.071754865	0.00083366095	0.021739705	0.00042472436	0.039371952	0.00595586	0.0020330038	0.017444216	0.014500564	0.00096340204	0.03906925	0.004975089	0.027773248	0.021285126	0.0032460368	0.0016721181	0.007537288	0.029335117	0.029879192	0.07354077	0.007846506	0.010014002	0.01027563	0.011060156	0.012358231	0.03068065	0.00752982	0.008348662	0.005059086	0.0028136126	0.00568052	0.009117449	0.0065338807	0.0012051108	0.022177093	0.0028543298	0.053647507	0.0019532202	0.008889249	0.0045171436	0.04140074	0.043674637	0.004310766	0.006549179	0.020648047	0.005210196	0.0030408197	0.0022143207
ACC15-P9-H10	0.005904098	0.24326506	0.04197347	0.0034866387	0.033771	0.0012736497	0.0091365175	0.001497728	0.053426374	0.0037932757	0.0035968216	0.024614803	0.008615693	0.0024630015	0.033919103	0.003259727	0.031160768	0.006783323	0.0039872313	0.00031120516	0.017077954	0.032757353	0.064852014	0.050002515	0.015051685	0.008498593	0.0069081904	0.007125811	0.0087889545	0.04361338	0.0039999234	0.008453225	0.0035751574	0.0037840444	0.007815841	0.010000055	0.00907663	0.0012805335	0.015969647	0.0026781787	0.003437264	0.0015823935	0.010846053	0.0045160786	0.051571928	0.053539984	0.001997165	0.00297333	0.022417653	0.0017232115	0.0063607143	0.0014851654
ACC15-P9-H11	0.00019822374	0.33088246	0.01076491	0.004307624	0.023821574	0.02415129	0.013635858	0.00013309796	0.017038299	0.0029773938	0.0007878748	0.025296748	0.0135497805	0.00047900568	0.042636495	0.0028353692	0.007374234	0.0032107278	0.0032350812	0.00024035113	0.0131910825	0.040054116	0.0129490355	0.06629491	0.012222571	0.006862217	0.011324735	0.0003135758	0.011921593	0.037401024	0.001387069	0.0031121022	0.0048564402	0.0012932	0.005103254	0.012064433	0.008312451	0.00089156406	0.020992957	0.006399791	0.003826745	0.0015718439	0.003978737	0.0019454366	0.0777133	0.05651926	0.001650267	0.0026720082	0.04168322	0.0017789584	0.0005137951	0.0016419597
ACC15-P9-H12	0.0060049007	0.23387611	0.008422384	0.012427287	0.008009984	0.0009253213	0.013787347	0.00043337958	0.03328766	0.003256557	0.00312331	0.057177834	0.01806628	0.0008083238	0.07854333	0.008983885	0.04402552	0.006825165	0.008244872	0.00038396555	0.0066265366	0.044184137	0.02915491	0.069209054	0.003853182	0.0047648856	0.012601305	0.00024681588	0.0032422193	0.047123052	0.0060577146	0.0043184655	0.0016780018	0.0050582904	0.004083709	0.0049255886	0.0066774986	0.0008082292	0.018384421	0.004015562	0.0077521265	0.004754478	0.0028403357	0.004275095	0.07014628	0.052885063	0.0026869923	0.0018609088	0.021898264	0.0059811114	0.00090291246	0.00038947858
ACC15-P9-H1	0.0014266004	0.22617826	0.003996689	0.004029147	0.007839348	0.015857715	0.049124263	0.00035479316	0.031149179	0.008705777	0.0017248023	0.008460086	0.013799996	0.0014073519	0.029482987	0.017736055	0.070339195	0.09212026	0.0022885934	0.00021302442	0.0067535504	0.039110474	0.044591796	0.07820469	0.003502694	0.007444489	0.0037867809	0.00052069005	0.0035448684	0.016098907	0.0028217256	0.001549249	0.0006045578	0.0024296856	0.002444697	0.0027738982	0.0032637704	0.0007992009	0.010220293	0.0010053277	0.007396275	0.0015194331	0.014578543	0.0018568136	0.07962678	0.038248643	0.0054128272	0.0043350947	0.005550172	0.0016559487	0.003414743	0.018699357
ACC15-P9-H5	0.0002533941	0.264579	0.0032455511	0.002943644	0.019050054	0.0009102887	0.015364732	0.00046045298	0.03490705	0.004338364	0.0014433771	0.017061234	0.12791488	0.0014795408	0.020041006	0.008700933	0.008191589	0.0055152923	0.002216405	0.0018632979	0.0077846656	0.066513896	0.036260676	0.048543543	0.009393039	0.006502761	0.020041648	0.0010919017	0.006727717	0.027538512	0.001428735	0.0034590322	0.0014062045	0.0018799504	0.0037935027	0.005593018	0.004485488	0.00082549953	0.023577979	0.0026360692	0.003928149	0.007823374	0.0037903192	0.0022128532	0.06782613	0.07563497	0.0031663242	0.0028305007	0.010528952	0.00090961903	0.00080692046	0.0005781029
ACC15-P9-H6	0.0010870268	0.27172622	0.008769078	0.02273477	0.020788884	0.00095492194	0.009141121	0.0012393458	0.032321244	0.009020606	0.0034799343	0.023684401	0.018288359	0.00067800656	0.08378916	0.0026246435	0.016294427	0.0049740165	0.004936651	0.0054802713	0.010998357	0.08075156	0.016786622	0.01621467	0.0125346	0.013642174	0.011178509	0.009440848	0.0072163036	0.023306895	0.0040768315	0.011803168	0.013129342	0.0030033542	0.014986337	0.009762972	0.0172425	0.004507869	0.013987269	0.005481969	0.0061464417	0.0035969815	0.008037648	0.008713738	0.051373757	0.032057665	0.0031682078	0.0028859172	0.036074184	0.0024841572	0.0016996528	0.0016964602
ACC15-P9-H7	0.00063612155	0.14135404	0.013427821	0.0033981628	0.10749632	0.0011481523	0.015395197	0.0020362793	0.02308538	0.013038767	0.0021658586	0.015106911	0.04703522	0.0010903297	0.022315675	0.024918973	0.03533763	0.0057171406	0.0023581902	0.00019173807	0.0076223733	0.046751082	0.034746733	0.048330255	0.0070765056	0.010724237	0.027292188	0.058537696	0.0070302393	0.0136135295	0.0024895458	0.00399289	0.0033580884	0.007211694	0.004507015	0.01030149	0.01036511	0.0011639403	0.018587384	0.0058922735	0.009749216	0.013250155	0.012808489	0.003052522	0.03384318	0.038739897	0.018259928	0.008998967	0.03401029	0.014734963	0.0023625516	0.003341609
ACC15-P9-H8	0.00039606253	0.22840306	0.018451069	0.011463458	0.03157789	0.00081541296	0.007477442	0.00010121101	0.016005283	0.0047154264	0.0005129098	0.03090119	0.012281748	0.00042635197	0.06240959	0.0060905004	0.005193829	0.0049167257	0.0040364615	0.00020776471	0.00940922	0.045281496	0.017239315	0.035613477	0.0065215062	0.1435026	0.0039259433	0.0006598605	0.0064930758	0.025238117	0.0011758914	0.0048891166	0.0006359745	0.0072269905	0.046409313	0.0069317836	0.0076334327	0.0007219417	0.009410113	0.0032219123	0.0027818677	0.0013002886	0.014212812	0.005179306	0.08183694	0.03995019	0.001899323	0.003432138	0.014948323	0.0011297117	0.00080525526	0.0039992817
ACC15-P9-H9	0.0022778066	0.195522	0.004928846	0.0014454752	0.031442434	0.000838522	0.05096127	0.0034986066	0.014836647	0.0034359663	0.002796201	0.005530858	0.07670565	0.002080943	0.013356158	0.0050044507	0.056969956	0.12446098	0.0048534595	0.0008381184	0.0060593234	0.049861267	0.01745038	0.06268346	0.012439424	0.004633466	0.009399008	0.0061297812	0.013317201	0.011935916	0.0045745163	0.003965703	0.004633356	0.0041343193	0.0041095144	0.0038472665	0.004864577	0.004479359	0.007377767	0.0016606629	0.041792743	0.0030800737	0.0070104348	0.0051458776	0.02940132	0.040703706	0.00085980585	0.008809241	0.0092043765	0.004874469	0.0027155192	0.0070617544
ACC7-P19-LN-A10	0.0074174413	0.17789021	0.011010101	0.017101701	0.09840581	0.0009872557	0.009395236	0.0006058415	0.022094354	0.0071140225	0.0014624323	0.008321745	0.011167986	0.012962378	0.015091479	0.007036003	0.0051169633	0.007313138	0.0030225965	0.00041833537	0.01761531	0.030401224	0.081089064	0.09422606	0.010504155	0.023198897	0.00552007	0.017365932	0.017825887	0.00761342	0.005781223	0.0072750654	0.00282453	0.0065908595	0.0046570427	0.0059875743	0.012866246	0.0010409206	0.017521486	0.0033635246	0.0119695	0.0018860655	0.011549643	0.0030621917	0.051544953	0.05269351	0.014268871	0.00320214	0.03675727	0.0030475927	0.0062748594	0.006539862
ACC7-P19-LN-A11	0.0021287363	0.175546	0.004794534	0.004002054	0.052244157	0.0015435069	0.059810106	0.003400194	0.024037663	0.005026408	0.011026233	0.0048489454	0.016384594	0.0017309232	0.020437846	0.010937384	0.01318984	0.1417865	0.005123151	0.0004759457	0.004954375	0.01676312	0.03296145	0.05464956	0.009223786	0.011893416	0.0074393856	0.014123254	0.012359433	0.0017868321	0.0056672683	0.018201884	0.015918477	0.0076218178	0.012750765	0.012926049	0.0057979566	0.0033579746	0.0071369107	0.0012360961	0.0145401945	0.0032139614	0.02338102	0.0073638028	0.03169482	0.0566434	0.0032487619	0.009811054	0.021603968	0.0042191115	0.003888683	0.0051467223
ACC7-P19-LN-A12	0.000644929	0.21028017	0.005747438	0.003859815	0.052316908	0.0009639084	0.009083426	0.0031095801	0.017026206	0.009282319	0.0024982789	0.026489358	0.028401533	0.0008588249	0.03353489	0.0060425117	0.010319752	0.00978947	0.008165288	0.00043586938	0.015963143	0.06404469	0.017287074	0.041343916	0.025126467	0.013819884	0.012639402	0.01689261	0.012714098	0.016219208	0.0017472645	0.0085440045	0.00953308	0.0035812408	0.0043771314	0.015360845	0.010274434	0.001338563	0.018246463	0.004516279	0.004169526	0.005004443	0.021039806	0.010674932	0.06473869	0.03884589	0.005793274	0.0073743165	0.07634956	0.0034894748	0.0010971946	0.00900257
ACC7-P19-LN-A1	0.004805317	0.18172164	0.002618645	0.009745248	0.10831281	0.0010324208	0.006171691	0.00093278365	0.014314412	0.0055420618	0.0011454882	0.020415723	0.009823029	0.012530764	0.036779936	0.0009142042	0.002705318	0.004772473	0.0052422755	0.00030128114	0.02102441	0.018961024	0.010106638	0.056190934	0.06260716	0.05233266	0.007034886	0.010304173	0.019424936	0.01454837	0.001581545	0.0055368966	0.0075619556	0.0075242785	0.002387208	0.007833414	0.006567485	0.0020072751	0.009336834	0.0051961425	0.0040876847	0.0016766767	0.021032395	0.00422355	0.08808264	0.042168602	0.0072638197	0.005646727	0.052129872	0.0019344306	0.0012367548	0.012621004
ACC7-P19-LN-A2	0.00059907866	0.19662538	0.005853991	0.01454898	0.081593774	0.001629265	0.0076026567	0.00016435298	0.011747616	0.007324452	0.0009397174	0.010195593	0.011260877	0.0006825483	0.010642351	0.013570381	0.0049886433	0.0031922294	0.005516981	0.042131945	0.023527943	0.040132355	0.021647524	0.07231052	0.016354362	0.011411022	0.008819922	0.00455192	0.008406825	0.014859972	0.0010987574	0.009832865	0.01208247	0.00835209	0.0036036402	0.0061388793	0.005681799	0.0032894714	0.023619456	0.0049370867	0.0035500675	0.0021362335	0.018420676	0.0018604945	0.04907029	0.054118704	0.0072473264	0.0057837307	0.113295764	0.0043488294	0.001435522	0.0072627254
ACC7-P19-LN-A3	0.001133883	0.1614416	0.008481125	0.011071686	0.08541706	0.0015408741	0.010947837	0.0022067016	0.0250114	0.0049251793	0.004897345	0.026413472	0.012271772	0.0018526678	0.05238487	0.0099479575	0.0056527085	0.007578909	0.0033019888	0.00036744878	0.031808183	0.021041643	0.022288326	0.07056264	0.022686774	0.01371728	0.012110112	0.030227296	0.01133008	0.017474616	0.004870969	0.0078107496	0.026856545	0.004668612	0.004659196	0.010593918	0.024983723	0.0013342123	0.022635961	0.01115486	0.00742754	0.0056068753	0.009124562	0.0047392445	0.040069528	0.033646725	0.0013488028	0.00785934	0.060867272	0.012212177	0.003726752	0.0037090203
ACC7-P19-LN-A5	0.0045129647	0.21323341	0.010133832	0.0016071933	0.043616455	0.0008898747	0.012582817	0.00023719034	0.044013284	0.008011046	0.000648725	0.0068023205	0.010201673	0.00075200235	0.0194368	0.00342053	0.027021835	0.009861974	0.0035475935	8.99942e-05	0.011938049	0.038138036	0.12671798	0.04862826	0.007232137	0.021327913	0.0028909913	0.013214661	0.006169769	0.007734814	0.012205943	0.0053998935	0.0029964629	0.023497073	0.003237253	0.0028050726	0.010800471	0.0010215662	0.010971199	0.008467032	0.01442347	0.019894915	0.005959811	0.0018852109	0.05405724	0.038763948	0.020535646	0.0024679396	0.032387905	0.004837221	0.014677493	0.0040931143
ACC7-P19-LN-A7	0.0047080093	0.21841368	0.0050954823	0.0071738744	0.06819282	0.0009426225	0.009448326	0.0012644414	0.01556438	0.014670415	0.0044119153	0.007015947	0.01113135	0.0032131684	0.020569501	0.008082398	0.0024833872	0.006259097	0.01278915	0.00043804516	0.011390624	0.022244718	0.015117831	0.054636482	0.06959593	0.018647756	0.008363669	0.006957327	0.07063834	0.017122163	0.0013319947	0.013154972	0.010287537	0.0035792738	0.0055066943	0.0075327507	0.0058114217	0.0016612329	0.010043434	0.0035428856	0.0057096025	0.0024039997	0.0051174527	0.0027211322	0.0694167	0.086359166	0.005779449	0.0075665563	0.027751783	0.0013294783	0.00072004215	0.0060895933
ACC7-P19-LN-A9	0.004705243	0.19233945	0.004062946	0.010480945	0.08426619	0.0011034812	0.012339991	0.0011822891	0.021993771	0.009029812	0.0015813146	0.010533018	0.012779629	0.0034394606	0.00972311	0.006368965	0.0038379806	0.010034242	0.004464616	0.0006928197	0.013937168	0.024364015	0.011126802	0.056032427	0.021680731	0.06945781	0.013262881	0.022982158	0.011877404	0.03258383	0.00049225416	0.008990145	0.015508443	0.0039824154	0.004808243	0.014980624	0.0052601933	0.008374108	0.024368258	0.0036856185	0.004546179	0.0022468257	0.016360648	0.01434224	0.050394274	0.07138559	0.01199682	0.011543651	0.03442961	0.006464298	0.0012079851	0.0023670099
ACC7-P19-LN-B10	0.00071180495	0.16859807	0.0042088153	0.002548963	0.09313171	0.0012510882	0.017834786	0.0010972979	0.019310724	0.0033980785	0.0025551422	0.0029199242	0.018483784	0.00047511968	0.017751401	0.009191494	0.0030701987	0.009760445	0.009298	0.0016512676	0.011195875	0.01843379	0.12303809	0.059222724	0.024645874	0.01031609	0.006426366	0.015909951	0.038862403	0.003594384	0.0016164433	0.010055973	0.016751865	0.0058738957	0.0048073735	0.009890237	0.0071496773	0.010010226	0.05124174	0.003510081	0.011780169	0.031993885	0.0037850102	0.0013344486	0.04754657	0.031209106	0.0034271104	0.0077112163	0.033313293	0.0015606087	0.0020341466	0.004503329
ACC7-P19-LN-B12	0.007245919	0.15733656	0.0063649258	0.012951938	0.040969186	0.0013358229	0.009448766	0.013264566	0.01661138	0.008639504	0.017284641	0.024172667	0.012939262	0.019875446	0.04168163	0.0041825455	0.002396113	0.006520187	0.0025641487	0.00048492957	0.03899652	0.02835202	0.018480573	0.036942095	0.031637363	0.018623222	0.013487273	0.011574482	0.0138375275	0.008777251	0.0060152626	0.013516063	0.006414725	0.0075046443	0.0071022003	0.02030899	0.03578704	0.01133046	0.011949419	0.04533977	0.0032933615	0.0070629343	0.017241055	0.005663031	0.02829962	0.032941498	0.01195371	0.008652563	0.046352968	0.014921485	0.0049957125	0.026374951
ACC7-P19-LN-B2	0.0003146227	0.24112621	0.0030090832	0.0025833284	0.036975976	0.0008344604	0.020169256	0.00032560344	0.038452756	0.0043693236	0.0016438919	0.008951561	0.012708001	0.00053995324	0.018651333	0.0013274197	0.010221453	0.0124783	0.0034986506	0.00010572022	0.008601593	0.070324555	0.14328672	0.038254034	0.008153614	0.007166355	0.0042484365	0.008954365	0.006088423	0.016344871	0.00062016177	0.02763078	0.0022628931	0.0033590463	0.0034273718	0.0035570802	0.0037470455	0.0013054761	0.020082092	0.0013266813	0.011820714	0.023938406	0.006045566	0.001647584	0.08190134	0.034461502	0.0040603657	0.0038424837	0.030462582	0.0017096002	0.0013849398	0.0016963321
ACC7-P19-LN-B4	0.00010746847	0.18472971	0.035061084	0.008379499	0.04597115	0.001066929	0.01088031	0.0005168841	0.02038297	0.0049011856	0.0006427231	0.01065918	0.028314471	0.00049974874	0.03297436	0.010074832	0.033529952	0.008649322	0.0025137912	0.00031725765	0.012456064	0.03307836	0.12993953	0.057746314	0.0062567093	0.009590053	0.0023545758	0.00613964	0.0051687313	0.009350074	0.0029807054	0.011776702	0.0049032345	0.0058712717	0.0028027075	0.005152478	0.006664561	0.0054417783	0.024977738	0.00323308	0.009038347	0.0009542991	0.003690596	0.0015341048	0.09254825	0.036357213	0.0035242212	0.012292066	0.035771366	0.003087828	0.0132159935	0.0019284155
ACC7-P19-LN-B5	0.0008076499	0.18658152	0.006986149	0.0024307233	0.052956704	0.0009915886	0.010059764	0.0028287983	0.036717426	0.004704169	0.0021182206	0.009793448	0.01766096	0.004485312	0.036580473	0.0049313265	0.007577462	0.0068451967	0.0066180793	0.00028623652	0.0153440405	0.035701558	0.08817332	0.06519376	0.023722462	0.011866837	0.008265192	0.018431291	0.00949039	0.01162963	0.0026165794	0.042413797	0.002700641	0.004840379	0.0026310938	0.0049206004	0.009221143	0.0019914373	0.034909993	0.004424714	0.002869235	0.003854488	0.0045165727	0.0023625775	0.06424924	0.05018377	0.0015169122	0.0066365963	0.049114842	0.0023075123	0.004824406	0.0071137226
ACC7-P19-LN-B6	0.0022260922	0.21472195	0.0021385457	0.002460561	0.068510115	0.0008296688	0.010626815	0.002939372	0.013450614	0.004316383	0.0010663192	0.008114548	0.026649062	0.00584595	0.010354548	0.005731115	0.0015429662	0.004641616	0.0030606259	0.002616367	0.02514652	0.01408977	0.014394744	0.051435586	0.025007356	0.121892415	0.011435208	0.0058021685	0.009924499	0.004334464	0.0009715075	0.006200071	0.011780567	0.0033254276	0.0027963151	0.008244203	0.004486951	0.018577259	0.022910502	0.0035216385	0.001830624	0.0018310511	0.03260165	0.0025050559	0.06746171	0.037789747	0.01789056	0.003795546	0.06716014	0.0017615726	0.0005335208	0.0067184907
ACC7-P19-LN-B7	0.004572366	0.1669534	0.039288107	0.015990388	0.06643374	0.0010678383	0.0068755527	0.00018495655	0.028353296	0.01687337	0.00041363316	0.0129962135	0.0071062734	0.0015931844	0.022714768	0.009230085	0.02163127	0.0055793566	0.0033218823	0.00011759352	0.020312069	0.034740113	0.07273378	0.039376557	0.009202453	0.014677185	0.006486001	0.010766978	0.004702987	0.016966505	0.0039975625	0.01234811	0.0012488005	0.0047379257	0.0032291329	0.011292827	0.01632922	0.0034768975	0.028549768	0.0061010644	0.0040843184	0.0026875779	0.01087134	0.0031542922	0.08101524	0.02016123	0.018979792	0.0039541414	0.08326643	0.003990934	0.005394516	0.009866784
ACC7-P19-LN-B8	0.0024497395	0.297195	0.0044394904	0.0045520724	0.05279068	0.00081020186	0.009242134	0.00012670469	0.015130222	0.028354961	0.002404621	0.0035823178	0.0068506696	0.003053576	0.03023778	0.017946439	0.0018108508	0.0053515006	0.0046530366	0.00023997344	0.006260136	0.09228069	0.024674183	0.027343286	0.045618225	0.0078992965	0.006267179	0.0031922609	0.02966375	0.0020916138	0.00054867525	0.010938368	0.03129729	0.007437031	0.0023708348	0.0038619197	0.003594629	0.0014622232	0.017782718	0.0008422408	0.0021829414	0.001187483	0.005377001	0.0010052501	0.0707787	0.047542244	0.028501637	0.0053147143	0.017703034	0.0004050847	0.00055775896	0.0027956637
ACC7-P19-LN-C10	0.0009907022	0.15950343	0.007870149	0.008334232	0.05701414	0.0012105649	0.019958988	0.0014131295	0.040363193	0.0035789646	0.0014431006	0.013519489	0.012922351	0.0013148149	0.021394463	0.0022072308	0.008105338	0.015672877	0.006753976	0.00017140109	0.011761262	0.030165555	0.1482707	0.05785288	0.019545779	0.010282344	0.008330093	0.023663398	0.018195963	0.012828193	0.0012731684	0.015951099	0.00998302	0.010726776	0.006750234	0.0076945173	0.004202483	0.0065303314	0.031392314	0.00238324	0.010651373	0.000985434	0.005311661	0.0030254575	0.056633804	0.040821977	0.002760242	0.00638007	0.04786085	0.0009549537	0.0010256785	0.0020625708
ACC7-P19-LN-C12	0.0012161708	0.18285072	0.0046854476	0.0023603267	0.09866445	0.0009904365	0.013860876	0.00055675645	0.015566177	0.0058876243	0.000978054	0.01652406	0.020526076	0.0006507656	0.019344155	0.0035555416	0.0022750474	0.004101327	0.00463371	0.00016416088	0.05894797	0.023227155	0.021896519	0.03454495	0.026176251	0.041182365	0.024955928	0.015970383	0.0081966445	0.011232155	0.0014483841	0.011438355	0.0032666363	0.005392865	0.0063521042	0.010920504	0.009198722	0.001328103	0.018000009	0.03381413	0.0033699935	0.0046425033	0.028089775	0.0020815358	0.045622922	0.03480419	0.0062991027	0.0026742353	0.07516609	0.021622704	0.001257299	0.0074876356
ACC7-P19-LN-C1	0.001320698	0.2078929	0.0019931637	0.0044004954	0.06241425	0.00103467	0.0064389	0.00109918	0.016046539	0.0031162996	0.0031205153	0.003800574	0.017999012	0.004752208	0.026044078	0.004197919	0.0022427344	0.0042667366	0.0024001657	0.00016049761	0.024084622	0.03940526	0.013184685	0.05423814	0.036485367	0.01228037	0.012655643	0.009036312	0.0139108915	0.008823797	0.0002874442	0.052076593	0.021872615	0.0050887065	0.0018257035	0.0061575803	0.004633522	0.00224433	0.013145904	0.0030471804	0.0020427834	0.0023849625	0.023066193	0.003427647	0.06736577	0.04698953	0.003960057	0.003188141	0.11021956	0.0014879167	0.00072282605	0.025918463
ACC7-P19-LN-C2	0.0012554404	0.19078948	0.010730405	0.0040191333	0.04382456	0.00091539504	0.009278953	0.0003709825	0.021562476	0.0044101374	0.0009703598	0.027820284	0.011763085	0.0019936678	0.013673484	0.01175345	0.005544373	0.0072231935	0.004791416	0.00056421	0.014450102	0.052955296	0.027218403	0.06706818	0.020942928	0.033534147	0.0131840035	0.010817475	0.006811346	0.01674606	0.00069317856	0.0058872537	0.003312455	0.010228165	0.0026120218	0.010656149	0.005163421	0.0014879233	0.031271443	0.0050625964	0.0030456919	0.0023260769	0.007822248	0.0032767174	0.09519949	0.059185293	0.021706503	0.0034220733	0.06178503	0.0046519185	0.0014965885	0.02272528
ACC7-P19-LN-C3	0.0015532495	0.22381002	0.0062389784	0.018318867	0.07385578	0.0010340048	0.011227833	0.0009156749	0.019590067	0.0063216467	0.0027329056	0.015767414	0.011750157	0.0013193827	0.03839057	0.006002822	0.003208728	0.0070331586	0.026282404	0.0003003425	0.016027752	0.058134187	0.017644474	0.049263705	0.030212572	0.014003769	0.012860483	0.013437801	0.014717722	0.017653065	0.0009618178	0.011795833	0.012288185	0.0047634337	0.005900582	0.012353198	0.007148935	0.002305563	0.045706596	0.004909909	0.002889734	0.0021424808	0.009628242	0.0026560249	0.051401287	0.037175022	0.003346293	0.003613494	0.051379215	0.003093167	0.00055958674	0.004371884
ACC7-P19-LN-C4	0.0007426305	0.26306704	0.006710104	0.009737439	0.04858153	0.0008507675	0.006576203	0.000768547	0.010466791	0.004707315	0.0033570083	0.015907368	0.009297673	0.003866638	0.043050125	0.0057519632	0.0015420666	0.0030641991	0.00630888	0.0002500781	0.031136364	0.01875228	0.016998522	0.043121893	0.044380583	0.043051727	0.013892561	0.0045272415	0.015938953	0.013644791	0.0011702676	0.006758794	0.019501638	0.0038439294	0.007152182	0.014157024	0.011252495	0.0009645319	0.01894564	0.0046887984	0.0018399921	0.0059750155	0.011149923	0.00404711	0.07608895	0.038876224	0.0009128741	0.005149381	0.067777894	0.0019105667	0.0017308771	0.006056613
ACC7-P19-LN-C5	0.002841615	0.20957172	0.024270972	0.01100557	0.018304074	0.0010975206	0.013320343	0.005273422	0.032542504	0.0039900616	0.006622834	0.011925592	0.007905757	0.0033005502	0.0651549	0.0063222563	0.039002527	0.012275928	0.0039578676	0.00020571407	0.010972467	0.024862723	0.1254785	0.049277846	0.006420507	0.008650097	0.003073155	0.011420901	0.007836424	0.010146942	0.0043293396	0.005215857	0.0040393346	0.008260379	0.0051213605	0.008005028	0.009973232	0.001196828	0.016038971	0.004270971	0.009105911	0.0022690739	0.015782814	0.005749137	0.054915443	0.039845344	0.0011474866	0.0043016365	0.02987088	0.0042027985	0.022389336	0.0069376887
ACC7-P19-LN-C7	0.00015578826	0.26177785	0.0017218501	0.0076775565	0.10376365	0.00070110534	0.0068983356	0.00056644075	0.0075542037	0.0032697646	0.0011904932	0.006907065	0.009356074	0.000862543	0.018596763	0.0075989724	0.0012725627	0.004694291	0.009957189	0.0035656209	0.013281648	0.022511682	0.01583825	0.061611943	0.045496523	0.013427105	0.011703168	0.004022221	0.013485466	0.0027195178	0.00031584033	0.008866458	0.01759214	0.0049371864	0.0041979887	0.009137492	0.0018758642	0.0009679166	0.009841234	0.0015105765	0.0023051917	0.0011995666	0.0085678315	0.0069083003	0.059850838	0.061438166	0.0056750774	0.0032709194	0.12040886	0.0024920804	0.0017057534	0.0047489307
ACC7-P19-LN-C8	0.0044519543	0.17755875	0.004575984	0.0044061467	0.0395233	0.0008373125	0.009880055	0.008244526	0.014360397	0.0032569359	0.0039914483	0.022761755	0.009690152	0.002857896	0.055045385	0.007823544	0.0034324625	0.0052084005	0.0046446603	0.000289785	0.010653374	0.08074422	0.01709841	0.037302636	0.021527518	0.17541543	0.00985478	0.0062470594	0.013157971	0.0047420417	0.0024642872	0.009491077	0.0094281845	0.004771421	0.0038808598	0.008371818	0.010625695	0.010823304	0.007003391	0.008470057	0.003068955	0.0035149825	0.004462736	0.029663768	0.045299113	0.045246255	0.002153876	0.0067684585	0.018079134	0.0031369023	0.0022367781	0.001454723
ACC7-P19-LN-D11	0.0005205083	0.19070351	0.007582004	0.0042393636	0.028646056	0.00072978233	0.018918911	0.0007990113	0.04898338	0.051714633	0.0008609055	0.019419322	0.020312754	0.0011255257	0.032052547	0.0003200101	0.013785211	0.0144941835	0.012788728	0.00026979626	0.009359467	0.031201718	0.0753675	0.073156014	0.0092122825	0.0151017	0.00317309	0.010523049	0.015065736	0.014102199	0.004303193	0.012952285	0.0015061755	0.0064780163	0.0055275145	0.008002854	0.00825505	0.00094214024	0.014437227	0.0065201586	0.021330627	0.002331624	0.020807952	0.0037040075	0.05225506	0.039207045	0.0014383532	0.0028297466	0.030032735	0.006132512	0.023323344	0.0031535206
ACC7-P19-LN-D12	0.0022292684	0.2034717	0.0038174368	0.009471328	0.09291714	0.0012223934	0.00834813	0.00066608866	0.008601056	0.006141196	0.004702781	0.020509463	0.019442776	0.000615984	0.021556476	0.005719313	0.0024756477	0.004889514	0.011576431	0.00043209238	0.029605385	0.03271224	0.010955508	0.050425183	0.058724698	0.013868053	0.01755918	0.009241563	0.01821711	0.022681093	0.0010143057	0.012782015	0.034815162	0.0030955144	0.0037546146	0.016855944	0.008666493	0.0019311723	0.010060679	0.007459156	0.0017980783	0.0031705117	0.016492836	0.022384383	0.039682858	0.048552763	0.014413995	0.007496959	0.039177798	0.0030778153	0.0011325199	0.009388187
ACC7-P19-LN-D1	0.00037148152	0.1970573	0.0028486326	0.007768805	0.109675564	0.000927106	0.009824458	0.00074293435	0.014328466	0.0041050133	0.005231833	0.008026424	0.009505823	0.0004794966	0.042450394	0.004573073	0.00358927	0.0064182263	0.00529276	0.00035776425	0.012889808	0.041034687	0.011844878	0.054150056	0.050627455	0.009717297	0.0029865943	0.012218988	0.024600817	0.009778501	0.0010057936	0.010873866	0.02921204	0.0028102896	0.021915426	0.025017051	0.0058740308	0.0016660561	0.010118104	0.0019981111	0.0024498082	0.001849982	0.01358053	0.0032344682	0.08213346	0.069594	0.0039237924	0.0071430192	0.037419934	0.0012634194	0.00065943535	0.002833363
ACC7-P19-LN-D2	0.00054085796	0.23101333	0.003343323	0.0070458725	0.0880495	0.0011262023	0.0070391246	0.0009140842	0.011922388	0.003526711	0.0009429597	0.009175407	0.0155978985	0.0024354907	0.029350674	0.008000124	0.0018807629	0.003617765	0.0055097463	0.0002492758	0.015625967	0.02389645	0.01672998	0.031438008	0.024944153	0.09470081	0.0050604963	0.011918829	0.010534807	0.005263152	0.0007432947	0.005130071	0.008646756	0.0036612877	0.0031722814	0.008358	0.007200363	0.0013100103	0.0143674305	0.0031571214	0.002308541	0.0024403608	0.057524048	0.00400133	0.108859494	0.021686636	0.0071332166	0.004114066	0.05253438	0.0034100641	0.0006968546	0.0081502125
ACC7-P19-LN-D3	0.00077632914	0.17965114	0.0331438	0.012159425	0.034237914	0.0012714188	0.012677496	0.0010488746	0.034394704	0.0028837414	0.001057268	0.00738959	0.009397385	0.0021453707	0.026298227	0.0039418493	0.008605177	0.009701914	0.017973648	0.00018086753	0.013511515	0.032220006	0.15576346	0.063453786	0.010228187	0.010131752	0.002913694	0.006784323	0.013607652	0.00485615	0.0035407604	0.006776768	0.003142254	0.0072681406	0.0020472903	0.0035911226	0.011691266	0.0021687653	0.042037	0.0024482515	0.00680504	0.0011746866	0.0067976066	0.0012529586	0.083489306	0.037450347	0.026485942	0.0027831548	0.028643044	0.0014137663	0.0026576945	0.0039280695
ACC7-P19-LN-D4	0.00044619507	0.24408299	0.0031960385	0.01192242	0.06837616	0.0011769594	0.005301397	0.00039134506	0.004992807	0.00514187	0.0025655522	0.0026193887	0.011073419	0.0007987516	0.031532038	0.010571423	0.0030415691	0.0048765508	0.006302576	0.00020335667	0.025560552	0.040003877	0.010176846	0.043236095	0.040000398	0.03647374	0.008793904	0.011196128	0.013414216	0.0017403181	0.0004720671	0.011234018	0.013342814	0.003795222	0.0030219317	0.012192256	0.0060352534	0.0012529142	0.009284841	0.002020697	0.0020152647	0.0014175158	0.014164903	0.002424	0.050159995	0.0618603	0.0034903584	0.00272004	0.13882293	0.0017246531	0.0008681112	0.008471063
ACC7-P19-LN-D5	0.00046580753	0.22451015	0.0053562364	0.003249254	0.07282276	0.0008716068	0.032349836	0.0023673768	0.031334925	0.0061577214	0.0020270117	0.0075773224	0.01070724	0.00089051743	0.019688157	0.0019287701	0.022944707	0.03208845	0.004805952	0.0021238464	0.008584345	0.03418725	0.079175696	0.061607424	0.008020179	0.011148178	0.0048179706	0.013092529	0.008164356	0.038544234	0.005757809	0.00785936	0.0020823944	0.005128565	0.0045829727	0.0040335334	0.007340918	0.0033443097	0.013110348	0.0025237724	0.018747635	0.0014965147	0.007927234	0.0043771416	0.07212718	0.039480202	0.0032913934	0.0052307365	0.030467639	0.0022271206	0.005063208	0.0021901876
ACC7-P19-LN-D6	0.0020237993	0.23296493	0.006456479	0.018880993	0.038943294	0.001012039	0.0108596645	0.00092200283	0.01613815	0.0034000438	0.0022907373	0.018765923	0.016917195	0.0037368317	0.058413167	0.0013059075	0.006046399	0.018538224	0.0045606196	0.0003685941	0.0075404583	0.021440879	0.0074790954	0.06831077	0.021051532	0.013162728	0.017378816	0.0018505336	0.012660479	0.008460564	0.0011514471	0.0057990104	0.014376635	0.0023280042	0.004451363	0.009602967	0.0059179934	0.037194055	0.011300844	0.011156697	0.0032373543	0.0032184182	0.013212338	0.0050498536	0.06631953	0.050734375	0.0056715827	0.0015821861	0.083220646	0.019697215	0.0012641293	0.0016325784
ACC7-P19-LN-D7	0.0007826999	0.1897041	0.023972377	0.006906053	0.033409618	0.0012676284	0.088138066	0.0023167734	0.06282509	0.006211132	0.0030181843	0.013489843	0.026348278	0.0013941877	0.039661042	0.004021711	0.01092557	0.02639177	0.0032972377	0.00022090942	0.0065870504	0.012938691	0.051153686	0.08183309	0.009210328	0.004606867	0.00870466	0.0071412465	0.011477637	0.007083958	0.0043520075	0.0087158065	0.0036691513	0.0054847845	0.01568151	0.006580732	0.009064391	0.004617085	0.022769347	0.0036958808	0.022952637	0.009617694	0.004412587	0.0021120212	0.053404372	0.030992163	0.0042488333	0.0027576096	0.029412348	0.0028038921	0.0018759823	0.0057397312
ACC7-P19-LN-D8	0.0013731532	0.19536035	0.03291751	0.007021907	0.01873664	0.0008730005	0.01004402	0.0010889497	0.021998039	0.0058403867	0.0028561684	0.024710024	0.0136445025	0.0024412065	0.08149396	0.007264235	0.0030743117	0.0062327716	0.006877365	0.00025632523	0.017996728	0.0281677	0.026788628	0.05369796	0.021499317	0.0820047	0.015657622	0.0080703525	0.009689423	0.0058466364	0.0025226958	0.009623484	0.0024065983	0.004835424	0.0039547845	0.011133606	0.013865273	0.0033093235	0.017678797	0.010071844	0.0033783768	0.0035655696	0.005535026	0.007666345	0.09246431	0.035092503	0.0022484276	0.0047559664	0.04505408	0.0021931517	0.0018908521	0.0032297787
ACC7-P19-LN-D9	0.0040357253	0.18849796	0.011692641	0.0023086	0.08173567	0.0010290442	0.009718716	0.00049442094	0.038719863	0.0034533646	0.003989475	0.006339648	0.010091182	0.0016784507	0.01708001	0.0048150597	0.033473913	0.008751171	0.0036782192	0.0001692896	0.018530197	0.03861457	0.14974542	0.064689755	0.015378519	0.018223168	0.008303853	0.013602112	0.01800011	0.006576595	0.0014119387	0.008825858	0.0030450483	0.010226283	0.0035305626	0.00513875	0.00924725	0.0011454595	0.019271784	0.006169426	0.005569535	0.003078758	0.024573265	0.003275913	0.039345767	0.03424851	0.003318261	0.004192952	0.018709617	0.0017917934	0.0038662269	0.0066003744
ACC7-P19-LN-E10	0.001279192	0.22119105	0.032724075	0.0071993424	0.04843107	0.0011764542	0.011460722	0.00017370873	0.018274752	0.01188764	0.00097417337	0.0041849306	0.009888041	0.00079251453	0.018106578	0.0031833823	0.008056665	0.01713905	0.0827676	0.00016851322	0.014640976	0.079743266	0.014155589	0.013043688	0.036000017	0.009088651	0.0063895667	0.004504897	0.014041014	0.004172158	0.00025255446	0.019567613	0.013031524	0.003754649	0.005327426	0.015859505	0.003824367	0.0015183093	0.010723059	0.0022903646	0.0036984666	0.0015262329	0.018560093	0.00079102814	0.043641448	0.019985236	0.084479384	0.007406659	0.03564637	0.0033705172	0.001266054	0.008639843
ACC7-P19-LN-E11	0.009685132	0.17331587	0.019453099	0.0103781335	0.039032154	0.00085141225	0.014645021	0.0007081623	0.028648384	0.003920859	0.0012263154	0.008949725	0.010225203	0.0052758143	0.033108033	0.0012588783	0.011762405	0.011578944	0.0034986928	0.0022072734	0.010117314	0.022680273	0.10159041	0.04897618	0.009317001	0.021407371	0.003533047	0.022218047	0.014376874	0.008996707	0.019110193	0.008472625	0.0024329606	0.027481945	0.004563773	0.0054055513	0.015114401	0.0012919157	0.021595383	0.00452958	0.020793743	0.002894057	0.005925003	0.0013718266	0.059819397	0.028049259	0.0018654774	0.0038247353	0.038902383	0.0056839436	0.065373875	0.002555265
ACC7-P19-LN-E4	0.0011441365	0.2571233	0.006857317	0.003877158	0.0504931	0.00088388694	0.013129768	0.000991734	0.008561933	0.0033524574	0.00289891	0.004424235	0.011662035	0.0013235583	0.024268497	0.002842811	0.0027065366	0.005659628	0.0028694922	0.00026343463	0.0135646975	0.02628508	0.018885734	0.080539174	0.06499058	0.01289172	0.0059049753	0.0047832252	0.02813897	0.00938876	0.00078699744	0.017106324	0.013341935	0.012049708	0.013108362	0.0054372945	0.0076208217	0.002265551	0.011485705	0.009175047	0.0026988199	0.0019941693	0.015072051	0.0016977945	0.054484352	0.0652649	0.0022136595	0.011300282	0.064948075	0.0019982406	0.00085836404	0.014384626
ACC7-P19-LN-E5	0.0018283481	0.22979824	0.0026038059	0.0077701253	0.11424903	0.0008840261	0.011792844	0.0001882773	0.008850069	0.0037355304	0.002889075	0.0034891013	0.01734062	0.0014853387	0.011310385	0.0011027186	0.0043752366	0.0055291057	0.0048210784	0.0002929548	0.009297993	0.057660397	0.013225071	0.04629239	0.04444627	0.038950037	0.007540547	0.009675265	0.025813693	0.006657685	0.00034690025	0.025739823	0.012845008	0.0025290507	0.0040001185	0.008951908	0.0035345263	0.0014609569	0.022676783	0.002460926	0.0022370452	0.0012272466	0.013658539	0.0036046887	0.085500255	0.04474345	0.0047077322	0.013579128	0.0359442	0.0012135796	0.00059792015	0.014544899
ACC7-P19-LN-E6	0.0021336605	0.26848885	0.0029616011	0.019353054	0.04302889	0.0013173086	0.007799457	0.00024502643	0.01060305	0.003849713	0.0020081885	0.010721453	0.0060939533	0.0020018704	0.017660994	0.009455403	0.0030322808	0.004971979	0.0045580296	0.002634225	0.017569765	0.053201776	0.024375113	0.08215855	0.018562943	0.033422686	0.0074660247	0.0019839592	0.016234467	0.013697392	0.00070602086	0.004446185	0.009559047	0.004918768	0.0041009574	0.0182138	0.005865724	0.0013241055	0.016564457	0.003005838	0.0034935202	0.0010855226	0.014219088	0.003231413	0.11306864	0.054006558	0.0041573374	0.003154522	0.039055213	0.0011128956	0.00054655416	0.0025721916
ACC7-P19-LN-E7	0.005432099	0.21721599	0.025991704	0.004440644	0.04365193	0.00081076083	0.01758867	0.00017977996	0.057737898	0.0035854552	0.00070963625	0.009698354	0.008329877	0.00064278895	0.025236685	0.0051587014	0.05320728	0.012617696	0.020402156	0.00012545826	0.011206396	0.057715625	0.1304144	0.029303696	0.0050526117	0.009712396	0.002577965	0.0062646056	0.004800875	0.003281414	0.0019529719	0.0073329685	0.00074047927	0.008893181	0.0049520596	0.0033466988	0.0062772087	0.0013460189	0.012133781	0.0024905475	0.0046601393	0.002076932	0.008394343	0.0017281754	0.08588457	0.040735677	0.0016819398	0.0028649212	0.023800364	0.00074394577	0.00232776	0.0025417027
ACC7-P19-LN-E8	0.0022824556	0.23033917	0.0036240353	0.009469779	0.0716842	0.00097557314	0.007139132	0.000612637	0.017316967	0.0043556727	0.00094126345	0.005508348	0.0054008025	0.0008625791	0.017564224	0.0019482933	0.00052217656	0.008658303	0.0025201396	0.00013261623	0.017383743	0.014638407	0.03202698	0.03367993	0.02058991	0.04003234	0.0046094623	0.0051325406	0.010769274	0.0035323447	0.0002383404	0.008193875	0.0033107295	0.0059447587	0.0032207323	0.008146993	0.0036331401	0.0011623001	0.012973553	0.0016923517	0.0019134223	0.0004518461	0.064640485	0.009213904	0.11286845	0.02617956	0.0070737586	0.0027701827	0.06592309	0.0015677386	0.0007250467	0.08390249
ACC7-P19-LN-F10	0.0009997762	0.2508701	0.0031188887	0.003538185	0.043034714	0.00088647386	0.006122937	0.0004099453	0.008723541	0.0034103787	0.0019280264	0.0050534997	0.01369746	0.0022572877	0.012004075	0.0098471	0.006292122	0.0043557785	0.002547462	0.000201156	0.033084005	0.033593647	0.023438806	0.045108505	0.011854106	0.12247572	0.013012606	0.0059242113	0.008839463	0.017685026	0.0007229647	0.006005382	0.0072139925	0.0022480213	0.0026375267	0.0066091646	0.008211279	0.00094712654	0.029111719	0.0043697273	0.0024125064	0.0020847532	0.03327336	0.0010993781	0.0896746	0.027126128	0.005822515	0.0031282902	0.06534201	0.0004904251	0.0005319683	0.0066221696
ACC7-P19-LN-F12	0.0005868637	0.14684957	0.004305591	0.00405	0.021487208	0.031297937	0.04996254	0.0023798298	0.22027047	0.005307341	0.0037879946	0.011400648	0.0071088127	0.0009083537	0.029274814	0.012326933	0.007873639	0.111304104	0.004878687	0.00025051043	0.005368738	0.017921254	0.030235698	0.061761733	0.006735754	0.007873866	0.0047027334	0.010660966	0.004716786	0.0053749983	0.0057263863	0.0047468455	0.0018922976	0.0048173815	0.0039851633	0.003852732	0.0085420385	0.0019022395	0.0056746085	0.0048247892	0.007577719	0.0059851795	0.0047678268	0.005769251	0.026285833	0.04185764	0.00163445	0.0039688307	0.012961738	0.005507457	0.00458198	0.0021732177
ACC7-P19-LN-F3	0.005145418	0.22251377	0.040428735	0.0025109528	0.020590998	0.00096906134	0.019289793	0.006428496	0.048320375	0.0038573132	0.0018157479	0.015457595	0.007873751	0.0037162418	0.030787567	0.00054502464	0.019744748	0.007381239	0.0021928065	0.00017366484	0.0070162704	0.03468851	0.14460734	0.051305544	0.004429285	0.007973894	0.0047286	0.006150681	0.016895877	0.012783	0.0062393844	0.0065627177	0.0016086587	0.003000288	0.0060295574	0.0065705436	0.00803717	0.0010068734	0.019021772	0.0033345893	0.017369695	0.0021442843	0.0041943733	0.0039111627	0.084945545	0.034912713	0.005068605	0.0022136113	0.02562717	0.0028687138	0.0035320034	0.0014783574
ACC7-P19-LN-F4	0.0013707642	0.24417219	0.0040486758	0.0075149834	0.11159802	0.00096008764	0.010923227	0.0006997198	0.0062606838	0.003861466	0.0077676517	0.0026146444	0.008917485	0.00070543407	0.008228102	0.006350409	0.0018856813	0.008608797	0.0070796628	0.00020841318	0.011046866	0.04183835	0.029630508	0.05389132	0.03682343	0.018577274	0.008247583	0.005093844	0.027429156	0.0031746754	0.0004772435	0.023034703	0.005021722	0.010325328	0.003133166	0.006314089	0.0037065926	0.0074525224	0.011960406	0.0016560126	0.004218924	0.0010588871	0.020999338	0.006564107	0.050300922	0.09169162	0.0025900414	0.0064593395	0.04047774	0.0017841838	0.0016251964	0.019618914
ACC7-P19-LN-F6	0.0024761858	0.2506013	0.024508752	0.0056832815	0.023899207	0.0008126916	0.015775401	0.00034958025	0.029420104	0.003732802	0.0006378647	0.0076390514	0.010510804	0.0031079217	0.029618323	0.0039133914	0.029762564	0.0063090725	0.0032115756	0.000115502386	0.0073466175	0.05050276	0.14776291	0.042734712	0.0037104436	0.014472795	0.002413177	0.016228793	0.0051828604	0.042047996	0.00286762	0.00501252	0.0009004793	0.004500192	0.005530688	0.0065911366	0.010303909	0.0016439811	0.01606835	0.0049190437	0.008526928	0.0014130585	0.0029148273	0.0012005654	0.06953965	0.035114296	0.0007262443	0.0026082657	0.02443061	0.0027876648	0.0053423084	0.002569248
ACC7-P19-LN-F7	0.0009238353	0.23638403	0.027318455	0.06950699	0.03130065	0.0008006998	0.010544046	0.00071905984	0.024482176	0.02343625	0.0030984625	0.009814287	0.015697325	0.0011864485	0.039900623	0.0023356415	0.0046908543	0.0067772456	0.0020624131	0.0013028053	0.008280046	0.020828733	0.07699037	0.0932741	0.011499439	0.014823305	0.007831919	0.009980784	0.01926415	0.005065027	0.007824255	0.0061940243	0.0018514233	0.008044202	0.0034231157	0.0034508212	0.0140249245	0.0010717356	0.018531702	0.0033711165	0.015282553	0.0024072402	0.005237536	0.0037284796	0.039069172	0.042566862	0.0008354231	0.011189033	0.021596337	0.0029687579	0.0044110934	0.0027999969
ACC7-P19-LN-F8	0.00091017986	0.20579205	0.0072730794	0.010623411	0.07039768	0.00087177363	0.009963867	0.0007105794	0.01541398	0.004137114	0.0017536959	0.010942296	0.0145074995	0.0014489901	0.048062027	0.0020611146	0.008152936	0.006181567	0.0044929315	0.00022001499	0.016381808	0.038069233	0.033283085	0.06166771	0.025004014	0.010219093	0.0057939864	0.020970581	0.029590148	0.012369577	0.0031480684	0.008661643	0.010689347	0.0048752646	0.002668638	0.0086164335	0.010787533	0.0018656283	0.029194206	0.0031749741	0.014548243	0.0016937131	0.013741378	0.0042324243	0.07560583	0.05270121	0.004572501	0.004127787	0.06109694	0.0021235463	0.0012683345	0.0033402976
ACC7-P19-LN-F9	0.000737475	0.1570422	0.023572974	0.011544645	0.056452293	0.0014850775	0.02610358	0.0041391496	0.043331217	0.006478819	0.0011087023	0.004859399	0.02246545	0.0028209798	0.017064298	0.010337999	0.02745752	0.024038967	0.0046390938	0.0013790842	0.005350487	0.09591535	0.102296285	0.063402556	0.00532556	0.0170801	0.01474209	0.019898994	0.008445729	0.0032822983	0.0012076426	0.011019684	0.0019349247	0.00511091	0.019752638	0.005591939	0.0038689708	0.0012105687	0.023267396	0.0028848494	0.0053822296	0.005997052	0.004526896	0.0071297954	0.027390588	0.033424668	0.02136594	0.0042350283	0.022507546	0.0022254868	0.005384355	0.0017825135
ACC7-P19-LN-G10	0.0017668286	0.20789994	0.025192758	0.06038293	0.015899006	0.0010400474	0.029779369	0.00027565795	0.0461651	0.0034172474	0.00025704346	0.003727731	0.01845323	0.0024985222	0.017755905	0.0060322494	0.018573927	0.020785144	0.0043155523	6.772277e-05	0.0043942854	0.0925821	0.1185263	0.02427666	0.005580679	0.0047235587	0.0019593253	0.0029675753	0.004473221	0.00490362	0.003296851	0.002033898	0.0006915661	0.010466628	0.0019089759	0.0024402507	0.002845029	0.041843757	0.01042111	0.0014842644	0.010988792	0.0010755723	0.0054944125	0.0007473395	0.0643762	0.041102808	0.0037858097	0.0060663596	0.021985272	0.0024894355	0.0027211143	0.01306131
ACC7-P19-LN-G11	0.0017179553	0.2228515	0.017222414	0.010737624	0.09123816	0.000900642	0.008080301	0.00028514385	0.011224815	0.0035158414	0.0016247142	0.007965939	0.012414952	0.0017977447	0.014114111	0.0024716244	0.0054056635	0.01751617	0.0032914735	0.00020593818	0.012994567	0.025181103	0.022613134	0.067893475	0.010498841	0.12538478	0.011202233	0.028174663	0.009300812	0.0046837516	0.0004459922	0.00856433	0.007216776	0.0035239956	0.0036049352	0.008759687	0.008336894	0.0017201997	0.020921681	0.0019645246	0.0041457242	0.002505861	0.010119903	0.0016942183	0.044982076	0.0325529	0.006203176	0.005158924	0.069222026	0.0015187454	0.0017054064	0.0026219278
ACC7-P19-LN-G2	0.0047363923	0.23918663	0.0071559064	0.011709862	0.05214444	0.0011262273	0.011692298	0.0008010643	0.026090505	0.00575229	0.0020556794	0.0081575895	0.0071997014	0.0117914155	0.03308807	0.0039501	0.0029747149	0.0052226833	0.0029123442	0.00018907024	0.015168202	0.022503518	0.024550295	0.03320897	0.022740537	0.13153978	0.004410301	0.011697041	0.0101462295	0.0106351515	0.000769603	0.008669295	0.0019478642	0.0031107177	0.0061276	0.047972985	0.011552206	0.001438148	0.0145790465	0.0073025413	0.0023413638	0.004644855	0.002605721	0.004089463	0.06313762	0.056193687	0.0045845993	0.0100000715	0.01869318	0.0025155907	0.001070803	0.00211599
ACC7-P19-LN-G4	0.000997159	0.11840901	0.010050053	0.00968561	0.035633136	0.00079352746	0.006548559	0.0015262582	0.014278096	0.0066023627	0.0013303031	0.018716102	0.010663293	0.00088194024	0.022236638	0.0050363094	0.0017461175	0.006297381	0.009520467	0.00020809805	0.017005874	0.022033894	0.017616784	0.073815584	0.012146967	0.16933963	0.034768958	0.01131476	0.0052382774	0.005815837	0.0011234928	0.00688794	0.01038642	0.0027303272	0.009652011	0.015465122	0.009695427	0.0023826193	0.021928025	0.013133376	0.004050392	0.028826566	0.020641703	0.05386597	0.042164575	0.041233737	0.0018986462	0.010177165	0.033384904	0.0129279075	0.0032954004	0.0038912264
ACC7-P19-LN-G5	0.0014778031	0.20813473	0.002121951	0.0033016172	0.035466406	0.00095028075	0.010559739	0.00083774637	0.013572704	0.00466772	0.0024764095	0.0069924984	0.020866036	0.0011076999	0.035884023	0.00978578	0.0038497467	0.0063298503	0.008626893	0.0009948759	0.010903982	0.01809454	0.011662581	0.07780937	0.02967429	0.0079828175	0.027756473	0.0044538667	0.013848701	0.007629078	0.00080656284	0.011920346	0.009716471	0.0024747024	0.0041355225	0.010641124	0.0040994417	0.0012041813	0.012862799	0.003433696	0.0019705202	0.0028690135	0.011155983	0.002324946	0.07135091	0.05726641	0.0051379786	0.005606492	0.18208332	0.0044385633	0.00087950745	0.0058013476
ACC7-P19-LN-G6	0.0004102446	0.17200811	0.006964642	0.03784937	0.022212557	0.001563441	0.0062825433	0.00078296923	0.019254578	0.0028411958	0.002826653	0.018110448	0.010399265	0.00045757205	0.035064574	0.003167136	0.0028144764	0.0062204176	0.0017653863	0.0024179602	0.020324335	0.021118043	0.014461263	0.061206926	0.019309072	0.10382784	0.012391073	0.0019381177	0.015192166	0.006898626	0.0054093595	0.010150702	0.0310349	0.004560496	0.017693708	0.011785459	0.009324516	0.0044428515	0.014148799	0.01308284	0.0046829684	0.0022155924	0.044197537	0.008898724	0.07021536	0.036053278	0.027110633	0.0057059065	0.034086414	0.0024962216	0.0012166034	0.0114061665
ACC7-P19-LN-G7	0.0067670313	0.15543103	0.006833644	0.0079746265	0.060855165	0.0008652674	0.010590191	0.00053724635	0.023892948	0.0033828635	0.00075252797	0.0067405715	0.011873991	0.0055417893	0.012500815	0.0015347783	0.011501983	0.005603594	0.0040264204	0.028196488	0.005872064	0.04245807	0.16985008	0.07700231	0.0041318517	0.00764669	0.004774141	0.012789836	0.0056629637	0.0078902375	0.0016222361	0.020756314	0.002761374	0.00561966	0.0036586772	0.0053381138	0.00461221	0.00078555197	0.04098122	0.0031892902	0.006053992	0.0027303325	0.006271998	0.002502629	0.06765458	0.05920863	0.0024332416	0.0019934943	0.05417395	0.0007631932	0.0014839513	0.0019242102
ACC7-P19-LN-G9	0.008866603	0.2398556	0.01190936	0.009695172	0.041414544	0.0009959382	0.012939849	0.00037920533	0.055051014	0.0038104816	0.0003773888	0.010806475	0.008716967	0.0013894519	0.020281645	0.0023087382	0.0352695	0.009019429	0.0024135783	0.009663707	0.017886242	0.07629658	0.11896979	0.029917937	0.0067427293	0.009094485	0.004373719	0.015967524	0.017510168	0.016020188	0.005503319	0.00777368	0.0017149071	0.005277208	0.008014875	0.005487423	0.011184619	0.0011692927	0.01759266	0.003052154	0.021152405	0.0016267966	0.0051383856	0.0014658213	0.044951975	0.016792716	0.0026948547	0.007492815	0.028527679	0.0012101599	0.0019642748	0.0022680028
ACC7-P19-LN-H10	0.00066734897	0.21056828	0.0079143215	0.010477228	0.055148706	0.0011186346	0.0076692463	0.001053504	0.018612653	0.005218077	0.006105302	0.014506483	0.008073517	0.0020694835	0.014963665	0.022940848	0.020525526	0.0062341774	0.0043485267	0.012271787	0.0060637663	0.07978113	0.05942524	0.05321323	0.019405562	0.009097683	0.0067467666	0.010429205	0.031831425	0.052835025	0.0010952614	0.0074495017	0.010846418	0.014090056	0.0025210215	0.0062107625	0.004026352	0.004513633	0.010925674	0.001499488	0.005395173	0.0023461985	0.00858345	0.004349089	0.065776415	0.052082244	0.011201682	0.0031319677	0.020852404	0.0009669345	0.0005324454	0.0022874656
ACC7-P19-LN-H11	0.0056854775	0.2433788	0.0013019821	0.0026544721	0.119499885	0.0018541391	0.00663499	0.0021833994	0.0069260467	0.0052057034	0.002793368	0.005303312	0.012053405	0.0008012642	0.008444994	0.013609115	0.0018432623	0.0048666997	0.0025089313	0.00018063055	0.01650633	0.025328035	0.017935218	0.049568754	0.025954949	0.06262818	0.012371746	0.015110017	0.019879997	0.019648362	0.00036797117	0.008108734	0.013600891	0.0031295642	0.0017905798	0.0074351397	0.00438063	0.0012300921	0.018692624	0.0037957914	0.0024019293	0.0029557766	0.033115897	0.0028415928	0.041737016	0.046690766	0.0029639374	0.004123034	0.059699018	0.0016953809	0.0010535008	0.025528705
ACC7-P19-LN-H1	0.010841594	0.2194169	0.042521164	0.025212193	0.017661918	0.0009980156	0.013053916	0.002520574	0.040402006	0.012447924	0.0031396782	0.0060919654	0.012134042	0.00805759	0.041008815	0.0058324975	0.022996278	0.0106813945	0.004017199	0.0008943408	0.008718846	0.029301042	0.12544009	0.038600456	0.006681335	0.012332377	0.0029453365	0.008386902	0.006588938	0.003468046	0.013438712	0.007667176	0.0039338563	0.0060882596	0.004950634	0.0036697555	0.015695479	0.004937054	0.017794453	0.007951655	0.013617932	0.0024438098	0.0054584933	0.0022635348	0.054694507	0.028927805	0.0044806185	0.0020083727	0.023833927	0.0033146888	0.028384501	0.0020513681
ACC7-P19-LN-H2	0.0015264044	0.19185631	0.004567157	0.08640929	0.06342763	0.00084423274	0.010746626	0.0003575833	0.015486646	0.0036400522	0.0031672418	0.015482863	0.015022339	0.0006952373	0.040953644	0.012388567	0.0054034316	0.006701055	0.004955879	0.0002319819	0.012018274	0.03375243	0.013097086	0.050840784	0.0189168	0.009648248	0.01702512	0.011254113	0.016620075	0.013436882	0.0013847348	0.007556413	0.0053395843	0.0030997437	0.004363081	0.016453793	0.006399988	0.0014741418	0.010675409	0.0055611725	0.0048865443	0.0032315403	0.01954083	0.021802327	0.046169527	0.051971253	0.0015114719	0.0032399164	0.08982298	0.011372837	0.001367273	0.0023015304
ACC7-P19-LN-H4	0.013570629	0.19517799	0.04826864	0.010218565	0.018367065	0.0009453861	0.012814475	0.00030436885	0.036522705	0.0029112499	0.001537677	0.0058549643	0.008655175	0.001168352	0.026504386	0.003961671	0.010974156	0.016586838	0.0036210816	0.00014152231	0.008354798	0.02664079	0.13878511	0.08044966	0.0056427605	0.030897893	0.0031104346	0.009485682	0.0051925774	0.007578656	0.004330911	0.0035440703	0.00094917713	0.0048910305	0.0055296896	0.00539021	0.0072216797	0.0022636114	0.011231467	0.005322421	0.01293423	0.0022842302	0.0065786582	0.0031823542	0.049733035	0.056383632	0.002164991	0.0063627227	0.021754328	0.008956849	0.02749751	0.01724777
ACC7-P19-LN-H6	0.00047011903	0.19667323	0.004853246	0.004904573	0.02111005	0.0010403497	0.008844821	0.0014628278	0.011481486	0.0034940434	0.0028664721	0.0071850694	0.011286447	0.005750831	0.047608696	0.011660122	0.005069317	0.009001482	0.008243782	0.00023082651	0.013972682	0.047445316	0.0155316945	0.08990656	0.017579507	0.10242715	0.005014367	0.007589979	0.016362065	0.013835601	0.0009337881	0.005322943	0.005885869	0.0037808463	0.0047703935	0.0045266417	0.007992261	0.0010421136	0.012418053	0.004573457	0.006281621	0.006126151	0.025146686	0.01129535	0.071002476	0.06314491	0.0018608418	0.0030141552	0.05166071	0.0054531014	0.0008747742	0.009990168
ACC7-P19-LN-H7	0.0005002955	0.20997316	0.018661493	0.019836072	0.059948407	0.0014491375	0.00983693	0.0004107918	0.019911844	0.0062407446	0.0014247549	0.039629105	0.012906431	0.0005023576	0.046381466	0.010206138	0.013381666	0.007461806	0.00693968	0.00023049419	0.024811149	0.057204373	0.02486286	0.022993911	0.016669746	0.019051088	0.010097863	0.014373066	0.009416042	0.0102657825	0.0020247311	0.009185852	0.010075241	0.003533801	0.007226862	0.02883741	0.012903728	0.004233389	0.02711849	0.0047339345	0.0056130644	0.002302712	0.006362882	0.009990754	0.04995228	0.018023686	0.002253219	0.019052837	0.06661309	0.008466566	0.0014695378	0.004447119
ACC7-P19-LN-H8	0.00017015176	0.2422915	0.0055375467	0.010840106	0.044671264	0.0008736607	0.008626396	0.0010240744	0.010254085	0.006302614	0.0023611668	0.0063735726	0.02827758	0.00049233425	0.018580794	0.014434751	0.0074232086	0.0053951973	0.006718963	0.0006916515	0.016038096	0.033386454	0.017155157	0.061447192	0.043177232	0.053750843	0.00960019	0.0065781004	0.014162861	0.0061863014	0.00033473273	0.009164245	0.0044009904	0.0027508498	0.0023852845	0.011291178	0.0041306345	0.0105607025	0.012464483	0.0025935061	0.005693744	0.0026499266	0.01642622	0.0035237975	0.056533836	0.055915516	0.0015401166	0.004991437	0.1023374	0.0009334211	0.0004628266	0.006091921
ACC15-P10-A11	0.0039200964	0.2754431	0.02694025	0.005517366	0.043140393	0.0013993061	0.011514483	0.00010009532	0.025065588	0.0029240479	0.0014785182	0.016331403	0.013844637	0.0005105308	0.034584943	0.018682066	0.063407555	0.0086619025	0.0035138447	0.00022600198	0.00652834	0.059975002	0.10714214	0.010179774	0.006910882	0.009164653	0.007413222	0.005923343	0.0069841337	0.011758121	0.003846616	0.008635183	0.0020342954	0.009873942	0.004579894	0.0059422594	0.005707195	0.0063488637	0.020033926	0.004573543	0.008912635	0.0018501991	0.008352494	0.002953391	0.057894614	0.015555066	0.020690471	0.003912205	0.0120365685	0.0023914438	0.0030486854	0.0016408721
ACC15-P10-A12	0.0026619663	0.28009948	0.003603603	0.020034224	0.030430555	0.0020985696	0.0106414715	0.00015465959	0.018366927	0.0034380592	0.0008351611	0.02534652	0.031216003	0.0011876555	0.025635444	0.012211934	0.004002943	0.0027513015	0.0037645306	0.00031425038	0.009274179	0.036199674	0.018410666	0.059928693	0.008631678	0.008824457	0.07289841	0.00089484337	0.0054865684	0.021285633	0.0034035991	0.004117418	0.004281819	0.0025016647	0.004536635	0.010431418	0.00640667	0.0008881818	0.01752101	0.0060925693	0.005308884	0.0072549526	0.0032694563	0.0012080568	0.09183203	0.05654974	0.0039001207	0.0015188025	0.036029868	0.009211328	0.0016050083	0.0015006715
ACC15-P10-A1	0.0012221931	0.24968909	0.019204805	0.0043337885	0.023926506	0.0013455594	0.0153812235	0.0005508456	0.028879464	0.0045712614	0.0035346735	0.04316153	0.018943766	0.00090078835	0.05847531	0.023081942	0.007361978	0.0055052764	0.008068567	0.005733008	0.009555584	0.029186727	0.031877127	0.08656254	0.006637527	0.016145898	0.010282409	0.010885572	0.0037276773	0.026888974	0.0019758642	0.008355818	0.0038615211	0.0021841298	0.0041233636	0.008552866	0.00941522	0.002032279	0.022228023	0.003312654	0.0062050945	0.002483638	0.007918643	0.011268865	0.061749592	0.040054422	0.0052769785	0.0035904953	0.030301386	0.0048903376	0.0024632302	0.002133989
ACC15-P10-A2	0.0003718289	0.2971696	0.03196045	0.008387078	0.0061962125	0.0009651461	0.011680108	0.0004185278	0.044723283	0.0026995272	0.0007865185	0.013129775	0.009451944	0.00025800255	0.026502503	0.0049462914	0.018648002	0.007925595	0.0021091986	0.0001648598	0.007840245	0.06079597	0.1050172	0.06996605	0.0062316405	0.004390856	0.0031799776	0.0007665504	0.0029292477	0.03280414	0.0016528507	0.0023290927	0.0011898658	0.0025032074	0.026764672	0.005178099	0.004802503	0.001025139	0.012909095	0.0015536788	0.0026738115	0.0008769564	0.0022491065	0.0013866453	0.07458002	0.05512493	0.0071749957	0.0020278085	0.0080101425	0.00081391825	0.0019624971	0.0007945701
ACC15-P10-A3	0.00059475645	0.22347504	0.00561478	0.0065498836	0.035768226	0.00083951204	0.010999715	0.000606044	0.034204848	0.009253307	0.0014392766	0.020373888	0.010064935	0.00072689576	0.031884182	0.0020491916	0.011428954	0.011652964	0.0040773037	0.00026220042	0.007608698	0.04108883	0.08570962	0.06917673	0.010649529	0.016308203	0.005046676	0.010298967	0.008166458	0.020693634	0.0048289956	0.008350043	0.0034754712	0.0022178805	0.0027696663	0.009770854	0.006164413	0.0011200301	0.033882424	0.007967202	0.01743881	0.0035948525	0.003982048	0.003186328	0.09324275	0.035746884	0.0032706317	0.002170517	0.04846957	0.005708617	0.00373145	0.002297347
ACC15-P10-A5	0.0054728943	0.20605227	0.034647185	0.01006921	0.026614461	0.00124102	0.017731283	0.000690742	0.021349411	0.0037034731	0.0019977973	0.028958676	0.033779513	0.0035377648	0.033534966	0.0180476	0.009887567	0.008499014	0.003798816	0.00031263565	0.011257221	0.030602759	0.04143191	0.062939964	0.0072694705	0.013765922	0.011710029	0.013879299	0.0058283918	0.04627133	0.0054458063	0.00770403	0.0020485006	0.0027076518	0.005388818	0.012456165	0.009401688	0.001734958	0.03585759	0.0069844215	0.0083085885	0.002617147	0.004681889	0.003095997	0.07626347	0.0471176	0.0027891763	0.0028644274	0.033708423	0.007917318	0.004841291	0.0011823755
ACC15-P10-A7	0.00062989787	0.2818184	0.0035338767	0.009452842	0.005860989	0.0012625272	0.022075856	0.0011311733	0.022445383	0.0041604247	0.0025400491	0.020155001	0.0843332	0.00057865184	0.028335791	0.009298108	0.012432327	0.006247205	0.0020584983	0.0002720097	0.00741907	0.046928547	0.04393516	0.064950496	0.011340547	0.011189203	0.023459053	0.0013166071	0.00978983	0.045235854	0.0031077748	0.0027499364	0.002903063	0.0033055448	0.0050247475	0.00577388	0.0072757434	0.0010148744	0.022718664	0.0034467971	0.0061611272	0.0021129595	0.0057206964	0.0023653253	0.06779847	0.04426911	0.007364545	0.002670936	0.015339751	0.0016097884	0.0020369382	0.0010427762
ACC15-P10-A8	0.0022494972	0.21513866	0.01743535	0.0074135005	0.074042045	0.0012607332	0.0055515114	0.001469225	0.01652442	0.008590694	0.0016917877	0.029118067	0.014766584	0.0030058136	0.018390665	0.04787586	0.008555119	0.003335328	0.003798863	0.0003484513	0.016531732	0.07421539	0.011651326	0.036775	0.013513897	0.004844433	0.025154846	0.005622406	0.0064746207	0.013533839	0.00058241136	0.021852702	0.0041332496	0.0040069944	0.008463912	0.0644301	0.006771501	0.004255434	0.013392061	0.0034011437	0.0019506047	0.0060827644	0.006362792	0.0032901708	0.056864046	0.0447057	0.013521626	0.0030745955	0.04157672	0.0014707877	0.00019859195	0.0007324587
ACC15-P10-A9	0.0020253193	0.23170127	0.02140794	0.0027943437	0.020536577	0.0011730365	0.008842222	0.00016154256	0.024121983	0.0035381096	0.0015245461	0.095353514	0.024988616	0.00088945037	0.053581487	0.010774775	0.011283779	0.006212555	0.006411457	0.00028050874	0.009983434	0.03250461	0.021974307	0.056324143	0.0056896764	0.024650306	0.016297642	0.0059623984	0.004536287	0.023915518	0.0012139714	0.0051396056	0.0022629572	0.00569171	0.00552778	0.010038327	0.009542717	0.0012630201	0.01271502	0.006053972	0.0041130083	0.004636885	0.0044941385	0.008675492	0.060628448	0.03617291	0.002737476	0.0025171763	0.0737773	0.009656762	0.0026672338	0.001032679
ACC15-P10-B10	0.0011531186	0.20308198	0.0061823516	0.010018099	0.011391964	0.0012894347	0.010060466	0.001915987	0.017684456	0.0047749938	0.020178607	0.042369	0.09867645	0.001566959	0.07255859	0.006167424	0.003934544	0.007879378	0.0026527822	0.0007065555	0.014232133	0.03216642	0.011468312	0.06075728	0.0085167	0.007776998	0.04613122	0.0017948805	0.0051640174	0.037888788	0.0054442617	0.0058348114	0.01606141	0.0027192198	0.0071986215	0.009149021	0.010675729	0.001206583	0.01454875	0.011154803	0.012412417	0.02101538	0.0060912855	0.014510421	0.031098934	0.03763474	0.0021265848	0.006514264	0.016588034	0.010514999	0.0017447944	0.0056150127
ACC15-P10-B11	0.002395066	0.25779316	0.019224478	0.0038670246	0.03406228	0.0015180388	0.006883365	8.2906874e-05	0.020915085	0.0042283665	0.000996624	0.03095347	0.008142324	0.0067563793	0.0369781	0.009601939	0.015092868	0.0030811194	0.003270055	0.00019420568	0.023393402	0.0856033	0.03494951	0.037843857	0.010590249	0.007977367	0.011927831	0.0043078796	0.004981659	0.034519	0.0010974618	0.007524118	0.0011942431	0.0019348762	0.0037788744	0.01634995	0.006937375	0.004886281	0.02690725	0.0047968393	0.0023172249	0.0018508969	0.0055583306	0.003635833	0.08776435	0.04051916	0.009565256	0.0034088043	0.041106965	0.0034498333	0.0017695982	0.001515602
ACC15-P10-B1	0.00025195171	0.21340255	0.0033490397	0.005221088	0.019451013	0.0014458398	0.06431226	0.0004027237	0.23303534	0.003267751	0.0010392857	0.0062447917	0.013771924	0.0036618286	0.008625818	0.0043321154	0.019853842	0.09727786	0.0030026266	0.0069057676	0.0036100117	0.0141241355	0.014121697	0.048903473	0.0059735063	0.007383061	0.0060090898	0.006198996	0.0031503614	0.022723138	0.0016919323	0.003719194	0.0020185607	0.001573929	0.0026314175	0.0034413713	0.0020768642	0.00095744344	0.0046370355	0.0012816603	0.003795271	0.0010446279	0.0039657275	0.004143286	0.038598128	0.06567189	0.0032424203	0.004043844	0.006278977	0.0015829481	0.0011785226	0.0013721199
ACC15-P10-B3	0.00013932028	0.43476167	0.08212884	0.00044600625	0.00051133824	0.004387685	0.010890606	0.00022928495	0.008575155	0.019570425	0.0031896043	0.012756476	0.0032817018	0.00022900062	0.026864234	9.4397765e-05	0.00016096448	0.012080512	0.10413386	0.00015097967	0.008749186	0.004090584	0.005756216	0.00025146297	0.008665057	0.001969699	0.020467151	3.9531405e-06	0.00456997	0.0016405049	0.00022354115	0.019020818	0.006278416	0.00058873976	0.0022924978	0.0087779965	0.002827972	0.02595812	0.00508526	0.0105887605	0.002657427	0.0016664997	0.00859484	0.0009114325	0.041256543	0.0021967324	0.07419939	0.0010599141	0.0027529416	0.0006944148	0.00047582763	0.0011460605
ACC15-P10-B4	0.0013537294	0.24831408	0.0074393693	0.0069983825	0.013053304	0.0008068003	0.010315641	0.00040802528	0.012888144	0.0032868835	0.0042786566	0.03689932	0.054967552	0.00093588093	0.045591958	0.008032485	0.00523698	0.0055082655	0.004113065	0.00041502557	0.013029739	0.029494274	0.017859599	0.058241617	0.013780425	0.00964377	0.035365872	0.0053787283	0.007663707	0.0382773	0.0016930724	0.0072756866	0.0036443728	0.0034829152	0.0063837063	0.011869179	0.010054253	0.0013619578	0.01564446	0.009574062	0.005771233	0.016323969	0.007921873	0.0130597055	0.056117304	0.059491314	0.0018911186	0.002224373	0.045941453	0.0141571695	0.002492853	0.004045423
ACC15-P10-B6	0.0033817189	0.257946	0.052480828	0.004978454	0.0014034385	0.0006712588	0.010146335	0.0017558539	0.02101417	0.003694828	0.0043843817	0.042317037	0.017164243	0.0037877539	0.06746157	0.0034940087	0.011775932	0.0042407406	0.003076409	0.0015382182	0.013288811	0.020324746	0.029736511	0.059817694	0.005327942	0.009217995	0.01094064	0.00036146273	0.0042566583	0.023744222	0.010302003	0.0021341606	0.0016870996	0.0048192283	0.005649021	0.010618083	0.012288269	0.00091088685	0.015245685	0.006225429	0.011492062	0.005640932	0.0067345896	0.0090877535	0.07977368	0.06835963	0.0015983476	0.0036575294	0.036155954	0.0096778525	0.0028505945	0.0013613076
ACC15-P10-B7	0.0009855159	0.27752635	0.019655704	0.0033425887	0.011938225	0.0007650983	0.0068784123	0.00058395596	0.013142207	0.003638914	0.0034262645	0.04173557	0.010528045	0.0005457513	0.065593176	0.0021615021	0.0071367566	0.0034733473	0.004367781	0.0003177945	0.022954712	0.041616324	0.020432124	0.06144996	0.019756505	0.0051453477	0.010434875	0.0006861491	0.0069489726	0.021421479	0.0028468508	0.004014153	0.0039434573	0.0021810706	0.0037083996	0.0128090745	0.007451609	0.0013164303	0.01665319	0.004550083	0.0041242023	0.0031732265	0.01204399	0.0047463626	0.08515581	0.068847835	0.0063476725	0.002565851	0.049218964	0.004537162	0.0014529565	0.009722217
ACC15-P10-B8	0.0012189784	0.19274834	0.006080775	0.0083671035	0.018392138	0.000989298	0.023521608	0.0007978415	0.045233913	0.004471714	0.003412517	0.015364163	0.018870603	0.0014238126	0.028277097	0.0112224305	0.047001753	0.034860585	0.003129099	0.00033939944	0.0070155915	0.0325077	0.0373874	0.055762976	0.0072390493	0.014174604	0.0080557875	0.007977835	0.010172233	0.016308887	0.007290116	0.005371166	0.003689396	0.002817663	0.006677193	0.0072035887	0.007961407	0.026694482	0.028714001	0.0109102335	0.066043444	0.0032398363	0.0066653877	0.0046062465	0.055845384	0.04927653	0.0027989962	0.005217712	0.026046159	0.0057069273	0.004127258	0.0007716435
ACC15-P10-C11	0.0008155548	0.22796114	0.05323059	0.012183838	0.033946294	0.0010181294	0.007154191	0.0035090346	0.016836321	0.003818528	0.0010138367	0.0489159	0.0063216556	0.0025562188	0.026188416	0.0075621502	0.009384567	0.013677658	0.0032597482	0.0001613358	0.032164022	0.03133688	0.05032569	0.050511148	0.019748583	0.02072181	0.0062393406	0.007213327	0.007431904	0.030435678	0.000878953	0.0044819238	0.005233735	0.005728544	0.0042797504	0.008626082	0.011580363	0.0016481201	0.012622543	0.005935074	0.0016131947	0.0012256289	0.01397748	0.006243014	0.05390757	0.053868197	0.0021130403	0.0026248638	0.057205684	0.0025122452	0.0023068923	0.005743576
ACC15-P10-C1	0.0015894385	0.23988403	0.010435607	0.010947912	0.03484366	0.0016792413	0.0105437115	0.0003458073	0.023139978	0.0040329243	0.0016161584	0.030959247	0.025071757	0.0027995906	0.0580402	0.010453346	0.014265319	0.0055100806	0.003139101	0.00033950075	0.027060928	0.052865375	0.022052882	0.047400728	0.012510398	0.014910756	0.013811468	0.0025035632	0.005621981	0.044800293	0.00174212	0.011089273	0.007706927	0.002622217	0.005923478	0.0098998	0.01283509	0.0025935373	0.017640937	0.007506985	0.006077755	0.0039457073	0.010175792	0.0050811535	0.0639799	0.041685507	0.0069374284	0.0037807566	0.03340638	0.00809662	0.0012361868	0.0028613417
ACC15-P10-C2	0.00058404857	0.2724126	0.028655501	0.0012838162	0.030857408	0.0008662573	0.013317555	0.0007258503	0.035872083	0.006951323	0.0009234712	0.022045601	0.012499174	0.0020706225	0.023073655	0.033790257	0.051890858	0.011157945	0.014787456	0.004321233	0.0077281883	0.050982613	0.07504338	0.023139939	0.003657704	0.008507834	0.007815627	0.0059423842	0.0063207503	0.019137638	0.0012750068	0.0092629185	0.0029826486	0.0028361534	0.005872257	0.0088546565	0.0063451654	0.0015780486	0.024817357	0.004216983	0.009926929	0.0019068257	0.0044459575	0.0036424554	0.056533672	0.01963684	0.0071302154	0.020400304	0.026511	0.0024511975	0.0019147145	0.0010959456
ACC15-P10-C3	0.00040771958	0.30672538	0.007744218	0.0026791233	0.0034909411	0.0006868705	0.013804967	0.00037642245	0.012788714	0.003499139	0.0014782806	0.0100872	0.009717156	0.0013284375	0.045286573	0.015254709	0.017578045	0.005415653	0.0032549428	0.00019405955	0.01187947	0.072556995	0.0868851	0.05242251	0.0124257	0.010618111	0.0033459675	0.00047780518	0.017970871	0.02060315	0.0015905524	0.0045923823	0.002357576	0.005706841	0.002056967	0.0060762116	0.0056813043	0.0011378009	0.038253084	0.0016317363	0.003068352	0.0006691933	0.0023582727	0.0007951924	0.09619806	0.04949469	0.0028021077	0.005719033	0.016834091	0.00027224448	0.0004746783	0.0012454363
ACC15-P10-C4	0.001620397	0.24189082	0.010873396	0.0059521147	0.020605441	0.0036815659	0.011715814	0.0011201609	0.23421532	0.007198768	0.0037237036	0.012263889	0.013327715	0.0019983156	0.018538533	0.00501692	0.017709	0.010779954	0.006654549	0.0002690251	0.0074211247	0.046208277	0.020314343	0.05021312	0.006426261	0.007397994	0.014121328	0.009987339	0.0038436016	0.028636994	0.0018566697	0.0044228383	0.0019079088	0.0016667248	0.0032959385	0.008159763	0.0067058923	0.001447312	0.014220023	0.002639883	0.002321681	0.005051209	0.003472029	0.0036642181	0.03974953	0.042313963	0.0030840924	0.003681804	0.018854406	0.0025491707	0.0023709284	0.0028382502
ACC15-P10-C5	0.00036839134	0.26500678	0.0047832443	0.0032005627	0.013105873	0.0010311834	0.015436922	7.7731725e-05	0.018873557	0.0046784626	0.0008489466	0.02057056	0.056513853	0.00050657324	0.02496065	0.0033588093	0.008082884	0.003358205	0.0021146259	0.00023107747	0.0130154295	0.10206249	0.038975425	0.03568415	0.0060015237	0.0052139712	0.016862525	0.00038837467	0.0061203325	0.010958539	0.0006424686	0.0047523156	0.0012172959	0.0018347305	0.0069391774	0.013138723	0.0045121275	0.0009798006	0.052641764	0.002267537	0.0054016677	0.0024092072	0.010194162	0.0028742827	0.100337975	0.06837162	0.0045373384	0.003023098	0.027646033	0.0015047556	0.0002960898	0.002086161
ACC15-P10-C6	0.0014961035	0.27174905	0.008507716	0.0021977513	0.007090245	0.0010730074	0.00779391	0.0025753814	0.039473746	0.0040908167	0.0025760005	0.042360406	0.015540221	0.002344971	0.08137898	0.009519561	0.008139569	0.0044324207	0.005437894	0.00035524205	0.016110664	0.037394837	0.01976154	0.07308898	0.0062101637	0.010022097	0.022778895	0.0005717768	0.0033587636	0.027856529	0.0025254285	0.0020700241	0.0018632726	0.0018625935	0.00201865	0.0060171727	0.008584059	0.0010953416	0.013625841	0.013920228	0.0033762797	0.006734789	0.0067015286	0.003991684	0.07899148	0.053691737	0.0020965151	0.0019381088	0.04242836	0.0058763865	0.0024666728	0.0028366568
ACC15-P10-C9	0.0007164676	0.24971639	0.024950875	0.008160374	0.028897606	0.0015139977	0.011513471	0.00046136093	0.023553222	0.0044301497	0.0026675737	0.024446633	0.048879135	0.00085314515	0.05026012	0.008748384	0.016553342	0.004904182	0.004047703	0.00033971245	0.0134657165	0.05899212	0.026502887	0.02742036	0.016125018	0.009468286	0.02854292	0.003533468	0.01308013	0.01761125	0.0021240767	0.010094132	0.004856006	0.0030063996	0.0036227147	0.011478651	0.008106362	0.00153563	0.025774863	0.0037118737	0.008742843	0.010364707	0.0047943294	0.004995022	0.04961536	0.038185235	0.0025619618	0.016856289	0.05405847	0.0024950795	0.0013824425	0.0012816753
ACC15-P10-D11	0.00064773776	0.24252672	0.038853414	0.007108867	0.0161002	0.00090773747	0.009975454	0.00067672215	0.023919962	0.004002744	0.00443309	0.035566144	0.019096404	0.0009719642	0.0594865	0.013418391	0.015328555	0.006686452	0.0045394455	0.0048397295	0.013868142	0.039672244	0.016868114	0.05634648	0.00866584	0.023345308	0.015899524	0.0038633472	0.0078385	0.02704256	0.0059869145	0.0049713966	0.0029024985	0.002857465	0.009479584	0.011189517	0.019517073	0.0011245573	0.02073358	0.010572146	0.011221579	0.0055792048	0.004410499	0.0064236326	0.054569844	0.048548784	0.0023644504	0.0028290325	0.037714336	0.011429986	0.0017521367	0.0013254507
ACC15-P10-D12	0.0009997782	0.24914698	0.013300631	0.006526856	0.04519577	0.0011510189	0.007554332	0.000548783	0.019122431	0.005244621	0.0032217144	0.02274637	0.014231177	0.0005302426	0.03661053	0.0068528755	0.0028889785	0.0049976218	0.0041731084	0.00041519103	0.014680449	0.014240346	0.017522627	0.07459299	0.013025736	0.0926001	0.029553168	0.0053413054	0.0081935525	0.01893568	0.001964903	0.006170429	0.0046119196	0.006043803	0.0059303585	0.007986969	0.011821247	0.0012672679	0.0068250443	0.035375368	0.0044513303	0.00950568	0.0056184325	0.0067369053	0.052835986	0.058272578	0.0016211417	0.0021624127	0.025867483	0.0065057697	0.0027473662	0.001532469
ACC15-P10-D4	0.0030154097	0.19795837	0.00837123	0.0056057856	0.028850785	0.00095768546	0.0081332605	0.00067389704	0.015730456	0.0035008898	0.004578526	0.041422218	0.020660102	0.002699579	0.04799373	0.013256956	0.00964612	0.020711737	0.007469042	0.00041769692	0.016594034	0.047951907	0.016467482	0.06834228	0.014250175	0.017148418	0.016034167	0.0050077913	0.006721682	0.049841985	0.004008992	0.010268067	0.005527082	0.0030852924	0.005280091	0.0077994056	0.014677723	0.0013276977	0.022746714	0.012288328	0.0045191944	0.0042584026	0.0051371627	0.003984414	0.06347076	0.05425707	0.004702288	0.0021661909	0.059653763	0.0063355016	0.0023226545	0.0021697942
ACC15-P10-D6	0.0023001118	0.24209467	0.021987567	0.008321782	0.009106824	0.0007138627	0.00882405	0.00018945211	0.013581256	0.0024383548	0.0034946823	0.042896092	0.039384954	0.00100345	0.097209215	0.011255147	0.006346894	0.00416656	0.0048735463	0.00035067028	0.020614246	0.04529418	0.019812286	0.03411469	0.0062598865	0.010385651	0.034246247	0.00049354136	0.003993181	0.02912967	0.0042420956	0.0063998094	0.0020895482	0.0026912943	0.008804648	0.008843187	0.01943533	0.0011490275	0.011142972	0.009692973	0.004381513	0.04259187	0.004587052	0.0046402114	0.069701694	0.029585559	0.002724829	0.0019240316	0.02967517	0.0063404343	0.001382894	0.003091104
ACC15-P10-E10	0.001405117	0.20376268	0.0085334405	0.007777262	0.022406494	0.00084333314	0.015823381	0.00045976377	0.027455952	0.0036966717	0.0022069032	0.042794555	0.024975372	0.0018712664	0.04789479	0.010076295	0.009163901	0.0072674043	0.002826892	0.00036071413	0.01228229	0.06676195	0.021133425	0.08090522	0.0044473587	0.02757847	0.012203516	0.007173634	0.0028331669	0.025060136	0.0030239115	0.00658616	0.0036026035	0.004683768	0.0067896857	0.010139279	0.008601057	0.0014577257	0.024127329	0.0064289006	0.0052135214	0.007683821	0.01301812	0.010595787	0.05445235	0.043975182	0.0011600261	0.009040703	0.05314336	0.017161954	0.004173705	0.002959605
ACC15-P10-E11	0.0012746459	0.23032223	0.04467578	0.0021808208	0.04255985	0.001993933	0.012951175	0.0003586369	0.03753663	0.0063753678	0.0026164933	0.017466381	0.007376429	0.00091019133	0.03712646	0.0036571128	0.036043786	0.01295143	0.0037500393	0.0029839734	0.007832212	0.057130333	0.12215486	0.040084407	0.007290796	0.00466754	0.0032150159	0.0024176305	0.007445518	0.022063129	0.0036604314	0.0061152945	0.0022441559	0.0053081573	0.01413396	0.010497243	0.0056968	0.0029185088	0.011720952	0.0023303635	0.0056193084	0.0013369187	0.00469788	0.0015873685	0.056434654	0.05777486	0.0067096353	0.0055938107	0.009038334	0.0017409053	0.0031815332	0.0022460157
ACC15-P10-E12	0.00033165235	0.24935631	0.014357764	0.0017286158	0.033391744	0.0012442385	0.050014347	0.00040346332	0.02306233	0.0033313371	0.00246526	0.028604003	0.0134453345	0.000564342	0.025994796	0.005081963	0.02111	0.047291048	0.003703528	0.00031070085	0.0057292576	0.055393696	0.027518006	0.054084994	0.014519569	0.0046161897	0.008063153	0.002375724	0.014200983	0.027813269	0.002702519	0.004753377	0.0044251517	0.0023308014	0.0033453116	0.005873652	0.0049907058	0.0012173022	0.022235291	0.001728218	0.02415792	0.0014586976	0.0033413358	0.0016273764	0.09370165	0.059965886	0.004122828	0.004148632	0.011389412	0.0008631964	0.00051612273	0.0009969458
ACC15-P10-E1	0.0015691184	0.28464276	0.0049564354	0.009058297	0.015199458	0.0014912495	0.009992305	0.00064961	0.016115582	0.0042211665	0.0017444581	0.03131912	0.038612667	0.002879342	0.035041608	0.011353052	0.02547157	0.007821532	0.0032413406	0.00035408355	0.008634159	0.06814794	0.020854538	0.03573858	0.0060358853	0.013403639	0.014433668	0.0029959753	0.0038617789	0.049159095	0.0015175871	0.0050987666	0.0028481532	0.0013815018	0.006998353	0.011180529	0.006715662	0.0012374145	0.024914224	0.0060678073	0.007018734	0.0017088844	0.0037758804	0.015640818	0.070250705	0.05355272	0.002296458	0.0060428362	0.034320187	0.0066141826	0.00096630293	0.0008522209
ACC15-P10-E4	0.00419697	0.0957435	0.0021751511	0.0003857592	0.02152746	0.0025818541	0.0024184743	0.00058520236	0.0033942678	0.0047174124	0.00040146345	0.04073192	0.02620155	0.0040928395	0.03355687	0.0811625	0.07155619	0.001498063	0.0003464582	0.00011063252	0.021112531	0.20480995	0.006468319	0.056920826	0.008511848	0.008619821	0.009040859	0.0019935973	0.0023178253	0.044725664	0.0029234297	0.003268007	0.0012158607	0.0036822935	0.047114976	0.0019080361	0.013448221	0.0005582273	0.012689401	0.0022271087	0.0031548198	0.0021607957	0.0032446012	0.003656522	0.036547516	0.044260383	0.00052276463	0.0041399496	0.04391668	0.002738702	0.00058454846	0.0041314173
ACC15-P10-E6	0.0005651543	0.16038811	0.008842374	0.018011972	0.02953765	0.0017415651	0.044900484	0.00026540257	0.048764303	0.00449424	0.0019839061	0.026669051	0.025081687	0.00036110193	0.065500684	0.0015845544	0.028031563	0.017209485	0.0040798252	0.0014999083	0.007687295	0.012201877	0.08636488	0.05243314	0.0052389908	0.013524251	0.010799882	0.01222322	0.0032908297	0.011443945	0.0074986513	0.009596675	0.0020343442	0.0046940474	0.012013264	0.008194848	0.011091196	0.0035330572	0.04052783	0.006603998	0.04325504	0.0043386263	0.0034871972	0.006098607	0.06899418	0.019039195	0.0042460724	0.0035667066	0.026428692	0.005500783	0.0028375052	0.0016982357
ACC15-P10-E8	0.0016981723	0.21055788	0.006064635	0.0030556717	0.022151852	0.0018120827	0.011435921	0.0001715596	0.027240077	0.013848821	0.001231756	0.022628618	0.013329745	0.00050110184	0.04965499	0.0009217298	0.002972799	0.010300758	0.005943968	0.00036036508	0.00930712	0.05911746	0.025685664	0.07627087	0.0076913345	0.029439704	0.0071679875	0.0035459788	0.0064070555	0.029740792	0.008745416	0.006433707	0.002543718	0.01035526	0.0053024357	0.01035267	0.009818917	0.018690433	0.014200212	0.008916715	0.010154316	0.003626103	0.006431445	0.001661945	0.06410788	0.038773365	0.019964866	0.024385005	0.03148665	0.025277885	0.017035628	0.0014789453
ACC15-P10-E9	0.0016983902	0.26859874	0.027558811	0.0056755138	0.023480324	0.0010190038	0.0129061295	0.0018419882	0.026637968	0.003489927	0.0034290464	0.036878582	0.012737333	0.002019991	0.06527952	0.0101561025	0.03365567	0.0076550236	0.0025736974	0.0019002308	0.010609566	0.041026898	0.028489307	0.049062002	0.004947862	0.010978444	0.013605977	0.005978526	0.0034173653	0.01998364	0.0057044798	0.0047302614	0.0026457058	0.001458622	0.011867962	0.009055558	0.011791414	0.0036879494	0.015809292	0.007800229	0.014717694	0.00524651	0.004055621	0.0034211404	0.05016188	0.041431367	0.003302132	0.0022434618	0.050088245	0.010047055	0.002094344	0.00134744
ACC15-P10-F12	0.0033037413	0.1807702	0.0052756392	0.009229286	0.0069866646	0.00095846714	0.010772989	0.0007853845	0.01758577	0.0048850244	0.0043655382	0.018205611	0.1689301	0.0032183311	0.0569725	0.003303181	0.018638557	0.0042313356	0.003021851	0.0034668758	0.017825376	0.045487177	0.015486364	0.026416946	0.0056331125	0.0082864715	0.039972797	0.0016563799	0.004110989	0.021075554	0.005280359	0.007395731	0.008136776	0.007472465	0.0047572576	0.0063594473	0.013247575	0.0013962694	0.029822746	0.018460983	0.010114119	0.01649273	0.005120544	0.003448923	0.049250264	0.03168132	0.0018603425	0.0017795742	0.049575005	0.010162983	0.0054047024	0.0019217874
ACC15-P10-F1	0.0044462923	0.25110015	0.016511748	0.0064328555	0.012036422	0.0012706004	0.011187208	0.15489636	0.020233342	0.004298171	0.0029469097	0.02835132	0.016248232	0.06228379	0.012734862	0.010074255	0.045705203	0.004223772	0.0018042483	0.0019213827	0.00786164	0.04925889	0.0416978	0.019560235	0.008746592	0.00807879	0.008248124	0.0020768582	0.013499285	0.014793327	0.0015855182	0.005026173	0.0027565837	0.0046685333	0.0031774356	0.008200564	0.0033078324	0.0067058946	0.02438102	0.003349255	0.0040586363	0.001599993	0.009513675	0.0026815294	0.03240341	0.022002332	0.0037070087	0.001956532	0.011783893	0.00072309334	0.0016213179	0.0022610864
ACC15-P10-F2	0.0038889667	0.18681507	0.0034863837	0.015891433	0.018840551	0.0020111457	0.02228551	0.0018037737	0.044840112	0.004452734	0.0031708085	0.013142504	0.018568885	0.001455746	0.035701293	0.011810347	0.019598458	0.009415887	0.006884942	0.0013556604	0.009052667	0.024036247	0.045322925	0.060353417	0.007464073	0.02064313	0.011616317	0.008311123	0.009154806	0.025377292	0.022891905	0.0071574827	0.0017359729	0.008116312	0.0057971217	0.006052689	0.013930245	0.0010049166	0.022063138	0.009951579	0.06367185	0.004754307	0.005758215	0.005448925	0.05659826	0.06827577	0.0075971475	0.004179832	0.026923446	0.0063952613	0.0035384737	0.0014048856
ACC15-P10-F3	0.0010940299	0.1951439	0.0060580145	0.012605988	0.020118758	0.001136577	0.020937417	0.0010994934	0.040445007	0.0032015983	0.0015073593	0.023489526	0.062687404	0.0049082	0.018927205	0.008476578	0.009333511	0.003205005	0.0026972196	0.0016238823	0.010042893	0.05442987	0.027820447	0.035496365	0.011033211	0.011338855	0.032287464	0.0026870542	0.008737715	0.019500619	0.002295896	0.007838116	0.005628108	0.0049557057	0.004103886	0.0073567056	0.0063456623	0.0020551023	0.042237964	0.007008716	0.007734907	0.06107927	0.0040899403	0.0021925387	0.08797377	0.04726254	0.0043116044	0.0023254238	0.03234017	0.002939529	0.0006592965	0.0051939464
ACC15-P10-F4	0.003106423	0.21082813	0.008944877	0.0038321859	0.02111274	0.0009833903	0.0061221053	0.0010508985	0.025064467	0.0047110976	0.004202301	0.034531586	0.010630915	0.0017320972	0.043051496	0.015622471	0.010661111	0.0069362116	0.005035255	0.0019350249	0.011927425	0.054634515	0.019420832	0.077623665	0.010989892	0.014202873	0.026685057	0.0042163827	0.0058424748	0.034965385	0.0018579724	0.010020305	0.008303892	0.0014352892	0.008198266	0.013206972	0.008327677	0.0013797592	0.018303372	0.012063344	0.008770452	0.013414219	0.005476252	0.0065621655	0.0573659	0.04253694	0.005095314	0.02925167	0.051814407	0.010643539	0.003402366	0.001966601
ACC15-P10-F5	0.0018981714	0.20711915	0.0119754365	0.0027135399	0.029907195	0.001415165	0.009245912	0.0010673738	0.036927454	0.004096865	0.0011695081	0.028483594	0.07179093	0.0009202517	0.050703075	0.0047864993	0.007952756	0.00549387	0.005718879	0.00031153255	0.0142857805	0.023170086	0.03317451	0.06897555	0.009270622	0.013447798	0.03535225	0.0065313396	0.0045836456	0.01719875	0.0018851972	0.009069903	0.003441224	0.0015840563	0.014469381	0.010593056	0.008097331	0.0022697407	0.031314585	0.00614689	0.008588242	0.00884376	0.005785227	0.0040558646	0.05533615	0.034757048	0.0010572523	0.004537965	0.0686104	0.007050582	0.001156815	0.0016619182
ACC15-P10-F6	0.0075152265	0.31361818	0.0040603573	0.010272171	0.04103501	0.0017897477	0.0064052534	0.0002172481	0.025464065	0.0045275083	0.0021977907	0.043159507	0.01150739	0.0014114219	0.034771718	0.0057568564	0.008769788	0.004713133	0.004203884	0.00029420326	0.028999252	0.042263065	0.021929607	0.009780354	0.026667364	0.009262789	0.016107773	0.0033534952	0.017698312	0.010910493	0.001472844	0.007303008	0.006533287	0.0020241623	0.004508527	0.012794912	0.00784933	0.0016207751	0.03208574	0.006479948	0.0052162977	0.0021085937	0.0055635935	0.0012837737	0.10699868	0.02276296	0.002508517	0.0027306057	0.04172978	0.0007771279	0.0003024197	0.0066822344
ACC15-P10-F7	0.0007752751	0.26217428	0.021284746	0.0025694536	0.015351593	0.0008027321	0.007846293	0.0011016331	0.012134261	0.0059435084	0.0031818743	0.014354012	0.011227235	0.0007191702	0.037089955	0.0037320598	0.006061611	0.0040100887	0.01285613	0.010700487	0.013258915	0.030200705	0.017950317	0.070921786	0.007645496	0.118720055	0.009650214	0.0034595958	0.0046369624	0.02800618	0.0034911232	0.007603892	0.0031386123	0.003739727	0.020522602	0.009211115	0.013914445	0.0010090141	0.0077343294	0.012618079	0.002104197	0.0032793463	0.005960834	0.043241404	0.061291885	0.037855834	0.0020632248	0.0028287268	0.013259033	0.0035865856	0.0017093283	0.0014700092
ACC15-P10-F9	0.0028896795	0.25238764	0.010427555	0.0036137437	0.05854528	0.0012578536	0.01439248	0.00012371782	0.042000372	0.0035628697	0.0002765462	0.042605728	0.03793632	0.00054467906	0.02382753	0.014634228	0.038587693	0.0071139485	0.004274556	0.00020682644	0.0111603355	0.026456714	0.02744605	0.017831424	0.0049654962	0.009462377	0.022239836	0.021407057	0.0031230499	0.018671794	0.0017224593	0.008654841	0.0009736408	0.0019563297	0.0054607824	0.009193376	0.006089834	0.013646586	0.033100836	0.0059008836	0.007954937	0.051748876	0.006942695	0.0051589343	0.053774547	0.014838523	0.004987887	0.002394415	0.028473629	0.011121124	0.0012727564	0.0026587702
ACC15-P10-G12	0.0005464911	0.28606728	0.020621426	0.0073940586	0.004372128	0.0012717518	0.011683628	0.00020994902	0.021768985	0.013318146	0.002679219	0.01599426	0.00873891	0.00055982795	0.027075952	0.01312378	0.033968586	0.0039620926	0.0031070332	0.019537749	0.019154223	0.04204325	0.12034703	0.02534398	0.009509542	0.009389938	0.007824439	0.0012487468	0.008644087	0.017195212	0.007206703	0.0049181622	0.0022475077	0.008078985	0.003306903	0.0074022654	0.006869072	0.001106145	0.02138253	0.006152308	0.0036485812	0.0012714699	0.0026276498	0.0026792411	0.081154875	0.04662296	0.001446518	0.004116226	0.02601332	0.0007308739	0.002711224	0.0016049283
ACC15-P10-G5	0.00081572094	0.25180852	0.004112789	0.0072236615	0.030203633	0.001367677	0.008829069	5.22294e-05	0.02803972	0.0043805162	0.001034154	0.026741836	0.009497854	0.0004194749	0.045376927	0.018560128	0.005419737	0.0028337461	0.0043221917	0.0045937337	0.013552424	0.06890437	0.02486459	0.061324805	0.015646992	0.01917155	0.013854565	0.00085835153	0.0077682463	0.021922445	0.0013485109	0.004365887	0.001991183	0.0035626933	0.0049896436	0.010697439	0.007313407	0.0429464	0.014587178	0.00528278	0.0013649513	0.0018946166	0.004059757	0.0010776747	0.09208505	0.070059754	0.0020850487	0.0021675548	0.022029841	0.0012994127	0.000706327	0.0005832342
ACC15-P10-G6	0.0011190011	0.2542686	0.03996638	0.0037478814	0.0148137435	0.0011848087	0.011980148	0.00016761488	0.038244907	0.0033739998	0.0008961772	0.018187432	0.010774491	0.00085692666	0.023422755	0.0009438831	0.04645752	0.008122174	0.0045143412	0.0107356915	0.011481884	0.03641826	0.14241813	0.052382667	0.0066358005	0.0064443857	0.0053600813	0.006178711	0.0050682733	0.01580074	0.0058101295	0.004112885	0.0014379075	0.004170396	0.0033539266	0.006734569	0.008019042	0.019394819	0.018004542	0.005011427	0.007136486	0.0015968067	0.0028837286	0.0017659856	0.04284365	0.045148328	0.001304527	0.002538624	0.022323834	0.0010542993	0.012063761	0.0013229306
ACC15-P10-G7	0.0009207177	0.22962736	0.006407281	0.0054804375	0.04152592	0.0011836535	0.01235125	0.0005249666	0.03209682	0.0083107175	0.0024393839	0.03213161	0.010618127	0.0024373748	0.043093808	0.0065398943	0.015330628	0.0072083506	0.002830944	0.0018327264	0.01369014	0.024290439	0.04522467	0.08187617	0.0065641645	0.012537093	0.007006663	0.007277766	0.011945326	0.035367228	0.0061771604	0.0044480767	0.0017971523	0.0048525874	0.00859688	0.008873951	0.011251146	0.0011934108	0.017748574	0.0067023523	0.023989046	0.0022413086	0.0038776777	0.003990217	0.07332397	0.066628814	0.005652608	0.0033488239	0.030770814	0.0028209852	0.0019099562	0.0011328595
ACC15-P10-G9	0.0013220772	0.19493806	0.019935083	0.009131053	0.021824928	0.0010424212	0.014405722	0.0017158166	0.03595971	0.0028300039	0.00688934	0.020734306	0.009497872	0.0012852045	0.037174266	0.0069757504	0.014363448	0.0069020716	0.0018419138	0.0035369934	0.01739435	0.016767845	0.07523219	0.048974466	0.007753774	0.052649166	0.0081343725	0.0072859004	0.006169474	0.018895151	0.0069584567	0.010434561	0.0020862578	0.028263262	0.0038066404	0.00931246	0.020374946	0.00147154	0.02214153	0.01664357	0.0044254344	0.0024297612	0.023557773	0.011763764	0.05987839	0.0343245	0.0023951726	0.0023159173	0.031012109	0.0074023395	0.021263413	0.006175422
ACC15-P10-H10	0.0022771016	0.22816324	0.022164835	0.0072165728	0.008231541	0.0011129985	0.0073770243	0.0008640094	0.024940364	0.005568895	0.0016119299	0.05359485	0.0101574855	0.0026958303	0.039375477	0.0048032138	0.039985638	0.0067945817	0.0018129142	0.0063822344	0.012102072	0.046808057	0.051613186	0.064206205	0.0050375448	0.009898939	0.013508511	0.0009952213	0.0039971448	0.02462821	0.0021182718	0.008277538	0.004862049	0.0022496283	0.0024328628	0.010021733	0.005125486	0.0061490647	0.022845527	0.0022375388	0.006928399	0.0022721528	0.0053813607	0.0021087418	0.082597874	0.05449743	0.031116214	0.0025942707	0.032801636	0.0018915785	0.0021813868	0.0013832462
ACC15-P10-H12	0.005385561	0.21591756	0.0068855365	0.005968746	0.046551753	0.0015909647	0.015961522	0.0011973397	0.040111322	0.0040409905	0.0021780056	0.038004257	0.02530237	0.0018180178	0.076097414	0.006366404	0.013418964	0.008092031	0.004882449	0.005013759	0.014954985	0.027720857	0.02615642	0.05715156	0.0064694635	0.010951347	0.008666964	0.00822161	0.0054224934	0.015744353	0.0038277695	0.006614707	0.0027831688	0.0037413319	0.01514677	0.008449873	0.008972561	0.0012039047	0.025166014	0.004837243	0.01636962	0.0027036776	0.0040786606	0.0059365574	0.07502813	0.045478042	0.0055831713	0.004642715	0.042954613	0.006091209	0.0018622327	0.002283024
ACC15-P10-H1	0.0011961354	0.2585397	0.016123584	0.0025502827	0.020537572	0.0017006722	0.008129251	0.0018877444	0.034985654	0.0044675507	0.0027287079	0.03299962	0.016680859	0.0016654212	0.08353546	0.007035436	0.0070098103	0.0059721256	0.004584553	0.00032970964	0.014519004	0.022755798	0.034259006	0.06563177	0.005313656	0.010784392	0.015545908	0.003296557	0.0037742876	0.029305788	0.004719111	0.0045093405	0.0032811826	0.003911637	0.007030819	0.009421579	0.014494178	0.0010662011	0.01690632	0.009310112	0.006246559	0.0053105284	0.0042790296	0.004867301	0.07037157	0.040918298	0.0019505427	0.022499107	0.041717436	0.0067242202	0.0016832754	0.0009356673
ACC15-P10-H3	0.0015790223	0.2666315	0.005651056	0.009198356	0.0065370966	0.001267854	0.027310038	0.0057343636	0.039196	0.004127258	0.008381301	0.029860815	0.024657663	0.0056967447	0.06444853	0.009583364	0.020145701	0.022813296	0.0015755428	0.0004318159	0.008559576	0.05299547	0.022726027	0.03658717	0.006005377	0.004987187	0.0118840905	0.00033358159	0.005472198	0.029488934	0.007759455	0.0037563245	0.002716844	0.0015540406	0.008540224	0.00588536	0.004446765	0.0010059574	0.010188615	0.003339003	0.04156391	0.0028550082	0.0029622489	0.004410457	0.06862639	0.07369451	0.0038147399	0.0025955017	0.011525671	0.001594242	0.0022234886	0.0010743025
ACC15-P10-H4	0.00068914675	0.28298295	0.009831513	0.0040034126	0.025027063	0.0012766734	0.011768052	0.0042369585	0.030215532	0.0055047614	0.0018227932	0.032565773	0.009473785	0.0022067057	0.033950035	0.012750896	0.037458137	0.007106792	0.003161594	0.0027770922	0.0072874357	0.057206016	0.03704906	0.061685793	0.0051574954	0.0064753178	0.007063882	0.0008612652	0.008530269	0.03724194	0.004793919	0.007859471	0.000883369	0.002028131	0.0036854423	0.0056083924	0.0076876245	0.0008734445	0.012147417	0.0043596067	0.027075654	0.0033377137	0.004249228	0.0061843493	0.05057036	0.08518522	0.0039373217	0.0033525303	0.015503692	0.0018099283	0.0009020326	0.0005969556
ACC15-P10-H6	0.00045945597	0.22195758	0.0064163045	0.0022432467	0.009298852	0.0009570735	0.018242467	0.0006743566	0.040720962	0.0038722644	0.003852262	0.022938624	0.0063927015	0.0006353744	0.02959462	0.020017441	0.061350957	0.10621512	0.0016881289	0.0018656704	0.008007528	0.044891674	0.03431133	0.046488427	0.0058503198	0.0040684706	0.0043316204	0.0022054892	0.0052602645	0.046330284	0.00573817	0.0034375067	0.0026697305	0.0017100236	0.003674866	0.0062414506	0.0050243535	0.0035708859	0.014001894	0.005737304	0.027440995	0.002372677	0.004924004	0.006155733	0.04960544	0.074030966	0.0008025872	0.0019951991	0.012183297	0.0036347087	0.0022295215	0.001679799
ACC15-P10-H7	0.00048746497	0.22934511	0.0036981516	0.004229682	0.055149876	0.0013456501	0.008987588	0.00015453543	0.021958034	0.004130456	0.0006398433	0.020761875	0.020453779	0.00087723945	0.025676427	0.0070366557	0.0053902245	0.0057511427	0.005567257	0.00036288702	0.010784641	0.07128692	0.017951623	0.06731754	0.017846622	0.011672152	0.021075362	0.005758637	0.011344984	0.011394726	0.0010029699	0.009451397	0.0027208717	0.0031318911	0.0052306377	0.025027521	0.007372779	0.0014738962	0.013861848	0.0054731173	0.0064632716	0.0063153123	0.0024448007	0.0022752169	0.08265688	0.1002069	0.0046690656	0.0027653805	0.041332096	0.0037169268	0.0018039721	0.0021661194
ACC15-P10-H8	0.0028958179	0.24695393	0.02500629	0.0049876925	0.018165518	0.00078965037	0.009544831	0.00042059465	0.02607525	0.014400214	0.004001796	0.034391627	0.010175763	0.00091858336	0.059410684	0.0036287955	0.0076620053	0.010363096	0.0028220345	0.00023192338	0.023365421	0.046239268	0.025490867	0.04489876	0.007928293	0.07585378	0.009566292	0.005372491	0.00699803	0.018529713	0.002288897	0.0070999325	0.00441629	0.0038788938	0.003917663	0.008152067	0.014077316	0.001449761	0.012279533	0.0070282007	0.0059682643	0.002819206	0.011142401	0.010427597	0.06624237	0.060413275	0.0014904509	0.0046872715	0.015129852	0.0055988603	0.002039799	0.0023630885
ACC15-P10-H9	0.0009348412	0.17718324	0.0105225	0.018587677	0.01851888	0.0014460838	0.008954299	0.0032647636	0.02895317	0.0034990502	0.013940083	0.06376483	0.04301785	0.0008284612	0.079832286	0.007187444	0.014527794	0.007171317	0.011133953	0.0006243369	0.01048525	0.02795603	0.016397785	0.044183847	0.0069266935	0.008023365	0.045940954	0.006050556	0.012483055	0.02115363	0.004993441	0.01103888	0.0071413433	0.0046958453	0.009757372	0.012815744	0.017768024	0.0016940755	0.015279639	0.014192292	0.009683439	0.0238232	0.0044838293	0.019046932	0.03615692	0.046755843	0.0033886987	0.004726949	0.028098565	0.0064639766	0.0026440811	0.0018569283
ACC7-LN-P20-A12	0.0014508878	0.2672469	0.010773976	0.011808944	0.015908932	0.0011941993	0.00890395	0.0001567681	0.01806213	0.003981544	0.0016902421	0.015616577	0.015453684	0.0010186407	0.07122506	0.01264313	0.023061657	0.0038105422	0.002509019	0.00025763852	0.013912503	0.077224635	0.040603638	0.03496323	0.010097033	0.011290575	0.009247069	0.0010689296	0.0073918602	0.009955826	0.003639573	0.01681677	0.00713612	0.001998142	0.003673062	0.0068182093	0.010191178	0.004477437	0.05657394	0.0037729822	0.0050172573	0.0018875168	0.0048270454	0.0020796263	0.08691864	0.03193535	0.0015178149	0.001749682	0.04067421	0.00083476346	0.00092410925	0.004006791
ACC7-LN-P20-A1	0.00019487499	0.20472963	0.0068906606	0.01008561	0.07406379	0.0025131844	0.0062221186	0.00030578495	0.011638619	0.0054599377	0.0027032925	0.007805717	0.0078006457	0.0003345225	0.02499368	0.00082915317	0.0011420936	0.0047842297	0.008659106	0.00037662796	0.01789874	0.014816417	0.017795729	0.04632502	0.10617815	0.010901753	0.005382941	0.0061327075	0.053934693	0.003830538	0.0004959913	0.01176926	0.0287459	0.0034363887	0.0033297492	0.010897843	0.0052333064	0.0014751805	0.018477233	0.0019823778	0.0034203487	0.0008629871	0.016064452	0.001985844	0.10110397	0.053564996	0.0064666225	0.0042912774	0.053556796	0.0014310065	0.0007135329	0.0059650475
ACC7-LN-P20-A2	0.0010578607	0.22711828	0.024097523	0.009381218	0.03313002	0.0012894423	0.0042944304	0.0007241413	0.010636969	0.0031150423	0.0026711754	0.015157513	0.006062387	0.0011058849	0.020658312	0.0036132257	0.0022319315	0.0038907889	0.014981162	0.00025618973	0.023091795	0.015875889	0.013414488	0.02685993	0.017146872	0.11292437	0.013252178	0.0055671916	0.010639655	0.0085746	0.0011392193	0.015803177	0.010489084	0.01093075	0.010854606	0.016216073	0.01614123	0.002954446	0.017558383	0.013107215	0.0020844552	0.005439108	0.033688262	0.013620036	0.08320376	0.034339707	0.007926712	0.0039760186	0.040792797	0.011107958	0.009425764	0.0063806716
ACC7-LN-P20-A4	0.00026394357	0.22298661	0.012108436	0.0043311915	0.029480796	0.0011047216	0.008746373	0.0013300021	0.013377095	0.020094682	0.0012217521	0.017117968	0.009502595	0.00057003245	0.01698007	0.010704019	0.0090994425	0.004042168	0.005561555	0.0003167307	0.023874959	0.049537215	0.014132394	0.05085873	0.029409226	0.011953073	0.0098481495	0.0022188202	0.022066347	0.009733683	0.0005906002	0.013418759	0.015103835	0.0031389238	0.0027454987	0.013543727	0.0049410486	0.004326601	0.02153794	0.0033103283	0.0022105582	0.0016303271	0.013080283	0.0012086087	0.065072894	0.070135124	0.0053708428	0.007854507	0.11779826	0.0031301496	0.0008124584	0.016465925
ACC7-LN-P20-A5	0.005908215	0.20613347	0.0048652915	0.0074618342	0.050587106	0.0014239858	0.008554454	0.00023544594	0.0131696025	0.0056108297	0.005047625	0.0104019595	0.009294062	0.0010558696	0.025264379	0.00462627	0.005061064	0.024956467	0.004532736	0.00028931198	0.023994712	0.03431699	0.017750064	0.05336598	0.03281904	0.06511676	0.01268556	0.0045204745	0.028089972	0.019549845	0.00064679043	0.00985407	0.0069769686	0.004142287	0.0036569503	0.009025676	0.007756658	0.002500615	0.015817085	0.006561421	0.0028586285	0.0021267096	0.011207232	0.0023207339	0.106419906	0.06385709	0.0026250635	0.0039166026	0.040986568	0.0031527148	0.00085790094	0.0060428674
ACC7-LN-P20-A6	0.0060410784	0.19459319	0.009102458	0.0032232893	0.025043545	0.0015783171	0.008905369	0.0037989062	0.045088433	0.004064303	0.0032586334	0.010158442	0.015806487	0.0032932335	0.036399342	0.0052574794	0.0107478965	0.010106152	0.0033808362	0.024749601	0.00774321	0.03529431	0.20747158	0.041912712	0.00726472	0.01481284	0.0040135426	0.008068361	0.005863507	0.017256211	0.0051685167	0.009519112	0.0014935188	0.0043759164	0.008945086	0.0040003587	0.01088999	0.0012434536	0.01022341	0.0053640422	0.00886974	0.0022289176	0.0030779617	0.0020033813	0.06412181	0.047806382	0.0019301843	0.0026916096	0.021418244	0.0025636542	0.006203566	0.0015630019
ACC7-LN-P20-A7	8.927127e-05	0.24112429	0.007907964	0.028025068	0.06102562	0.0011644156	0.010761722	9.982616e-05	0.0127014825	0.0034367766	0.0014934435	0.01429353	0.015087445	0.00010595198	0.01569179	0.00220066	0.0050917147	0.004078668	0.005108012	0.00019932188	0.013908374	0.033134717	0.04712544	0.055365115	0.025440741	0.022445023	0.010663859	0.0069842064	0.013694202	0.01425496	0.00050671666	0.008138731	0.0063817715	0.00387575	0.0026460933	0.009910713	0.004119966	0.0010854888	0.046240617	0.0034068774	0.0017224585	0.0022261068	0.008037186	0.004811747	0.10250444	0.038152114	0.0030799329	0.0025183535	0.070360094	0.0018239957	0.0016002407	0.004146927
ACC7-LN-P20-A8	0.0008693287	0.19209264	0.005198931	0.013630807	0.04777039	0.0012397396	0.0093001565	0.0036042796	0.018054552	0.005002327	0.019508807	0.01567581	0.01715372	0.001634427	0.032516446	0.008061397	0.0021319462	0.007244924	0.018638933	0.00065079867	0.020639183	0.021804394	0.019028282	0.035573922	0.029412827	0.01093487	0.034324635	0.016196033	0.0140237035	0.015537074	0.0019888692	0.011949459	0.04474291	0.0041442206	0.029679544	0.025839934	0.009530724	0.0018636389	0.027230807	0.006180557	0.004231934	0.005898034	0.011411511	0.014035407	0.050330866	0.050951954	0.018072555	0.0049852356	0.029550966	0.0043740408	0.0028353431	0.0027162256
ACC7-LN-P20-A9	0.0002242552	0.21890247	0.007732533	0.002480655	0.0075191776	0.0010463358	0.025751282	0.00018902798	0.028976329	0.0036142764	0.002758806	0.02904605	0.030097036	0.00021402653	0.087337986	0.0034978986	0.004704642	0.0039902497	0.0026954163	0.000438898	0.02159495	0.04421525	0.014328695	0.07054455	0.009105416	0.010337007	0.010055218	0.0020782677	0.0041437615	0.035561923	0.003875881	0.0021940714	0.008252784	0.001684555	0.004568769	0.013218749	0.009415265	0.0009671413	0.0274966	0.0070867464	0.0050428626	0.0030108704	0.005570399	0.009070408	0.09480395	0.0401327	0.0016634901	0.0022090517	0.070170335	0.0029491733	0.00056026113	0.0028735362
ACC7-LN-P20-B10	0.004425215	0.29723004	0.0037631104	0.006355526	0.03131441	0.0010512633	0.007663358	0.00048196607	0.008744985	0.003715074	0.0043737097	0.0036802636	0.0059537394	0.0021407502	0.01316231	0.0034286547	0.0033017085	0.005221057	0.003955052	0.00030019757	0.013948473	0.027863083	0.023172678	0.028467791	0.03335761	0.08873195	0.007592615	0.003923014	0.016715204	0.010836437	0.005306505	0.008429294	0.0042109857	0.025032531	0.0035475527	0.008240671	0.0066670794	0.0012882076	0.014971606	0.0046454743	0.001521548	0.0015204254	0.015256654	0.0021747248	0.10710306	0.08564532	0.0015943905	0.0044930708	0.01785407	0.0015098233	0.008220776	0.0058948854
ACC7-LN-P20-B11	0.00043302434	0.25823936	0.0041144844	0.012417842	0.043648258	0.0015853981	0.007268306	0.0006410912	0.014137621	0.003901706	0.009624713	0.009999883	0.008555255	0.00062094233	0.04816005	0.009224557	0.0045603807	0.007179436	0.003940081	0.0005921651	0.016009254	0.036472764	0.013068578	0.06632978	0.044564113	0.011362433	0.01213725	0.002443452	0.023911448	0.017357105	0.0012488465	0.008128013	0.035827328	0.002343824	0.002449205	0.0080212355	0.007377298	0.0015212622	0.009395899	0.004304531	0.0045233504	0.0028756857	0.013333833	0.00706655	0.06747715	0.06986391	0.0017255379	0.003873653	0.0468443	0.0037785948	0.0023894047	0.0031298525
ACC7-LN-P20-B12	0.0005772255	0.2179406	0.010286266	0.010600001	0.015430595	0.0013619331	0.014591002	0.00049056177	0.04438366	0.015328623	0.0064955032	0.019231698	0.014053347	0.0012707731	0.041668475	0.004680837	0.047160845	0.009910108	0.0039842622	0.00035233586	0.010525249	0.016857969	0.11555823	0.0515482	0.0059665754	0.011097505	0.010544173	0.0047044503	0.008222346	0.026673814	0.0023601856	0.01792381	0.0032813302	0.0030719177	0.0044288053	0.010152005	0.005789628	0.0015740402	0.020701675	0.0042885123	0.011831608	0.0024101876	0.004887157	0.004918272	0.059050597	0.05538617	0.004002093	0.0018701369	0.03313209	0.0029625944	0.0018665746	0.0026133605
ACC7-LN-P20-B1	0.0007811032	0.2900339	0.010393157	0.002006391	0.017434489	0.0010008211	0.011154239	0.00055941084	0.020570388	0.0039538657	0.0031084123	0.016916305	0.011147574	0.0005924228	0.05111062	0.008985688	0.0019074961	0.009626168	0.0039705923	0.00033845488	0.015620854	0.022117302	0.028856684	0.054357935	0.024620237	0.07471489	0.012043975	0.0022729102	0.014828892	0.0057500205	0.001793492	0.006133289	0.0049275137	0.0052662916	0.0030342208	0.008859966	0.010378768	0.0015048517	0.019399533	0.0044599846	0.0041998	0.0024443928	0.008874813	0.0071314955	0.08858703	0.052878924	0.003126794	0.0041175075	0.03741403	0.0012542661	0.0011576033	0.0022800623
ACC7-LN-P20-B2	0.0034219553	0.23663636	0.021387024	0.012572324	0.017022116	0.00096271606	0.011152778	0.0004332602	0.030123547	0.0035570045	0.002073087	0.004521818	0.009654259	0.001938698	0.029263232	0.0090054	0.047463756	0.00815254	0.0071821157	0.0013634899	0.019234922	0.09097877	0.09241417	0.047636718	0.0064199357	0.012282095	0.0047151432	0.003750979	0.0056132604	0.0046730996	0.004237502	0.0059363213	0.0009558949	0.005114484	0.0053390795	0.0048461356	0.011955854	0.0013385016	0.022610936	0.008070524	0.0032816164	0.0013091055	0.007479981	0.004460303	0.08252398	0.037355274	0.0045539634	0.003942358	0.023290342	0.0039452137	0.007925812	0.003920168
ACC7-LN-P20-B3	0.001202165	0.24416018	0.031740583	0.010111899	0.030730681	0.0020038	0.0069034044	0.00055105303	0.021304844	0.0037910088	0.0030122814	0.017882027	0.009382299	0.0011265863	0.072381824	0.008044211	0.0065117143	0.0026377288	0.0048376904	0.0002786383	0.022624148	0.043451108	0.016531602	0.049544886	0.012376065	0.06813557	0.0075478987	0.0031172393	0.008308774	0.013848629	0.0016964647	0.0062500834	0.004138031	0.0029942018	0.0049538235	0.0076931794	0.012350414	0.0010556943	0.012459563	0.0062844898	0.0020070625	0.00276688	0.008779428	0.009362016	0.0848792	0.04640774	0.0032821554	0.0025545787	0.0433549	0.006862919	0.0020134016	0.0037733165
ACC7-LN-P20-B4	0.010268437	0.21037775	0.053833567	0.038465437	0.005374614	0.0011106732	0.010525512	0.002252722	0.040588904	0.005009808	0.0048010508	0.006098929	0.008758184	0.009857007	0.039191674	0.0026974473	0.050684966	0.015259547	0.0037182928	0.00014930488	0.008948935	0.019110158	0.1540213	0.03927046	0.0052158725	0.007824409	0.0038065612	0.0026495534	0.005628523	0.005685752	0.013055039	0.0059880405	0.0013233194	0.004055351	0.0059209815	0.006021293	0.010083997	0.0012646075	0.007066288	0.0031187043	0.018164892	0.0025977842	0.0067370003	0.0019886927	0.04305296	0.03152985	0.0022060247	0.01523374	0.028738573	0.0023342094	0.010164441	0.008168909
ACC7-LN-P20-B6	0.0015941915	0.21370539	0.0077190357	0.011792533	0.040077668	0.0021875808	0.014386168	0.00070053316	0.036735054	0.0049054404	0.002369242	0.015378087	0.018530535	0.0014391653	0.030931856	0.010334581	0.005182035	0.006011925	0.0037217324	0.009959936	0.018042317	0.057196006	0.04711534	0.060894933	0.012958038	0.017950453	0.011610364	0.008412223	0.015100794	0.009313107	0.012652384	0.008860593	0.005262696	0.0057476885	0.0041485215	0.0088522965	0.011078032	0.001486542	0.030690543	0.006440037	0.010821279	0.0026881604	0.008417507	0.0066837524	0.07282151	0.042768195	0.0032110862	0.0041164607	0.041948613	0.006379036	0.0064748125	0.002194115
ACC7-LN-P20-B7	0.00086434	0.267878	0.008920696	0.015608696	0.024243064	0.0011949519	0.007763089	0.0012570055	0.018934753	0.0030247811	0.0040472047	0.009296982	0.009185831	0.003374024	0.018773964	0.012979557	0.0032708957	0.007629678	0.00279096	0.0028625038	0.02020489	0.0112573765	0.026314849	0.041772656	0.012608876	0.1222311	0.008482746	0.005736404	0.010963839	0.020091286	0.0017417584	0.0065724524	0.0031887977	0.0044463156	0.012438826	0.016035067	0.009247211	0.0012100405	0.031917933	0.002885308	0.0021001687	0.0060008364	0.0081341425	0.0043073012	0.07379215	0.045989558	0.025682582	0.0064446684	0.025051897	0.0019566084	0.002219767	0.0050716656
ACC7-LN-P20-B8	0.0013078803	0.23507613	0.01780462	0.0073375273	0.024031045	0.0009636568	0.018630419	0.00036158692	0.027346293	0.004917247	0.004823146	0.014377464	0.018062163	0.00088824064	0.055811267	0.0031405496	0.008168728	0.008609998	0.003351408	0.00031558552	0.013444025	0.046768993	0.059001252	0.052471872	0.01797934	0.008458235	0.011413195	0.0076317484	0.013943609	0.00992097	0.0016716148	0.007244227	0.016741736	0.004294873	0.0028539426	0.011566372	0.008686578	0.0014825222	0.027992273	0.002872909	0.005579095	0.0019939817	0.0051466622	0.0030680087	0.08385408	0.06270769	0.0066157747	0.0033542796	0.041337207	0.0006411341	0.0019259377	0.0020109888
ACC7-LN-P20-B9	0.00063052203	0.16030072	0.022768395	0.0051168283	0.0017926182	0.0006869211	0.006578461	0.00046001674	0.028397748	0.0032115965	0.0050241244	0.018558877	0.0043025333	0.00031822166	0.084043056	0.0024208592	0.0007624062	0.0035481555	0.0033774474	0.00032511246	0.021451907	0.016293248	0.017473072	0.037772328	0.0037147715	0.008848567	0.00877174	8.7120075e-05	0.0050688786	0.0053081103	0.0027989668	0.00080661336	0.0023520878	0.0021835999	0.0021683015	0.0029259957	0.015492363	0.00048804883	0.010817357	0.005196042	0.0024253414	0.0040476676	0.25410756	0.012056449	0.098678514	0.059637334	0.00731534	0.0022864789	0.016348809	0.015131547	0.0015763091	0.0037449372
ACC7-LN-P20-C10	0.0077243806	0.1849531	0.009257016	0.007304515	0.022982955	0.0012573309	0.017780678	0.00085390074	0.044470906	0.0041101496	0.002252177	0.019067353	0.015373601	0.0058056274	0.040206958	0.0038607493	0.0070019136	0.010105052	0.00399443	0.00040551633	0.013614488	0.026845666	0.059971068	0.07962861	0.008002697	0.007810982	0.00620901	0.005056709	0.019639932	0.013663834	0.0067092213	0.004096399	0.009670336	0.00387012	0.004377651	0.007390271	0.011358248	0.0012545213	0.02668097	0.0031044337	0.052025367	0.018637946	0.0043732394	0.0027605055	0.08596597	0.06801752	0.0027782356	0.006469791	0.025061144	0.0015040656	0.002689397	0.0019933158
ACC7-LN-P20-C1	0.000993688	0.17297117	0.016088689	0.005865534	0.106933184	0.0017034267	0.020252617	0.0002170916	0.038307466	0.005231086	0.0004082621	0.014769434	0.007602349	0.000806575	0.028757634	0.010680995	0.07197611	0.008453138	0.0036058563	4.029797e-05	0.015188969	0.06646581	0.105877094	0.0051488555	0.0016922518	0.023226237	0.0015772751	0.0013544222	0.0017113711	0.02881111	0.01743799	0.0044277366	0.0007854162	0.0037262244	0.002580798	0.0029218253	0.0043579196	0.0006753033	0.024329841	0.0019336095	0.0033420036	0.00068779784	0.012061293	0.00096563954	0.080750905	0.007080962	0.008231359	0.0012981975	0.03158533	0.011284347	0.008658976	0.0041585728
ACC7-LN-P20-C2	0.0012710971	0.21928014	0.0061272597	0.015839495	0.037852004	0.0010514328	0.011971542	0.002102387	0.020784922	0.0033798951	0.005682613	0.019615877	0.012238686	0.0033041602	0.05502623	0.0024156815	0.003899295	0.0054215677	0.009490822	0.00031415766	0.02813922	0.01752738	0.013334729	0.023339443	0.024796491	0.018758206	0.0127791045	0.002762035	0.014653074	0.027221795	0.003355192	0.010950213	0.03624891	0.004011632	0.00856284	0.01797384	0.017200958	0.001121749	0.02844801	0.006061634	0.0054530194	0.0026129463	0.010552701	0.015022209	0.05507225	0.046064712	0.0147756785	0.006360369	0.07920856	0.004280726	0.0022724322	0.004008658
ACC7-LN-P20-C3	0.0004899427	0.29416153	0.0023633793	0.0052518817	0.07847121	0.0018605097	0.008379072	0.00049831026	0.017407402	0.0028900648	0.002563751	0.004150233	0.008317725	0.00054361974	0.030185942	0.009093374	0.0039633964	0.0046083177	0.006739821	0.00031767908	0.017051844	0.032841347	0.013636024	0.066776045	0.05802558	0.010337206	0.009175153	0.0062265834	0.01606507	0.006324241	0.0010014954	0.0105029065	0.015192748	0.0026013788	0.00534804	0.010105168	0.0045721876	0.001911119	0.008762122	0.0016088984	0.0018245579	0.000820419	0.010670048	0.0019048803	0.07485067	0.064786695	0.01957521	0.005995045	0.031738188	0.00045317478	0.0004360943	0.006622641
ACC7-LN-P20-C4	0.00095597364	0.20852584	0.028603416	0.01564514	0.0132075045	0.0011871489	0.015409217	0.00041408587	0.039502956	0.0040649944	0.0015901872	0.010270254	0.010714971	0.0008919788	0.038375925	0.001370162	0.049009413	0.013243292	0.0019706239	0.00089901435	0.013178548	0.03470467	0.17902434	0.03972101	0.008470157	0.009224793	0.0059803342	0.0037430304	0.006973841	0.0063389405	0.00313035	0.008334387	0.0036274334	0.007831491	0.0042345463	0.0073590316	0.007406841	0.001163222	0.02003993	0.0029124322	0.0045570144	0.0020476617	0.0026589104	0.00084170717	0.05955394	0.027071275	0.018314313	0.0044790017	0.0409245	0.0009882721	0.0033048266	0.0060071764
ACC7-LN-P20-C5	0.00049316784	0.23552163	0.0026494125	0.013450741	0.075322405	0.001087481	0.0050951736	0.00021106155	0.008293101	0.00422941	0.0021613939	0.006331537	0.006720134	0.005625043	0.015823873	0.014369946	0.004848675	0.008857375	0.0048613334	0.0003092573	0.012279671	0.029457137	0.012962798	0.076009065	0.032629866	0.10805675	0.009494895	0.004719897	0.014547142	0.010265393	0.0005710893	0.0069472957	0.014819332	0.008552733	0.0036234146	0.008411088	0.0035347808	0.0013477692	0.0063210465	0.0016347029	0.001803784	0.0013608729	0.028436981	0.0061197123	0.054233402	0.05924211	0.001356626	0.00462202	0.048836473	0.0013823637	0.0006506856	0.009506989
ACC7-LN-P20-C9	0.0015059585	0.24659126	0.010178149	0.015707154	0.025090732	0.0060725035	0.007348217	0.00033823634	0.011046354	0.0039908816	0.0029953772	0.00709714	0.014258752	0.0024248324	0.042365935	0.011018735	0.0030258298	0.005253239	0.003830252	0.0014216278	0.02781638	0.03263856	0.031486984	0.03566466	0.02943473	0.01407837	0.008813932	0.0043712645	0.0127300965	0.0033717735	0.0017896667	0.011973097	0.005101889	0.0024888243	0.0032382915	0.010701193	0.008456416	0.0042831344	0.042879775	0.0035252385	0.005584061	0.002039177	0.00800876	0.0038163378	0.08998202	0.02797831	0.0036710128	0.0043518343	0.12869303	0.0026209608	0.0015059963	0.0053430037
ACC7-LN-P20-D10	0.0016000929	0.2125812	0.011392481	0.004896242	0.031625383	0.0011566548	0.01512351	0.0015430476	0.03247603	0.008196368	0.0029158164	0.02733504	0.035178836	0.0026450055	0.04750134	0.0039787325	0.0030211317	0.0077273822	0.004733882	0.004577969	0.023594018	0.030715449	0.029837545	0.07482689	0.023227705	0.008715648	0.0099435	0.0065432894	0.009344417	0.023002077	0.0024706607	0.007494599	0.008243654	0.0025672202	0.0047974116	0.010082565	0.01221746	0.002031836	0.031923708	0.0067883306	0.0060162	0.0019974723	0.011657628	0.0050316965	0.050287638	0.029156314	0.006724921	0.003370628	0.081588246	0.009367349	0.0033840179	0.0028437655
ACC7-LN-P20-D12	0.0021457083	0.17635603	0.015095977	0.018347014	0.058700617	0.0014961194	0.011340127	0.0015420702	0.063600324	0.0038410162	0.0052744397	0.0066047627	0.005607335	0.0026939947	0.061416402	0.004622338	0.0080513945	0.01445397	0.0029086685	0.00019903456	0.008894352	0.014093817	0.067396134	0.031928804	0.0065039825	0.023830138	0.0025712424	0.0064450074	0.012906051	0.0029122725	0.0082046995	0.010034886	0.0054758666	0.04805344	0.0030206742	0.005737255	0.0068965876	0.0010880118	0.014753906	0.0046708975	0.01640561	0.001609741	0.0067696334	0.0041230936	0.091915525	0.04206399	0.002669427	0.0023328727	0.022856612	0.011971723	0.04579521	0.0017712082
ACC7-LN-P20-D3	0.0009365067	0.24065025	0.0034118306	0.032043774	0.039084777	0.0021900898	0.011632758	0.001320579	0.011675691	0.007064032	0.0073223044	0.0054506613	0.017972352	0.0020401028	0.03094527	0.016184488	0.0024324476	0.0031070672	0.004931826	0.00034474503	0.011098083	0.016395383	0.013832371	0.043973368	0.073583744	0.0069526043	0.0067549385	0.0036376845	0.042190094	0.008029668	0.0006030897	0.011477701	0.016657544	0.002958897	0.002593459	0.0075805485	0.0037624927	0.0013792659	0.011683188	0.0035510235	0.0027757462	0.0008320379	0.016647112	0.002250008	0.09197891	0.08653686	0.0055729635	0.0075170663	0.047485813	0.0009813864	0.0006224118	0.007362981
ACC7-LN-P20-D4	0.0030889863	0.21238314	0.03018269	0.020707825	0.018405138	0.0010238878	0.00912947	0.0026414064	0.041143365	0.0030721389	0.0016267614	0.0077050105	0.0062980764	0.0009981701	0.032673974	0.03935882	0.033312485	0.008393382	0.0040841256	0.05497701	0.01032355	0.078725316	0.12924546	0.033216268	0.005840272	0.00553351	0.0041656033	0.0020905933	0.0085316915	0.0056235255	0.0064488407	0.005290087	0.001835604	0.0029290267	0.0032820327	0.0046881884	0.008244018	0.004518119	0.010460462	0.0030901304	0.012487616	0.0014936287	0.0020726651	0.0013437477	0.053876113	0.03828593	0.002887345	0.0024222713	0.012401776	0.0015043402	0.004511086	0.0014254246
ACC7-LN-P20-D6	0.00014966232	0.334517	0.015380356	0.017487146	0.03611264	0.0014665892	0.013471389	3.0113999e-05	0.049638085	0.0059889737	0.00046502787	0.007932068	0.0066856006	0.00019359017	0.034116402	0.0035259158	0.020906165	0.004873314	0.0027842538	9.7179516e-05	0.016886113	0.032276966	0.119100444	0.013388371	0.010716516	0.007922863	0.0022522432	0.004572444	0.008355873	0.002197875	0.00074464636	0.0084970575	0.0015115732	0.0078082383	0.0024588772	0.005959215	0.0034449906	0.0011392368	0.01404302	0.0011546954	0.0020600385	0.0006177861	0.0042345617	0.0005598307	0.111438975	0.026521869	0.0036249077	0.0021158967	0.024807505	0.00037051737	0.0010985926	0.002296814
ACC7-LN-P20-D9	0.001252381	0.20928983	0.014794926	0.016130297	0.014542399	0.0012968113	0.015146374	0.0022657663	0.06879733	0.008787386	0.0022473563	0.008187175	0.01093237	0.0069358656	0.06412142	0.004128818	0.011027473	0.014493401	0.0027760805	0.0022054696	0.012257878	0.022359373	0.13692519	0.041889343	0.00681214	0.010689602	0.0039068926	0.0038123908	0.008271253	0.0077091763	0.009429719	0.007186538	0.0009920768	0.005622442	0.0052603316	0.004561673	0.017128874	0.0013277972	0.013355688	0.0047173128	0.02473128	0.002940544	0.006072769	0.0023903803	0.06392786	0.05446686	0.0015291076	0.006305188	0.01671103	0.0027041724	0.010253516	0.004392671
ACC7-LN-P20-E10	0.0011003402	0.24710314	0.010814789	0.016711086	0.009649773	0.0015989358	0.023816643	0.0011160477	0.21298206	0.0037399991	0.0012711408	0.012141184	0.016949488	0.0027263963	0.059547465	0.0007883972	0.0072641685	0.014473394	0.004840706	0.00028640026	0.008601276	0.019722702	0.037935227	0.055075374	0.004866426	0.0065880134	0.0094674695	0.002171909	0.0048478693	0.010310459	0.009188056	0.0034171997	0.0012479831	0.0031725345	0.0042906036	0.004492306	0.00901369	0.0017111417	0.008015592	0.0031358467	0.009347913	0.0031172899	0.0032810592	0.0037702601	0.057855383	0.043527663	0.0025456643	0.0017301821	0.014144373	0.0014134897	0.0018992805	0.0011742511
ACC7-LN-P20-E11	0.0007616812	0.20949876	0.017423421	0.0048444327	0.023538	0.0009893382	0.009267539	0.0022650731	0.03763845	0.0035298057	0.0013086706	0.013505756	0.007183329	0.0017189418	0.044303212	0.00089955266	0.023483831	0.025279202	0.0037506341	0.00030595463	0.01231093	0.034545656	0.14443369	0.06016404	0.008467034	0.015520201	0.0035448426	0.0043184673	0.010233149	0.0067127203	0.0043611713	0.008005464	0.0022467924	0.0052926694	0.0035875728	0.010894616	0.011486418	0.0042328294	0.022987606	0.0030044545	0.015857881	0.0024016392	0.0073933788	0.00461647	0.07738103	0.04827812	0.0016991508	0.005379199	0.017825363	0.0024594618	0.005805966	0.0030565567
ACC7-LN-P20-E2	0.0014036479	0.25082925	0.0058388393	0.011337331	0.039556913	0.0013252806	0.022063747	0.0016291187	0.024611076	0.00396504	0.0025219193	0.006089438	0.007498161	0.0033655018	0.016636182	0.005918066	0.001804418	0.0066400394	0.0045197317	0.00035702935	0.01082623	0.029406184	0.022003507	0.08573074	0.02801783	0.007735731	0.0045529036	0.0032372964	0.098718405	0.0045572105	0.0015008855	0.00784781	0.0045488863	0.004232273	0.0034157701	0.0062029036	0.0053276927	0.0026740143	0.010954157	0.0021983995	0.0069220397	0.0016407002	0.009747442	0.0010477299	0.08209422	0.089760065	0.008676522	0.0070594735	0.025868278	0.0012695681	0.0009998777	0.003314452
ACC7-LN-P20-E3	0.0026358096	0.18698537	0.024920939	0.019833114	0.021063995	0.0014925759	0.015871758	0.00044772626	0.026033238	0.0033703507	0.0033405707	0.022226822	0.017564727	0.0011831392	0.070523635	0.009800736	0.014289372	0.0070446585	0.008401528	0.0059917397	0.02360496	0.022759862	0.035022743	0.0756223	0.0065009366	0.010575406	0.010102623	0.0030478698	0.0037809757	0.021147277	0.004418276	0.009171422	0.002590029	0.0017902963	0.00826088	0.007699954	0.008599599	0.0011169696	0.024407236	0.008158368	0.013770081	0.005683033	0.006296188	0.014736708	0.046194535	0.04898906	0.0019382215	0.0021923364	0.08957776	0.0127273	0.0031166328	0.003378282
ACC7-LN-P20-E5	0.0029358864	0.13499846	0.030373594	0.008709337	0.023229297	0.0011715809	0.015013793	0.004460129	0.029240016	0.0034718022	0.006223159	0.008258379	0.011152844	0.0037276016	0.03038331	0.0073062973	0.014409671	0.013098857	0.018121699	0.026929135	0.0138308555	0.026607646	0.07025355	0.05113177	0.00929529	0.102448225	0.006756691	0.009904714	0.006702022	0.007852964	0.004962846	0.04200478	0.002782756	0.0066191545	0.0062430147	0.009133501	0.011778694	0.0012323748	0.024133407	0.014640445	0.009043081	0.0021071138	0.010398396	0.005822525	0.046403788	0.042719282	0.004248305	0.005755593	0.029927932	0.0057446104	0.0072904853	0.009009277
ACC7-LN-P20-E6	0.00049155066	0.21157524	0.008646608	0.0043853307	0.041892275	0.0011511265	0.008749834	0.0018713968	0.013408581	0.003526168	0.0024785725	0.003948503	0.012759675	0.0010829021	0.016968366	0.005444321	0.0071040234	0.0064685605	0.0044724797	0.0024644411	0.038783215	0.033911377	0.02609544	0.06174795	0.010458452	0.018053936	0.010823786	0.009761231	0.003928132	0.0055096727	0.00034483694	0.0072348122	0.0011293567	0.0038463497	0.003730585	0.00610251	0.006477074	0.012288158	0.009506511	0.0039289175	0.0012050389	0.008167786	0.045505676	0.004588724	0.068274185	0.061678093	0.006665596	0.0022536663	0.097950704	0.0070790737	0.0009780992	0.06310109
ACC7-LN-P20-E7	0.0006476454	0.20549257	0.009411503	0.0012379013	0.013345382	0.0013416584	0.043064848	0.00057602517	0.106520765	0.004234861	0.0013470888	0.009191889	0.034832064	0.00047447206	0.025560262	0.0026329737	0.01778261	0.012007431	0.002868098	0.00017982993	0.007369924	0.03712571	0.07680639	0.08107794	0.004448202	0.0046908455	0.0064468887	0.0037380045	0.0045957714	0.0061165076	0.0098183565	0.003098468	0.0013667411	0.0025852518	0.005064465	0.003610469	0.0042331596	0.0010493599	0.028397225	0.0029476194	0.017589651	0.001651825	0.007053761	0.0010229668	0.05026679	0.038886126	0.001382399	0.055624846	0.024894632	0.0041850726	0.00518166	0.004923058
ACC7-LN-P20-E8	0.00067728735	0.22016804	0.009748521	0.01743612	0.017933689	0.0013869525	0.010948448	0.00025990634	0.013775656	0.0053313747	0.0030162712	0.010085248	0.013866306	0.00038776916	0.085729964	0.012921842	0.002455061	0.0044116094	0.007952977	0.00040235155	0.009979488	0.037480418	0.01153699	0.07004062	0.06973796	0.006846744	0.009230448	0.0011571671	0.03119805	0.0075006187	0.0011400958	0.0072668456	0.017720286	0.0023266284	0.002466922	0.0077485912	0.0061724014	0.0014601732	0.010613064	0.0023883877	0.003507429	0.0020529882	0.0072020935	0.004839616	0.08598752	0.09739976	0.004702779	0.005761442	0.030547246	0.0021818648	0.0007848564	0.0021251603
ACC7-LN-P20-F11	0.00055428804	0.26432914	0.0043928307	0.009106011	0.015884541	0.00087402214	0.007991056	0.0011037515	0.016762339	0.003789412	0.0078157075	0.023390368	0.007004303	0.0007269997	0.09505476	0.009269558	0.0023529783	0.003643491	0.0039917785	0.00043023835	0.01539695	0.027700247	0.012586172	0.056811996	0.031827733	0.009912527	0.009225178	0.0018175055	0.014129284	0.0068955426	0.0033079966	0.00570623	0.047620043	0.0027716476	0.0057180272	0.014327793	0.010381877	0.0010520547	0.025536349	0.0045756567	0.0038760265	0.002156391	0.014976168	0.0053776344	0.08562809	0.05944664	0.004060166	0.0032090396	0.025795009	0.005114357	0.0029703104	0.0016217855
ACC7-LN-P20-F12	0.009400391	0.25930414	0.011159683	0.02069117	0.012193214	0.0010132806	0.016082216	0.002594245	0.23063433	0.0028708954	0.002271721	0.0123293195	0.009370589	0.0012335074	0.02517413	0.0062772664	0.0033845245	0.0157948	0.0039623193	0.0016763245	0.0076475297	0.011112838	0.023864562	0.06334952	0.010216642	0.0061622597	0.0050003454	0.0028782752	0.009410645	0.0054270118	0.0041702534	0.00529387	0.0016696851	0.004305888	0.0028864706	0.0077490406	0.005784475	0.0007633434	0.010882662	0.0026966897	0.012445783	0.0023814098	0.0034225367	0.0010150663	0.059589688	0.037199896	0.008283287	0.0033484509	0.023282569	0.0021027855	0.00088809815	0.0073504453
ACC7-LN-P20-F3	0.0076200273	0.23607023	0.047573112	0.011643313	0.015036859	0.0015260885	0.016262306	0.00039714252	0.038826406	0.0033516074	0.0008120898	0.007857828	0.008932591	0.0042426465	0.028126176	0.005088455	0.031147609	0.010924094	0.0037760374	0.00078607135	0.010030164	0.042284228	0.1525501	0.030745761	0.009205029	0.011441836	0.0039289854	0.013169435	0.015000482	0.0127417855	0.0047309394	0.007887962	0.0011177103	0.0033326978	0.0052900095	0.0051346365	0.008497921	0.0020206994	0.01737542	0.0021945017	0.021817304	0.002056659	0.0035435758	0.0010431447	0.05078399	0.04588948	0.0032177104	0.0029541038	0.024189387	0.0013404494	0.0020761304	0.0024071403
ACC7-LN-P20-F4	0.0003026912	0.24606963	0.0023813327	0.0119985305	0.05514685	0.001458025	0.013218962	8.158246e-05	0.021353912	0.0041111493	0.000620634	0.011563952	0.011809451	0.00046580588	0.03973114	0.0035377222	0.0061986865	0.0061493935	0.0052993856	0.00028296653	0.021134056	0.046978913	0.018090717	0.047241043	0.02229386	0.0077432934	0.0059687668	0.006030357	0.0073139737	0.009865395	0.00031258658	0.010113309	0.003322753	0.0030555367	0.004308804	0.009361353	0.005037218	0.0012126301	0.009505138	0.0027036483	0.0030425573	0.002139251	0.025136247	0.0017603447	0.098134145	0.03984135	0.0038405927	0.0032250767	0.12333125	0.0038545157	0.000455349	0.011864221
ACC7-LN-P20-F5	0.00057784916	0.23561315	0.06597841	0.0037730697	0.042380266	0.0013497656	0.010301103	0.00068389747	0.030119084	0.0049976907	0.00050828874	0.0033999095	0.009763394	0.0022090394	0.010397414	0.01744664	0.035521638	0.007516223	0.0029304225	8.4495565e-05	0.007356299	0.032922752	0.15730543	0.046646148	0.004992645	0.010961485	0.004221343	0.0069040167	0.0024297568	0.019665385	0.003236008	0.0058349334	0.00046536638	0.0022844118	0.0042347484	0.0032067976	0.008457839	0.0009840524	0.018258499	0.002936139	0.006742743	0.0010932749	0.004719761	0.00044149632	0.054472845	0.04293348	0.005882858	0.0023154132	0.041642908	0.0038642439	0.00544017	0.0015950204
ACC7-LN-P20-F6	0.0010959477	0.23288085	0.013867231	0.023013156	0.057127673	0.0011995177	0.013463316	0.0011014736	0.03428948	0.0075499006	0.0019036097	0.024261257	0.017524287	0.0034886193	0.022856863	0.00833372	0.012818022	0.008307681	0.0032895464	0.00031072454	0.00813358	0.059835408	0.03847325	0.06021342	0.013562857	0.008610979	0.009225529	0.0067643668	0.017980345	0.017379774	0.0035627857	0.007542153	0.0066906936	0.0012736005	0.003832907	0.009785647	0.00419999	0.0018946418	0.026537428	0.002380856	0.012595986	0.0022524009	0.00582526	0.0032019801	0.07070023	0.047578607	0.005692898	0.0044223294	0.04318466	0.0022019136	0.0015869644	0.00419371
ACC7-LN-P20-F7	0.0027245283	0.22650929	0.0064084064	0.0024948334	0.03360613	0.001633362	0.0047766753	0.0002930652	0.011863288	0.004612916	0.0022172816	0.02043714	0.007850626	0.0061933086	0.022781475	0.0071029137	0.0036385984	0.0029857112	0.005566941	0.00015873856	0.022258958	0.042043652	0.017197415	0.06019802	0.033598978	0.07555832	0.008301778	0.0031828743	0.009368973	0.019309005	0.0012051048	0.0054997206	0.009139923	0.0036960877	0.0031995403	0.011785631	0.0062073553	0.004561051	0.014357173	0.003228073	0.002100226	0.029903255	0.019048214	0.0028544732	0.07611399	0.06517505	0.0037473193	0.0072632935	0.059043687	0.0013712895	0.00074569805	0.004880754
ACC7-LN-P20-F8	0.0010745624	0.2776442	0.006908489	0.0074676606	0.013672828	0.0013813071	0.010805858	0.0010338662	0.0136128245	0.003836425	0.0015264576	0.0048886733	0.010559218	0.0020304278	0.0448883	0.0027025696	0.001129727	0.0042694714	0.0026665772	0.00026472463	0.027533084	0.039579894	0.019067993	0.03871091	0.020101951	0.11216861	0.00440423	0.0012298996	0.011820739	0.00206787	0.0027305002	0.0048375577	0.0022988808	0.0031816734	0.0025449425	0.0049184263	0.0115266675	0.004587042	0.011844301	0.003906211	0.002768621	0.0015433008	0.038337518	0.00954248	0.10601946	0.039594583	0.0011947171	0.006481895	0.030339517	0.0048864307	0.0019759363	0.015890045
ACC7-LN-P20-F9	0.00030121012	0.21488565	0.0054655666	0.0063957516	0.034083467	0.0034574796	0.013629038	0.006017444	0.011801626	0.0067885993	0.00648191	0.0027290427	0.010531538	0.002096255	0.013822459	0.0008630219	0.0007487334	0.0061194464	0.0030758567	0.029184198	0.0127914455	0.01520525	0.013209971	0.05545654	0.0968283	0.0074545494	0.005365218	0.0007613437	0.02886596	0.0029561662	0.00076869887	0.0090271495	0.02072781	0.0047419453	0.0024084323	0.007892115	0.0031112866	0.004079562	0.007277821	0.004348295	0.0027853695	0.03656113	0.012408989	0.0013426803	0.080223866	0.07195514	0.04384338	0.009906715	0.042437408	0.00085051375	0.00053656555	0.015392067
ACC7-LN-P20-G10	0.0020029298	0.2201044	0.0062045245	0.014262923	0.043370735	0.0011954468	0.0076716146	0.0007888015	0.0156697	0.0032266497	0.0029030533	0.014143404	0.008721894	0.0008101968	0.020612333	0.020335155	0.0046750614	0.0037997174	0.0038160167	0.00028324555	0.031424247	0.022526018	0.020413283	0.077027775	0.03367046	0.023111826	0.007808433	0.0031992598	0.009587056	0.022858389	0.0010061628	0.007828476	0.02379665	0.0047521247	0.0028519484	0.009030281	0.0063832263	0.0011112152	0.014843469	0.005145619	0.0026262074	0.001438109	0.008795245	0.0029922286	0.060675383	0.061588857	0.0024858147	0.0035478778	0.11575408	0.005105758	0.0019364314	0.010080323
ACC7-LN-P20-G1	0.0032825947	0.2816458	0.0034083033	0.0021909205	0.026847135	0.001294212	0.06481717	0.000111970374	0.1357861	0.0030536603	0.0005556022	0.0033458224	0.020470425	0.0037697356	0.0041715275	0.004768334	0.047426954	0.018513117	0.003729174	0.00016732226	0.0057289824	0.046122786	0.04117771	0.048106164	0.008288254	0.007332341	0.0058336374	0.005330124	0.0064117624	0.023820097	0.0014851554	0.0024732095	0.0013237756	0.0009451046	0.004568068	0.021496398	0.0020909295	0.001000151	0.010742928	0.0029434431	0.002368779	0.00139735	0.0047149863	0.00085167744	0.04898106	0.03935408	0.0013471999	0.0058236006	0.014804502	0.0011516002	0.0010730907	0.0015551498
ACC7-LN-P20-G3	0.00011187343	0.28537884	0.002051823	0.009562079	0.029173391	0.0012450522	0.01597547	0.00033946586	0.013672046	0.012883256	0.002945102	0.0072796373	0.0111104455	0.00044626486	0.039507575	0.006038846	0.0035653482	0.0071524614	0.0066181566	0.00025208638	0.019344881	0.03331265	0.036163744	0.060553174	0.026237044	0.04631045	0.0041096746	0.0018084786	0.014207892	0.009683761	0.0005329056	0.009921076	0.004393038	0.0034339582	0.0023246869	0.0074882023	0.0051070596	0.001341376	0.019054824	0.0023188516	0.0031302213	0.0011535343	0.013022549	0.0053048437	0.10136167	0.05114538	0.0020346222	0.0031877442	0.04926007	0.0020632674	0.001472234	0.0039069066
ACC7-LN-P20-G4	0.001422025	0.2212879	0.0042362507	0.012336033	0.024908334	0.0012181589	0.008716138	0.004999079	0.013643453	0.0045935763	0.005404074	0.00748445	0.0106792925	0.004071637	0.039863866	0.01054229	0.0029271962	0.0036028952	0.0033604435	0.00035395302	0.024652814	0.04951293	0.017445201	0.040616248	0.034403097	0.010197054	0.006275545	0.0048654294	0.01296143	0.006127571	0.0009785407	0.011415645	0.0039138184	0.0030748704	0.0064036273	0.017663483	0.008013052	0.00195205	0.02604263	0.004968175	0.002957835	0.0018876264	0.012147082	0.006610984	0.08847477	0.075529054	0.0054219104	0.003654708	0.109530635	0.0026504353	0.00053888967	0.013461871
ACC7-LN-P20-G8	0.0010246813	0.25899476	0.00350473	0.010754345	0.042640507	0.0017845713	0.008867944	0.00028715213	0.013208736	0.004540052	0.007610809	0.00805081	0.009333138	0.00039923668	0.056794126	0.00270403	0.0027528876	0.004343089	0.0052699964	0.0017989023	0.026890771	0.019842366	0.012614192	0.059317898	0.04006553	0.0060267174	0.008482854	0.0020766964	0.036790803	0.0052894084	0.0023200058	0.008236324	0.012083309	0.009350113	0.0149417715	0.01403187	0.009382118	0.0015751164	0.007811512	0.0023789778	0.0029694275	0.0017048453	0.011482688	0.0050146175	0.08080722	0.075452805	0.013980771	0.008032158	0.047931407	0.0006650948	0.0021598514	0.005626378
ACC7-LN-P20-G9	0.00015939756	0.30090263	0.004725529	0.0070458683	0.021248465	0.0011129054	0.007386408	3.586328e-05	0.012786454	0.023141209	0.00082422356	0.008630656	0.00915891	0.0001366938	0.012733105	0.0022487338	0.001657999	0.003985472	0.026355179	0.00019467468	0.016708689	0.02843688	0.019895826	0.038735777	0.027362922	0.102411665	0.01183328	0.002244936	0.009510464	0.012438545	0.0015724023	0.0041346704	0.007839598	0.00627759	0.0038118854	0.014073295	0.0067854156	0.006651166	0.021568095	0.004138401	0.0020057135	0.0010972929	0.0059700343	0.0010429288	0.097164914	0.048313487	0.002150376	0.0024529134	0.044635534	0.0016227311	0.0014182846	0.0012239706
ACC7-LN-P20-H10	0.007835964	0.24972887	0.03657614	0.012119115	0.013382637	0.00080730376	0.018305065	0.00047371455	0.042246494	0.0028069676	0.0022617213	0.003851188	0.010038251	0.0012073213	0.023283385	0.0054351804	0.010039475	0.007485986	0.0030521674	0.034120377	0.0068585654	0.04170377	0.1383361	0.05046387	0.008157115	0.009668771	0.0028661643	0.0027005167	0.012394863	0.005093108	0.003801218	0.00543198	0.0008463623	0.005249862	0.0036855226	0.0030518358	0.0056708525	0.0009056608	0.013258764	0.0010468645	0.010619217	0.0008529757	0.004856983	0.00063424575	0.082320444	0.05347048	0.0025733004	0.003835052	0.025463501	0.002165713	0.0044403225	0.0025185843
ACC7-LN-P20-H11	0.090090334	0.16059676	0.028486079	0.015521778	0.007391223	0.0016399346	0.012977976	0.15511037	0.021149125	0.0022654508	0.0342176	0.0050011063	0.014444468	0.03769425	0.009880611	0.009395531	0.015619116	0.00872677	0.0011645433	0.009397326	0.0069416524	0.0069819214	0.057450593	0.012861212	0.009700526	0.007249242	0.010070359	0.003887066	0.019685287	0.009716151	0.014142986	0.017753676	0.0071518845	0.010274592	0.0050780186	0.00804628	0.010764747	0.0021057583	0.010918709	0.0120246895	0.01016486	0.0036190248	0.0055187843	0.010452438	0.01047203	0.019362634	0.0060525895	0.004679778	0.009380149	0.004992994	0.02701707	0.0047119213
ACC7-LN-P20-H12	0.0013320588	0.24238369	0.012901918	0.008132331	0.01492428	0.0011193185	0.022376686	0.000855583	0.035569917	0.0032912828	0.0032185859	0.0064028446	0.0086001195	0.0010748057	0.040174272	0.012379953	0.020633608	0.011941739	0.0021034034	0.009075515	0.009085057	0.09462881	0.13178393	0.029142424	0.008512166	0.008416047	0.0054218885	0.001538595	0.01173442	0.0071194605	0.0040397528	0.0054773595	0.0033597092	0.0023781147	0.0035106137	0.0069617317	0.008131607	0.001219379	0.019412383	0.0012250488	0.015200057	0.0013263081	0.0026035334	0.0022825585	0.06966089	0.061977718	0.004280024	0.0041489927	0.012447294	0.00034805766	0.0023064313	0.0018277618
ACC7-LN-P20-H3	0.0010069212	0.21663764	0.011150826	0.019721711	0.06382255	0.0012766306	0.014629141	0.0019233497	0.03342393	0.009254178	0.003681604	0.02312551	0.011131854	0.0011314327	0.037577663	0.0031617517	0.009026148	0.009417283	0.0040819338	0.00039161884	0.015362022	0.021808231	0.05543326	0.07436312	0.011532928	0.009227219	0.0082250275	0.014368517	0.010320933	0.017242596	0.0034192286	0.007889561	0.0055268644	0.0019335289	0.0027703925	0.011308735	0.009438951	0.0018591497	0.037158504	0.0045003225	0.00982569	0.0026642215	0.0034152525	0.007010882	0.0917979	0.043795012	0.0037791813	0.0044627185	0.028222468	0.0019829671	0.0024774766	0.0013035623
ACC7-LN-P20-H4	0.0016476025	0.16854987	0.018878466	0.013955413	0.022981912	0.001203461	0.0122193415	0.00016175667	0.037746068	0.0037533266	0.00283953	0.010432344	0.011612737	0.0013419702	0.038235214	0.005318652	0.03208462	0.008125775	0.0027434814	0.00017132045	0.009952546	0.05636502	0.20034538	0.052862823	0.005818192	0.008025234	0.003618549	0.0015190965	0.0071951053	0.013309827	0.008163422	0.0061867973	0.0018778486	0.0076110624	0.005052762	0.00514467	0.015663076	0.0009036047	0.0125044165	0.007076383	0.0062187347	0.0032847128	0.0055826153	0.0024679229	0.06791913	0.060900997	0.00085419376	0.0022995812	0.015667628	0.0013522648	0.0077623683	0.00249125
ACC7-LN-P20-H5	0.0027459795	0.29384965	0.002049695	0.0042614588	0.04834466	0.0012012691	0.008476693	0.0005119955	0.017158806	0.0055924016	0.0022796767	0.005700342	0.010832801	0.0007925969	0.012495226	0.003103849	0.0014786483	0.0036125744	0.0031072071	0.00014733608	0.01566997	0.023233999	0.03943114	0.057281204	0.03714455	0.01810999	0.008039522	0.005195771	0.012189499	0.009211508	0.0032438338	0.0047262087	0.007106224	0.09814531	0.003844702	0.004878852	0.0040791286	0.0015102343	0.013474227	0.0016678018	0.0030241793	0.0013250248	0.0058566616	0.00061961054	0.06928342	0.06536718	0.0013413624	0.0033177359	0.036277477	0.0006915759	0.007621331	0.009348008
ACC7-LN-P20-H6	0.0022797983	0.18918149	0.014254462	0.019356688	0.033575956	0.0013547643	0.015047246	0.0011918866	0.020703213	0.0039308635	0.0028111485	0.019066844	0.018538086	0.0014400738	0.06869313	0.004935779	0.009610025	0.0070016175	0.005398658	0.0018819491	0.016759625	0.028966762	0.027091015	0.036678392	0.029464243	0.009327457	0.007852032	0.006358651	0.030216115	0.011684481	0.0049940697	0.017505713	0.01600989	0.0038249923	0.004690935	0.017195059	0.01967967	0.016605267	0.016919713	0.0036486015	0.01605945	0.0031465236	0.006396881	0.0055591417	0.058646902	0.03421548	0.0033106061	0.0043836106	0.0929705	0.0034253674	0.0018051115	0.0043541184
ACC7-LN-P20-H7	0.00069270976	0.27575284	0.005495733	0.01041367	0.019438779	0.0013151488	0.018783147	0.0002467635	0.029014463	0.004141415	0.002320104	0.022204032	0.025160003	0.00046066937	0.04943187	0.007118743	0.0029726187	0.0067848642	0.0051255343	0.00029844893	0.017547557	0.02717446	0.04912744	0.055378832	0.008180815	0.017789243	0.010494744	0.002197331	0.0042419704	0.012093568	0.005926785	0.0050515556	0.0015720191	0.01486401	0.009840842	0.009708946	0.012033476	0.0012948542	0.025255406	0.009287005	0.0043293983	0.0023168137	0.014887096	0.0019407255	0.08822192	0.029174006	0.0023773508	0.0031579458	0.039292093	0.009092822	0.010555695	0.008421866
ACC7-LN-P20-H8	0.0014829789	0.22802071	0.0052317735	0.0053728377	0.06029626	0.0012814167	0.010958684	0.0021307466	0.01029284	0.025317622	0.0056883614	0.0057928036	0.015401066	0.00175548	0.031549733	0.0075194123	0.0047558765	0.0060562505	0.0036699988	0.00048660446	0.018393472	0.03118988	0.017275836	0.056789577	0.06998187	0.008394688	0.009327287	0.005070062	0.047960583	0.011533721	0.0010722762	0.014142343	0.0114318365	0.0042049047	0.0031320269	0.007503742	0.010806556	0.0016873837	0.012243479	0.004688344	0.0032665331	0.0020811597	0.013213511	0.007962828	0.056229796	0.08166391	0.0022244458	0.0058947536	0.036458496	0.0016400149	0.0011469253	0.008326256
ACC7-LN-P20-H9	0.0008888067	0.2456782	0.017827967	0.0021933466	0.009819334	0.0014836285	0.012484207	0.00020707457	0.032010432	0.003942922	0.0008124943	0.009002582	0.012170263	0.00056761026	0.05698526	0.007543617	0.007370597	0.007876362	0.0036889857	0.001242163	0.010363958	0.05099416	0.14879385	0.06650063	0.0040145353	0.010035488	0.0034384958	0.0011003371	0.0035290562	0.015481225	0.0023366353	0.0024532294	0.0008139201	0.012084782	0.0032303482	0.0035524974	0.0064851306	0.0011479048	0.01469957	0.0019596985	0.004031685	0.0012720913	0.0030780428	0.00083142973	0.120230466	0.03825842	0.0015077807	0.0031290401	0.027302293	0.00093145046	0.0011059556	0.0015100177
ACC7-P8-A10	7.365256e-05	0.32732448	0.011577992	0.0034300168	0.046659816	0.0019227703	0.008788106	0.0002861708	0.02484821	0.0046067243	0.0006364977	0.020774996	0.02825524	0.00047210095	0.023105172	0.00021099043	0.0016982966	0.003952068	0.0038439026	0.00016097515	0.023718812	0.028971186	0.024105873	0.010273569	0.018632304	0.07183226	0.018482052	0.0014897549	0.005923973	0.008551473	0.00079598813	0.0067502377	0.0020440246	0.006287559	0.004176014	0.005701746	0.006034149	0.00066207926	0.01816844	0.02578963	0.0042246305	0.002914039	0.009939369	0.0015159397	0.09826602	0.010450351	0.00474227	0.002006153	0.045021813	0.012072605	0.002275769	0.005551712
ACC7-P8-A11	0.0025445726	0.21562284	0.061194032	0.0032979115	0.008159893	0.0007886021	0.010353293	0.0005563742	0.04024532	0.022666005	0.00051712076	0.009413002	0.0075634224	0.0014371044	0.033904146	0.0007065469	0.01654611	0.0093074925	0.0035898944	0.0037126224	0.009822712	0.023456901	0.20189829	0.05815757	0.0048437635	0.008430246	0.0036992254	0.0010186983	0.0058226613	0.012334505	0.002188884	0.0032311156	0.000908494	0.004039772	0.0049206996	0.0037562966	0.0065512313	0.00049357925	0.01371908	0.0024358956	0.0061969957	0.0018216993	0.0045836726	0.0010261743	0.072065696	0.054646943	0.0009468724	0.002775061	0.026734166	0.0013127315	0.0028605622	0.0011734717
ACC7-P8-A1	0.0020423834	0.19561091	0.030100591	0.0082195485	0.015056464	0.0010842032	0.011034675	0.004382961	0.037886836	0.042382725	0.0020206275	0.014996164	0.0136568025	0.0033535215	0.018444512	0.0048252977	0.032558832	0.006069834	0.044728324	0.0002480348	0.007802589	0.06161975	0.06837676	0.040944744	0.0058023795	0.007922368	0.010606732	0.004561928	0.0066142636	0.017770112	0.0071121557	0.012006018	0.0026021563	0.0074533285	0.025551971	0.008014747	0.007729866	0.024152502	0.015568596	0.0064285775	0.0059214933	0.0018338631	0.0039864928	0.0094391955	0.05845124	0.03742229	0.012594947	0.0041587395	0.016576003	0.0043963003	0.0071927286	0.0006818814
ACC7-P8-A2	0.0009839627	0.15697452	0.0137140555	0.0022544765	0.023914978	0.0007899264	0.017010434	0.00054638396	0.025828065	0.0027309726	0.0025408757	0.01972982	0.027514076	0.0006673414	0.011943687	0.010547886	0.017171143	0.0152665535	0.0027408972	0.001443039	0.010192451	0.028412025	0.0510546	0.06968159	0.005672323	0.011789424	0.011281067	0.01063373	0.009475381	0.0265655	0.00699616	0.16567805	0.0024290637	0.008941191	0.001963399	0.006607526	0.0066642985	0.006932746	0.011494111	0.011662083	0.010762288	0.0032208634	0.010000327	0.00279732	0.030442066	0.038386147	0.0041799713	0.0072418046	0.025632236	0.01332369	0.026753083	0.008820237
ACC7-P8-A4	0.0024791963	0.23897597	0.040564846	0.0075164516	0.03854506	0.0021137425	0.016162049	0.00054127973	0.03617822	0.0068075396	0.0037148995	0.013020385	0.0104902955	0.0015897361	0.050438866	0.002661019	0.022412524	0.011744712	0.0049691224	0.004653043	0.010103477	0.024474772	0.09807414	0.028308215	0.0076567703	0.016678229	0.004067351	0.016330266	0.008503161	0.013395933	0.005735669	0.015048149	0.0017172024	0.00726353	0.005646924	0.006923458	0.011959957	0.015575662	0.01985285	0.0027396795	0.017829418	0.0023070674	0.0054296767	0.002155688	0.06794292	0.028110644	0.0029819636	0.0064235195	0.026061997	0.0011300172	0.0017437495	0.0022489692
ACC7-P8-A6	0.0009140208	0.22202297	0.009177472	0.003317382	0.03626657	0.0010574056	0.0172901	0.00031815362	0.053877354	0.003472287	0.0026617905	0.0076704794	0.01654419	0.0007788789	0.048218615	0.015547098	0.018037133	0.034109227	0.002856526	0.0002973135	0.0060706586	0.04097458	0.10081899	0.07394491	0.008502455	0.0074011637	0.0047826534	0.016221398	0.0058690123	0.0106849475	0.0036206227	0.013594513	0.0014926599	0.004259019	0.0026241238	0.0037188928	0.008069545	0.0026398604	0.021323523	0.0027505409	0.003639613	0.00291941	0.0037172844	0.0024185847	0.052271605	0.0655486	0.006082527	0.0032526418	0.020085294	0.002131898	0.003037023	0.0010964579
ACC7-P8-A7	0.00079102954	0.22412297	0.019211104	0.0074678627	0.008771664	0.0014859234	0.005849526	0.0022076382	0.01285324	0.011985947	0.003172431	0.03378543	0.015678894	0.002129393	0.03264938	0.0040684394	0.0034103834	0.0042015905	0.003441647	0.0003543102	0.022219311	0.021367483	0.013290054	0.030962558	0.0067313323	0.14166507	0.028561806	0.0010166636	0.008406709	0.024853345	0.001829175	0.0043862383	0.0026983973	0.007078378	0.0068151546	0.0061116214	0.010009083	0.00091260875	0.012307945	0.030933168	0.0032124259	0.00798385	0.006191919	0.005507405	0.1016395	0.031745087	0.008349953	0.0046176272	0.036657553	0.009846267	0.0013338585	0.0031196848
ACC7-P8-B10	0.00050656364	0.24492736	0.0032345543	0.008056718	0.024949599	0.0010940209	0.030682828	0.00010716313	0.02424604	0.0033017867	0.00036737276	0.010003831	0.021163693	0.00047288032	0.010541098	0.0056625316	0.038425304	0.15349212	0.0038252808	0.00034954757	0.0054176636	0.11486371	0.021037564	0.029264593	0.0051669655	0.0053181457	0.0038958685	0.005329626	0.006800685	0.019881649	0.0028675068	0.007042304	0.0012314046	0.0027216927	0.0055317	0.004518713	0.0041716313	0.0012209882	0.011138613	0.0017322846	0.014365008	0.0015886105	0.0029458613	0.0012089678	0.063283995	0.03726466	0.0013581832	0.0076538473	0.02059062	0.0033298624	0.0013639606	0.0004828701
ACC7-P8-B11	0.002709354	0.24688376	0.040865745	0.00084776105	0.029072259	0.0013882323	0.018078206	0.00057293236	0.07196262	0.0066628386	0.00085769914	0.019501824	0.008542807	0.002580881	0.029845387	0.0002906278	0.05353608	0.044179913	0.004297691	0.00014310809	0.0064534275	0.027163839	0.11524542	0.034890097	0.004769999	0.009465399	0.003915965	0.0077395327	0.0041820505	0.017551122	0.0029390065	0.003972234	0.0014638873	0.0038836312	0.00274885	0.0043204594	0.0050037093	0.0009796973	0.013979741	0.0025803028	0.013875712	0.0016400126	0.0037768458	0.0017980582	0.06795956	0.016744088	0.0022763307	0.0027672464	0.028340591	0.0012925066	0.0017042883	0.0017566879
ACC7-P8-B1	0.0009554171	0.25863138	0.04371408	0.008319025	0.015876565	0.001587177	0.008678589	0.0006491373	0.035628248	0.0037703014	0.0008191123	0.031178242	0.0073988857	0.00094610173	0.026114319	0.0062219515	0.0061155395	0.0057635964	0.056666873	0.0014144084	0.011974453	0.03683466	0.057083294	0.065352	0.011386972	0.009196455	0.0058204997	0.0055416483	0.010279538	0.024089867	0.0028212962	0.0041162884	0.0091304025	0.0068965843	0.002662989	0.007848441	0.009766314	0.0007461061	0.024587398	0.00267329	0.008412971	0.0017219622	0.0045727505	0.0034140626	0.07341339	0.03967471	0.0020547635	0.0052848514	0.025243832	0.0017027266	0.0020447157	0.0032018286
ACC7-P8-B2	0.0022213282	0.27116302	0.008826984	0.0075316597	0.053055916	0.0011983505	0.012048385	0.00042404217	0.011294823	0.0033622761	0.0024690165	0.009501233	0.010844175	0.0034879444	0.01997722	0.015840583	0.00615292	0.0076980386	0.0037371174	0.00029375212	0.01608911	0.042037185	0.023266912	0.07147024	0.017388543	0.055910643	0.010492144	0.0038130959	0.010766961	0.0119670555	0.0010399654	0.00831611	0.009012221	0.002024001	0.0037707058	0.009804834	0.0050879857	0.0012187363	0.02189472	0.004661341	0.0027187257	0.0018186135	0.0061825193	0.003599446	0.08257754	0.07339205	0.0022616473	0.0032544837	0.0390834	0.0017295736	0.00059393037	0.0016268486
ACC7-P8-B3	0.0015174167	0.16268982	0.007860865	0.017258605	0.036177922	0.0016869078	0.010453558	0.0024601177	0.018272445	0.0036951143	0.0078817485	0.024508556	0.010447415	0.002476583	0.04191976	0.012106595	0.0030321667	0.0050033634	0.008088115	0.00041579793	0.06540968	0.0062367003	0.019497748	0.053236697	0.022442015	0.019268641	0.011722449	0.009178616	0.012325192	0.024137918	0.001684662	0.008561053	0.006522632	0.0044796397	0.0072227675	0.012622702	0.0184479	0.0015172198	0.022677781	0.009124538	0.003416953	0.0058083613	0.030418396	0.0056426907	0.05378549	0.03180517	0.0032773064	0.0029890123	0.13319603	0.0065614153	0.0019865243	0.00684313
ACC7-P8-B4	0.00081773556	0.26288536	0.016078021	0.0018823062	0.01330646	0.0012204048	0.007835732	0.00042823024	0.031799275	0.004045576	0.0034789736	0.008734292	0.010047491	0.00097638497	0.039267797	0.0024288439	0.007831138	0.0036220308	0.015048741	0.00019794497	0.02212292	0.029156456	0.044731535	0.07194475	0.009004342	0.03175278	0.006800813	0.002584963	0.006064136	0.009257147	0.0059855427	0.0057868916	0.0010949769	0.0145401945	0.0069831535	0.005064549	0.014659169	0.0009209872	0.019196529	0.018631257	0.0032703578	0.0027375678	0.0047640586	0.00630022	0.08987588	0.04414241	0.0016195619	0.0020842995	0.04705986	0.024049312	0.013785271	0.0020953172
ACC7-P8-B6	0.0018402876	0.1945352	0.008089482	0.015846662	0.0347209	0.0012219609	0.0122765675	0.00072963105	0.010710547	0.027737003	0.006448794	0.011551803	0.04017737	0.0052161836	0.025472583	0.008215304	0.006334643	0.005441465	0.004449713	0.00034327013	0.036636695	0.021948576	0.013507397	0.042222697	0.018362368	0.029609893	0.025923215	0.004672015	0.011199958	0.035378207	0.0011543677	0.0057733995	0.004078498	0.005482001	0.007694449	0.012154546	0.010683645	0.0014721941	0.015578047	0.0130477445	0.002723244	0.008831133	0.015214607	0.0070291217	0.05993738	0.041740153	0.007988714	0.0037177973	0.097196795	0.008288246	0.0013927337	0.008000886
ACC7-P8-B9	0.003649465	0.19553904	0.0026504581	0.012371647	0.06536774	0.00087911537	0.011768546	0.00051904825	0.023984844	0.00568171	0.0037866738	0.015574544	0.1022171	0.0012369237	0.023054345	0.010896272	0.0022583047	0.0051965443	0.003994875	0.008011818	0.014964799	0.043392003	0.017667228	0.03543772	0.009323616	0.007710244	0.041930277	0.009972282	0.008132344	0.035697285	0.0010701703	0.007125579	0.003461098	0.0026198335	0.0050855577	0.006893433	0.0067606433	0.0012235343	0.019390373	0.00549985	0.003712134	0.007296929	0.007061927	0.0009817169	0.064353384	0.045032017	0.02277991	0.004536722	0.054409374	0.0040595722	0.0006180583	0.003161483
ACC7-P8-C1	0.0009785001	0.18625018	0.013311073	0.003875774	0.038063627	0.0014257565	0.018846484	0.0013416193	0.03718393	0.0069934633	0.006789341	0.010878684	0.012073191	0.00069343206	0.011475252	0.015195061	0.008553811	0.025191413	0.0033903862	0.011974998	0.0113155525	0.027198117	0.1480808	0.07375665	0.010464241	0.007681487	0.010324084	0.0130989235	0.019680297	0.019815631	0.0020461152	0.0065487865	0.0031399967	0.007813073	0.01370727	0.010011825	0.006535222	0.003790339	0.02933919	0.0023859446	0.010399843	0.0019420926	0.013072825	0.0028495276	0.0481193	0.0372644	0.009325543	0.0060240566	0.021721337	0.0027491609	0.0029653583	0.002347155
ACC7-P8-C4	0.0031242466	0.17544992	0.0071858903	0.013143228	0.041849446	0.001355195	0.007934266	0.0027456435	0.015974341	0.0043479865	0.002212666	0.02991019	0.02467712	0.0041138562	0.04357092	0.011292445	0.0073447167	0.003936345	0.0034672145	0.006710421	0.02325475	0.044484407	0.020965977	0.03150069	0.007486047	0.015098246	0.01875972	0.019672628	0.007852697	0.016661642	0.001978636	0.0071861153	0.0042559896	0.008406127	0.008168824	0.01145066	0.0144171715	0.0012859324	0.021083493	0.008187313	0.0052129026	0.045997243	0.01113159	0.0059807654	0.058439385	0.030482845	0.0036168157	0.0026755666	0.10208674	0.009442584	0.0019935681	0.02043696
ACC7-P8-C6	0.00076492527	0.27696487	0.005141328	0.006990482	0.053477064	0.0008562023	0.00892844	0.0011722015	0.016888184	0.0032122764	0.0013272584	0.01614364	0.007601704	0.0014584839	0.034895886	0.004889152	0.002544376	0.0043147197	0.0041932683	0.00031293783	0.019954465	0.04727576	0.015767748	0.070313185	0.052812558	0.011759693	0.008416366	0.0013024505	0.014313449	0.008413073	0.0010390268	0.0058184164	0.00525701	0.002003267	0.002802496	0.009209104	0.005668716	0.0010805764	0.013977255	0.0041920515	0.0022296007	0.0017885069	0.010533382	0.0021695427	0.086270615	0.073102795	0.016028794	0.0047714827	0.032412473	0.0020599517	0.000808933	0.014369873
ACC7-P8-C9	0.0026891187	0.21772112	0.048876397	0.013241565	0.011709831	0.0011855289	0.01785826	0.00037784965	0.051700797	0.004490363	0.001684764	0.01769925	0.008694382	0.0049713906	0.04108042	0.0017263463	0.029632794	0.010856173	0.0034525183	0.00017011259	0.008498102	0.024733182	0.12862813	0.061071064	0.004320726	0.012509154	0.0036107753	0.005618119	0.010054903	0.0109818475	0.010976618	0.0031707615	0.0012599411	0.0054528494	0.0031111666	0.003120751	0.011459804	0.0008325249	0.012444069	0.004590359	0.027752148	0.0034317723	0.00286022	0.0017330471	0.073823325	0.03769722	0.0009564016	0.0036032696	0.022731092	0.0017542231	0.0062357006	0.0011575372
ACC7-P8-D10	0.0044814907	0.1405377	0.019748157	0.013564379	0.016059931	0.0010014368	0.00782182	0.000712054	0.01563595	0.0037337483	0.0011269876	0.012868119	0.012217852	0.0024883123	0.016578425	0.009702316	0.0039250413	0.006840083	0.0037368762	0.0006611845	0.014644194	0.023502013	0.02889487	0.049390074	0.005233321	0.20783672	0.024293305	0.0036111234	0.004349397	0.016988883	0.003629417	0.028601866	0.0025561992	0.010255688	0.0046214703	0.013098173	0.009729486	0.0018566238	0.011571539	0.021300169	0.0029072252	0.0037975942	0.008997479	0.083208606	0.047328487	0.03332846	0.003062943	0.0014735615	0.013545905	0.00861717	0.012267763	0.0020584334
ACC7-P8-D11	0.0006126938	0.20862126	0.03765246	0.013201489	0.074792005	0.0013157651	0.016499495	0.00018764261	0.058135856	0.002961634	0.0014714169	0.01712281	0.013152342	0.0011527064	0.009230163	0.009624755	0.0076384004	0.00656217	0.0029989022	0.00017128738	0.006662506	0.07165072	0.05405005	0.06343221	0.0045319437	0.013455607	0.007095531	0.025763106	0.0042206794	0.048430007	0.0021800785	0.007984057	0.002892229	0.0013564129	0.0041441694	0.0051506753	0.00537804	0.0012606132	0.02032126	0.00447313	0.019181743	0.0033567129	0.0039353734	0.0015525983	0.055794824	0.040546253	0.0009758679	0.0035657254	0.028189188	0.0033201808	0.0010506158	0.0009926438
ACC7-P8-D1	0.0026379924	0.24624722	0.018668579	0.008719912	0.019923193	0.0016315697	0.015234593	0.0003206524	0.03542506	0.0038334876	0.0018636513	0.016904302	0.014667545	0.0016866842	0.025633808	0.0020728547	0.02789855	0.027196337	0.0039871675	0.00023466647	0.008168207	0.031195806	0.0752239	0.09891935	0.0062485673	0.016562745	0.0064906776	0.0062384447	0.006736826	0.020671604	0.0019027472	0.0048328373	0.0029967078	0.010744019	0.0037214742	0.0050493493	0.00839029	0.0016769759	0.023369733	0.0036435975	0.009990242	0.0030556985	0.006064003	0.00346474	0.0703289	0.042040125	0.002122702	0.005980326	0.033324245	0.002783745	0.0015463652	0.0017273129
ACC7-P8-D2	0.0013204159	0.19997133	0.019949244	0.0031735492	0.050203834	0.0010608324	0.026901465	0.00028812274	0.036243424	0.0051283156	0.0015261273	0.0106988475	0.016542455	0.0006019226	0.017236441	0.0029747451	0.029546231	0.010313426	0.0039167507	0.00013904175	0.011158385	0.09147312	0.13325068	0.03171575	0.00935923	0.009604846	0.004881527	0.008653468	0.0065466934	0.010402717	0.00043971225	0.012741738	0.0011559395	0.002056174	0.004244259	0.0074087284	0.0030645165	0.0041654115	0.020895401	0.0034525981	0.0024903603	0.0015206425	0.005811371	0.0020606064	0.08241736	0.04882284	0.0029181102	0.004635926	0.028051404	0.001332232	0.0017117679	0.0038199062
ACC7-P8-D3	0.008502799	0.22385274	0.03570607	0.0062945336	0.023286467	0.0010331903	0.017259141	0.00032336023	0.033917584	0.003372757	0.0017014318	0.014445601	0.0071562184	0.0017107826	0.028287753	0.008380307	0.035053365	0.015736092	0.004612057	0.0002663633	0.009223043	0.05001075	0.120287344	0.055014733	0.005162357	0.0058006616	0.0040057367	0.006712136	0.008945197	0.026299749	0.0085348245	0.0043301634	0.0010729493	0.0044340543	0.0034165806	0.004857743	0.0076590893	0.00090541726	0.010993768	0.0027910015	0.016377794	0.0015442285	0.0045816065	0.0013010884	0.05181096	0.07691331	0.004146997	0.003114307	0.019576753	0.002052623	0.0053084106	0.0019158957
ACC7-P8-D4	0.001082005	0.17673214	0.04910502	0.020292932	0.036108762	0.0011707284	0.009519975	0.009886062	0.042869564	0.0048902323	0.0012629045	0.015318808	0.008989973	0.0024528366	0.02596306	0.017171133	0.019489458	0.007973946	0.0030303167	0.00013460037	0.011091047	0.027327297	0.15429871	0.050884478	0.005748551	0.010432259	0.0027007787	0.01272984	0.013106211	0.012565129	0.0045021563	0.009196805	0.0016964221	0.0052467403	0.028139584	0.0058952146	0.010288748	0.0010404912	0.03227422	0.0048757484	0.00744357	0.0014731813	0.005952438	0.0009226557	0.04445476	0.026363775	0.0015514464	0.0053594285	0.024865326	0.004858325	0.0076648435	0.011605389
ACC7-P8-D5	0.00075007905	0.23032898	0.0062532765	0.0036389048	0.050238375	0.0012982341	0.0051115775	0.00030479635	0.011647549	0.0032759174	0.002350908	0.020742208	0.0064349356	0.000810817	0.01895007	0.009555872	0.0023106795	0.0055109537	0.00311134	0.00031566975	0.015271315	0.029138383	0.0110574765	0.05668814	0.037230723	0.051582374	0.009240733	0.002490482	0.021170331	0.024903504	0.00075512583	0.00421427	0.019287057	0.0028204385	0.003806907	0.015612865	0.0050413185	0.007164984	0.012539189	0.0028572502	0.0041444376	0.0010417898	0.05401305	0.0054538334	0.0669748	0.07610884	0.0025640668	0.0043776883	0.051536534	0.002088888	0.0005763414	0.015305741
ACC7-P8-D6	0.0023329346	0.20514409	0.021967981	0.006072171	0.047503207	0.0011995803	0.014811188	0.0009409992	0.04550018	0.005217295	0.0011992321	0.0061201993	0.013347512	0.0025461607	0.008088034	0.013766972	0.021909824	0.00993394	0.0060384097	0.0002328254	0.011997448	0.027389387	0.12256802	0.08509075	0.01144495	0.012370169	0.007501621	0.0089699775	0.011578666	0.020528844	0.0008784987	0.0062605757	0.0023693426	0.0041956604	0.0019791785	0.0059415763	0.004926672	0.0014072862	0.029913174	0.0016878133	0.0051656645	0.0029760145	0.012497492	0.0010973664	0.052159626	0.061497368	0.002901112	0.005510514	0.03739538	0.002487702	0.0015746861	0.0018646944
ACC7-P8-D7	0.016211325	0.20543842	0.01745603	0.017070852	0.024204165	0.0014479471	0.021327872	0.0011462205	0.082644716	0.0038837916	0.0032218865	0.009601571	0.014562891	0.001965316	0.020312263	0.0046210065	0.024412107	0.008916589	0.0020860378	0.00020758905	0.008547377	0.06586726	0.10458176	0.03533729	0.011945294	0.0070079016	0.0074347164	0.011582687	0.010933015	0.030978246	0.0030551448	0.00823269	0.0026872845	0.0044836374	0.004563967	0.006610014	0.005311482	0.0013273159	0.023926714	0.002275948	0.014975645	0.002009878	0.0041141105	0.0023190507	0.05752281	0.044286747	0.0016085537	0.004910839	0.026253559	0.0009134871	0.0022532856	0.0014037697
ACC7-P8-D8	0.0024669392	0.23898456	0.0073898686	0.010558415	0.028479842	0.0015266703	0.011910339	4.2017924e-05	0.034919523	0.0052630394	0.00048929057	0.014686647	0.010766282	0.00052970456	0.018060358	0.0069895405	0.014517305	0.0119107915	0.0035558825	0.00018825491	0.009440399	0.09041384	0.1805419	0.025100574	0.0047068824	0.0060295914	0.0024005075	0.009422692	0.0045500225	0.014208708	0.0019246606	0.008560215	0.001565586	0.0048150686	0.009908032	0.0033624645	0.003509036	0.0027114868	0.029897058	0.001496533	0.008883712	0.0014070529	0.0026087258	0.00057441107	0.08439915	0.032388233	0.0026080755	0.00512452	0.018566584	0.00088300323	0.0008931415	0.0038628844
ACC7-P8-D9	0.0077971383	0.20416018	0.03842535	0.010114547	0.059281226	0.0017011343	0.012235621	0.00020880855	0.031133048	0.00429654	0.0007594992	0.008202082	0.009485335	0.0063896812	0.011180295	0.0097086355	0.013162959	0.004749244	0.0070367567	0.00011240041	0.011573348	0.036018424	0.116043374	0.037747197	0.01652804	0.024161804	0.0066088582	0.021215368	0.017139863	0.02093383	0.0030293763	0.008884539	0.0029010465	0.014381149	0.0039700894	0.0049982243	0.007365505	0.0011006829	0.023808545	0.007712306	0.0044864174	0.002241447	0.004327534	0.001405365	0.060616374	0.045804914	0.0032921655	0.003015034	0.042232655	0.0014847227	0.003573963	0.001257457
ACC7-P8-E10	0.0026853483	0.18797626	0.024791416	0.011179031	0.02951213	0.0012526696	0.016428085	0.00065296475	0.060713347	0.0066369344	0.0016607927	0.031436022	0.023100117	0.005152933	0.034653336	0.0061904113	0.009812042	0.0075633484	0.0049244785	0.001248209	0.022434164	0.031116735	0.095609814	0.031673484	0.005659943	0.008026289	0.016948167	0.0062029194	0.00428221	0.013022652	0.006177127	0.005077493	0.004708399	0.0039467486	0.0046652164	0.0055147693	0.010970246	0.0012017309	0.022234062	0.0054206653	0.017275833	0.0030067733	0.006312143	0.003535627	0.0854859	0.036967836	0.0025378112	0.003942049	0.06303033	0.0022601117	0.001391882	0.001791083
ACC7-P8-E12	0.002111108	0.22654924	0.05877028	0.0066903895	0.0070698746	0.0013581325	0.0104238065	0.0010317607	0.039171692	0.003344659	0.0006791281	0.025003335	0.009014871	0.00054546923	0.04144293	0.017710626	0.011495008	0.010292347	0.031254593	0.00020918276	0.008866219	0.026215367	0.06876981	0.054980293	0.008514789	0.0141418995	0.0056359586	0.0010526099	0.0093547255	0.025901584	0.00972635	0.01466803	0.0031485118	0.0071734744	0.0065457127	0.0076525547	0.00694429	0.0019407496	0.010304702	0.0023262412	0.017119905	0.0026668597	0.009999872	0.0019620534	0.082184695	0.05532929	0.004386807	0.0021325222	0.015184416	0.0019683256	0.008052157	0.0009809054
ACC7-P8-E1	0.00071138574	0.18795574	0.03151133	0.014677376	0.031038867	0.0017350267	0.0090005305	0.00022749732	0.026154272	0.0041270386	0.0010551668	0.025169121	0.019123117	0.0016155315	0.039198246	0.0027295006	0.007671538	0.015950587	0.0036506471	0.00016641869	0.02602226	0.040938403	0.038304683	0.05049878	0.009657064	0.06923566	0.006051665	0.00609477	0.019073877	0.0077237017	0.0039034036	0.008421088	0.00067251956	0.0044045052	0.003356504	0.009339871	0.014766042	0.0011527927	0.023255698	0.00512327	0.014939001	0.002342766	0.012834353	0.017190818	0.07990986	0.031996276	0.010564508	0.011690633	0.036888115	0.0034367752	0.0017063174	0.005035131
ACC7-P8-E4	0.00043608365	0.19062388	0.040701155	0.008832924	0.039616015	0.00092666165	0.012029473	0.0006993938	0.044346	0.0030940403	0.00097593974	0.015945673	0.009694702	0.00040941584	0.02216961	0.005970277	0.028199043	0.008241214	0.0053440128	0.00028457123	0.0064311996	0.05243258	0.116657875	0.07506456	0.0053171497	0.017198516	0.0060738465	0.0049706744	0.0040420997	0.03759206	0.0020508762	0.00618516	0.001619848	0.0075422092	0.02772161	0.0047295038	0.0041401926	0.0047961357	0.013751125	0.0036406734	0.0037186362	0.0031872415	0.004614043	0.0012928497	0.06671344	0.03757392	0.003014512	0.0026170337	0.02818922	0.0020880175	0.0054098116	0.0010833056
ACC7-P8-E6	0.0007758657	0.24829283	0.027238272	0.0026103829	0.031182896	0.00064788887	0.010605724	0.00045453548	0.046376098	0.021680497	0.0002867831	0.0095093	0.006171945	0.0007683424	0.012912765	0.0034815853	0.051062696	0.008303767	0.0024812138	7.016363e-05	0.007406741	0.07782597	0.15010436	0.032430492	0.007245353	0.015840538	0.0018341192	0.016511377	0.004100139	0.02167727	0.0043930253	0.003710056	0.003164337	0.003384676	0.012241272	0.0038150793	0.005403817	0.00094378786	0.0129445745	0.0016570035	0.016302582	0.001736115	0.002457909	0.0002460596	0.059967067	0.025173528	0.0013096603	0.0027188002	0.01473096	0.00063762884	0.0018932701	0.0012789912
ACC7-P8-E9	0.0011993832	0.20542766	0.04706147	0.013847394	0.014993012	0.0014405585	0.015715864	0.00017027554	0.054399107	0.0038475953	0.0009992697	0.037895057	0.018087886	0.000540286	0.03168794	0.0005705275	0.011857464	0.019130392	0.0021560425	0.00022468003	0.0060141226	0.034348603	0.10332732	0.05723076	0.006542118	0.014357013	0.0068719587	0.005050574	0.007177067	0.027514946	0.00794421	0.004157709	0.0030336531	0.0030691726	0.0027138249	0.007741689	0.0054728473	0.0019282002	0.009506483	0.0041208505	0.021856746	0.0022289243	0.0038086204	0.0021479856	0.06414547	0.039955784	0.006576493	0.0025079367	0.02443117	0.009142669	0.02194555	0.0018776904
ACC7-P8-F10	0.0038315412	0.20481439	0.015618656	0.009309586	0.017433407	0.0010693207	0.011530902	0.0016780148	0.055816904	0.0029399858	0.0020305084	0.032103535	0.0121111125	0.0016878077	0.028524505	0.0050269593	0.027471289	0.013689743	0.0027808947	0.0002731237	0.0062588253	0.03406223	0.09246045	0.056877982	0.0054133018	0.00997188	0.0048624324	0.0024263286	0.005924626	0.041698936	0.00964445	0.0036214928	0.0019514189	0.005414017	0.0035725376	0.008154785	0.0074756662	0.00401091	0.023667842	0.004352714	0.021748094	0.0021088729	0.0026829867	0.00155109	0.06794787	0.07493356	0.0016814792	0.004807878	0.029320924	0.0042516626	0.006619619	0.00078083377
ACC7-P8-F11	0.007347117	0.2344059	0.03884545	0.0018436209	0.025352843	0.0012417908	0.01616002	0.000599229	0.022441925	0.0061828485	0.0014801676	0.014722411	0.009812773	0.004428092	0.013266987	0.020025205	0.011908702	0.0076809055	0.0032073003	0.0028606574	0.015250283	0.055030502	0.10130323	0.035740778	0.010918185	0.02467483	0.0066151433	0.0039067036	0.0089119	0.03171204	0.012568099	0.010751935	0.0031035685	0.0035500189	0.0042622895	0.008975096	0.0053040595	0.0015316199	0.020562902	0.0029314118	0.002145183	0.0016968313	0.0063382606	0.0030258575	0.07652626	0.052878346	0.005451799	0.002204655	0.031725753	0.0017093275	0.0029415593	0.0019377111
ACC7-P8-F12	0.0016402858	0.25316483	0.018414106	0.0119259115	0.054782532	0.0013081839	0.009546258	0.001505725	0.021506676	0.004453987	0.003934872	0.01341784	0.010845642	0.0016387167	0.049776293	0.0048977137	0.0044122827	0.013805628	0.0030475026	0.00022199587	0.011523652	0.045657698	0.026413506	0.038168628	0.010864762	0.09458619	0.009139183	0.013965511	0.013486642	0.01248234	0.0011664056	0.00616352	0.002190582	0.008318725	0.0029389765	0.008177136	0.009507981	0.0011896361	0.018582396	0.0036301515	0.0021385597	0.0019058766	0.011134337	0.0052707805	0.079803646	0.04105566	0.0011377702	0.005080629	0.02078203	0.002043744	0.0038391901	0.0034071356
ACC7-P8-F1	0.00062303914	0.254651	0.008604002	0.009835294	0.03377449	0.0013973443	0.01219542	0.0008478463	0.029759848	0.004659348	0.0017726144	0.026427628	0.01894139	0.0033332647	0.033222973	0.004581693	0.006699783	0.007462878	0.0034736192	0.00029592856	0.019031119	0.029313829	0.025772186	0.041624334	0.01311989	0.0916273	0.008370395	0.008353781	0.009373297	0.02796955	0.0034989158	0.0050532254	0.0020795949	0.007668932	0.006555063	0.011081016	0.010459107	0.001713889	0.02081184	0.005602262	0.006429629	0.0024134105	0.0058380445	0.005984172	0.07793646	0.03802199	0.0020684963	0.0032465267	0.034972582	0.004450126	0.002505484	0.004494154
ACC7-P8-F2	0.0018077225	0.17210636	0.02141323	0.006770588	0.06534158	0.0011168119	0.012497973	0.0009762621	0.013482276	0.0046201516	0.0018502082	0.023676015	0.037435994	0.00097013183	0.020603346	0.009296068	0.0053366944	0.0051292996	0.0053357896	0.0002442464	0.020663036	0.021532021	0.02283983	0.081630126	0.01067706	0.10021148	0.011194364	0.021937078	0.008905016	0.01446071	0.0011372456	0.0057957307	0.0029406652	0.014202901	0.0059131184	0.0098999	0.0121091	0.001140246	0.013647256	0.0058399574	0.006092976	0.003032582	0.020518292	0.012155898	0.044842057	0.044671886	0.0017558989	0.003550564	0.05083991	0.011155218	0.0011188132	0.0035783416
ACC7-P8-F3	0.0008908612	0.24899271	0.025945498	0.0120920725	0.04043332	0.00087507255	0.012584552	0.00016615343	0.03009608	0.0033377823	0.0014232632	0.047204927	0.014279841	0.00063235883	0.032646947	0.008124679	0.009368138	0.0060299085	0.005788442	0.0017806203	0.00958497	0.054956567	0.034153208	0.038785428	0.008599986	0.006408811	0.008188313	0.003151898	0.0132069895	0.043705016	0.0028734277	0.008685886	0.003191665	0.0020964222	0.004469793	0.00956959	0.0031448978	0.0018024069	0.022245936	0.002310027	0.026101306	0.003156313	0.004313173	0.0015357587	0.09232918	0.04018235	0.0022021953	0.0026951618	0.035184097	0.0058994917	0.0017203966	0.00085616205
ACC7-P8-F4	0.009820908	0.17842978	0.042438034	0.034533754	0.032998487	0.0011236762	0.014474733	0.00059707416	0.030199824	0.00395431	0.003027234	0.007283194	0.0070855096	0.0018010722	0.025591642	0.004852117	0.03481003	0.012734189	0.0032761458	0.000649305	0.017437452	0.026028981	0.15311098	0.048186153	0.009787374	0.012948225	0.004061975	0.0192598	0.010985678	0.015175492	0.0076577025	0.007932091	0.0018404705	0.007176397	0.005384501	0.0049135806	0.016973058	0.0012226742	0.016005373	0.0051140646	0.024395978	0.0027893065	0.0066277664	0.003006071	0.042008977	0.03673108	0.00511683	0.0031126272	0.026627246	0.0018172747	0.0041262144	0.0027575116
ACC7-P8-F5	0.003208859	0.17831014	0.056255087	0.021183604	0.024729425	0.0013857841	0.024884837	0.0019274581	0.044272963	0.006591589	0.0008051607	0.008440243	0.007713344	0.0012784291	0.034691237	0.002919205	0.041673128	0.01804017	0.0023716637	0.0031998584	0.006145792	0.030967994	0.18082522	0.030762175	0.005148815	0.0071007027	0.0020786342	0.00628585	0.006139564	0.006571872	0.0033090503	0.0059881415	0.0009887965	0.009094032	0.002465847	0.0038250156	0.008189563	0.001094467	0.017805438	0.0024208738	0.012425177	0.0024293363	0.002802886	0.0013572762	0.07753881	0.042056616	0.0037425647	0.0040637474	0.02211332	0.0021590178	0.007125718	0.0010954593
ACC7-P8-F6	0.0023274536	0.2148843	0.03666986	0.011118941	0.029743979	0.0013243138	0.00874602	0.00052824785	0.054042216	0.005102583	0.0007091748	0.017642524	0.008768274	0.0033639562	0.022096176	0.003361729	0.049072053	0.00701035	0.0036078698	0.00018534285	0.011060328	0.03599514	0.11499167	0.03562529	0.0031858347	0.012033462	0.0065347026	0.016544335	0.0047320994	0.036344163	0.009631477	0.0049885013	0.001579184	0.0037759712	0.0075519388	0.0072340495	0.011352945	0.00081733847	0.015730591	0.0052517536	0.012446766	0.002364654	0.005163376	0.00220661	0.07036013	0.041507494	0.001346125	0.0019422165	0.028149465	0.0035065429	0.0039861263	0.0017542822
ACC7-P8-F8	0.0006196187	0.24311648	0.004090972	0.003418136	0.054085728	0.0019455819	0.007058002	0.00030602515	0.011058183	0.0033673097	0.004056167	0.007779351	0.006699385	0.0015497378	0.011102608	0.007506319	0.0036412207	0.0024542934	0.002283263	0.00036904102	0.028459532	0.014688172	0.040220946	0.04950396	0.012976138	0.12638287	0.007013585	0.00935494	0.012086569	0.017889503	0.00030741282	0.00839582	0.0026636547	0.020945122	0.0029462306	0.00947067	0.0052860845	0.0015015795	0.024444891	0.0048628794	0.0024595934	0.00070119137	0.022827763	0.005248854	0.09716369	0.033227555	0.0015906787	0.0027036516	0.051164098	0.0018439691	0.0011293323	0.004031716
ACC7-P8-F9	0.0040617194	0.25216034	0.0316137	0.0076251905	0.03230745	0.001242999	0.01198949	0.00033688318	0.049081873	0.005436366	0.0008723337	0.013896725	0.0068960087	0.0041666976	0.040861867	0.00033568562	0.012436271	0.007525615	0.0044047255	0.00010688453	0.008753941	0.009055338	0.19592413	0.015604643	0.006042934	0.0110953385	0.002983404	0.008441764	0.010122475	0.008501007	0.0025049902	0.009969177	0.0011573988	0.007358212	0.002743029	0.0033526998	0.007232683	0.003045786	0.02072719	0.0017262656	0.019625025	0.0015792003	0.002436333	0.00080751686	0.10674444	0.01356354	0.0019403724	0.0029490073	0.022059144	0.00063648645	0.0023440463	0.0016137254
ACC7-P8-G10	0.00033167715	0.22869624	0.009859644	0.0050878953	0.035431016	0.0015569585	0.015962994	0.00012570113	0.041500375	0.008031041	0.00082500366	0.039682038	0.020185616	0.000311773	0.037220936	0.00060276245	0.010988121	0.009404238	0.0035802855	0.00026615866	0.012604099	0.038581267	0.020419532	0.043094043	0.0065251165	0.011340483	0.009265054	0.0077909133	0.0055889427	0.026126934	0.0066128247	0.0037139778	0.0024761409	0.002923266	0.0040734373	0.026571788	0.005818066	0.0011062591	0.027297227	0.0056781215	0.011443356	0.0028321038	0.0061632013	0.0023419533	0.07128412	0.03467783	0.0043816343	0.0030551679	0.11313188	0.009201878	0.0023811362	0.0018477533
ACC7-P8-G12	0.0036356214	0.21459733	0.020781131	0.0054568956	0.037582498	0.0013098912	0.014132843	0.0016455079	0.030970192	0.0039293556	0.0019053611	0.013287793	0.014111715	0.0039653466	0.013316782	0.010820192	0.015409623	0.01057212	0.004467843	0.0016929744	0.007456227	0.051663566	0.1490514	0.06418624	0.0075360076	0.013590038	0.0065668477	0.01705283	0.0064118668	0.013577155	0.0032874197	0.004904415	0.0027313477	0.0063195685	0.00291662	0.006590751	0.005738323	0.0018111744	0.01714257	0.0066014114	0.0051371893	0.0033031646	0.0067972047	0.0014631882	0.083415374	0.033143457	0.0093053635	0.0021177728	0.024785448	0.0049218596	0.0049982546	0.0018849865
ACC7-P8-G1	0.0011005072	0.22540627	0.014200281	0.008105992	0.05334171	0.0012720802	0.015582334	0.001816296	0.037181277	0.0036727428	0.0016573818	0.015552316	0.017456263	0.0019678012	0.022090184	0.009108615	0.010760515	0.014948611	0.0035310308	0.00030954301	0.01049719	0.04182698	0.06642048	0.061028372	0.009255308	0.036339525	0.0069771917	0.008971999	0.00805744	0.023745485	0.0042587435	0.0071438374	0.0030230333	0.006442887	0.0043883165	0.006637477	0.010539906	0.0011439703	0.025174592	0.008637978	0.012192363	0.0028244639	0.008934957	0.0023927188	0.057428617	0.054624233	0.009594249	0.0024192357	0.030045727	0.0033836376	0.0052101687	0.0013772994
ACC7-P8-G2	0.00040562733	0.21645978	0.010506021	0.009327855	0.03336783	0.0011949729	0.011027808	0.00038203562	0.01820378	0.0032585429	0.0010815074	0.011822903	0.013183932	0.00058938755	0.013064367	0.007067692	0.009464351	0.0046256455	0.026036942	0.0001622142	0.03317295	0.04856388	0.14179836	0.06434019	0.016087165	0.009834591	0.008661626	0.00788673	0.01176708	0.014107566	0.0020077657	0.005774522	0.0021766298	0.009661112	0.004227954	0.007864973	0.008452493	0.0022174616	0.02096854	0.00573645	0.0028164166	0.0015869277	0.009521877	0.00069722807	0.060129743	0.039205644	0.00495746	0.0069765295	0.04302214	0.0035535358	0.0043429094	0.0066483854
ACC7-P8-G3	0.0016321307	0.2046793	0.02778524	0.004414901	0.043494277	0.0009787267	0.012684236	0.00018235821	0.034556303	0.003476162	0.0024391806	0.017017035	0.014782935	0.0016923968	0.023788277	0.0042809662	0.031689372	0.008038184	0.005692522	0.00028244988	0.010981863	0.06458569	0.10196909	0.04783834	0.008860257	0.0069882288	0.005994766	0.0019979232	0.008241466	0.03845777	0.002872329	0.005417906	0.0025865005	0.0032109818	0.0021739954	0.007785132	0.0042638686	0.0013997348	0.028876372	0.0046422756	0.005422573	0.0015948487	0.010181756	0.002473865	0.085365996	0.044670586	0.0026245478	0.0029073425	0.0327889	0.0043032756	0.0026124404	0.0023224058
ACC7-P8-G4	0.00048764417	0.25241908	0.0380404	0.0055631343	0.011271921	0.0009129891	0.013042427	0.00012562078	0.06133982	0.0026707035	0.0001965745	0.012820573	0.007846638	0.00028286126	0.026290875	0.0010991814	0.0611031	0.011739927	0.0022759095	9.487268e-05	0.008303059	0.05054161	0.14020945	0.024920572	0.0077334866	0.008121982	0.0063590505	0.003921812	0.0051135155	0.021809971	0.004751616	0.004335021	0.00064178323	0.0035022215	0.0027506684	0.005892005	0.005788416	0.013899466	0.022961056	0.0026781827	0.0065967045	0.0012886759	0.0028873514	0.0008144621	0.07870196	0.022259008	0.0056401235	0.0022132488	0.01921019	0.0007492463	0.0042797932	0.0015000785
ACC7-P8-G7	0.0028821614	0.2776634	0.05160596	0.018095495	0.042323098	0.0010752223	0.016259851	0.0016292428	0.026379673	0.0048905476	0.0011751563	0.008714302	0.0068347915	0.0014670668	0.017753365	0.003829385	0.009991762	0.01128658	0.0032106328	0.00043650638	0.013730171	0.04605922	0.16687618	0.017552728	0.011496219	0.02187181	0.0032545943	0.009109789	0.010322464	0.009609805	0.0029744385	0.0061992407	0.0013260604	0.004594142	0.0043284353	0.0061415923	0.0058155856	0.0012076505	0.026657224	0.0016924911	0.011089422	0.0008267326	0.003691966	0.0019643265	0.050542682	0.021879945	0.003089032	0.002642363	0.022235323	0.0007996788	0.0015355616	0.001379038
ACC7-P8-G8	0.0006448614	0.1978394	0.008725883	0.008174928	0.04775034	0.0013699569	0.028513357	0.00080780487	0.041148502	0.003864946	0.0015792621	0.016908968	0.021913718	0.0005284561	0.016028868	0.012124378	0.020191317	0.010022886	0.004425322	0.0003232436	0.0085144695	0.055114083	0.07267686	0.07746469	0.010779111	0.010502776	0.01083869	0.02608927	0.013079796	0.02466782	0.0033690007	0.007466874	0.003201703	0.0026528612	0.004447675	0.008793219	0.0068159304	0.0014642021	0.03380977	0.0029320708	0.0126741305	0.0028606036	0.004332377	0.001461456	0.06968447	0.036346577	0.0029491708	0.0030806111	0.032227866	0.0023153427	0.0029663441	0.0015337223
ACC7-P8-G9	0.0014665305	0.21963441	0.013728441	0.011293705	0.056769814	0.000931384	0.008215002	0.00031034663	0.021891763	0.0038490677	0.0011221821	0.034876082	0.016372357	0.00088050717	0.017908417	0.009678672	0.004593416	0.0039108084	0.005095457	0.00030739282	0.019807536	0.063553855	0.014497049	0.04429092	0.037207972	0.015503869	0.030281536	0.008298527	0.01930237	0.01124147	0.0014935331	0.006771909	0.0071211103	0.0030174446	0.005575052	0.03689938	0.011757366	0.000866087	0.022124972	0.004737246	0.005266679	0.0015627822	0.008140676	0.0018320259	0.048640653	0.027558308	0.001993987	0.00472025	0.097155154	0.0030799392	0.0010577793	0.0018068783
ACC7-P8-H10	0.0008381308	0.19489536	0.0399123	0.015343629	0.035096716	0.0011814673	0.009796878	0.00016390288	0.012573834	0.005651697	0.0036488054	0.03497584	0.012073563	0.0005248321	0.030964514	0.0078909015	0.008208914	0.0062444797	0.0071957237	0.0003184921	0.0140097095	0.024520256	0.023221754	0.08167618	0.014139563	0.013471448	0.012300839	0.005850567	0.012883969	0.03107284	0.001728562	0.0053506265	0.01630261	0.0042750374	0.0040172576	0.015057701	0.010747486	0.0018086279	0.029451959	0.0042067575	0.005956312	0.0032756955	0.007739223	0.0055377996	0.056760486	0.05643148	0.007962178	0.004273308	0.08954208	0.0058055175	0.0011424609	0.0019796118
ACC7-P8-H1	0.0037530474	0.09927692	0.018919222	0.008486708	0.025931703	0.0012190674	0.019037548	0.008223597	0.037977096	0.0036691343	0.00332256	0.010868114	0.016438475	0.002789222	0.012570526	0.010330958	0.014645549	0.018149357	0.0055260393	0.00026240756	0.01262181	0.026545424	0.07516567	0.052835505	0.013198139	0.12297931	0.009220604	0.031968057	0.016182961	0.019984422	0.003421763	0.01119168	0.0028356835	0.007825981	0.006156603	0.010703275	0.008847917	0.0017332203	0.023502463	0.010895855	0.0074122464	0.008252652	0.019798538	0.032885253	0.02695696	0.055437252	0.0016715676	0.011843752	0.029302364	0.005478603	0.0077609336	0.003986205
ACC7-P8-H2	0.00086004776	0.15580761	0.022585107	0.015474297	0.040982593	0.0011375283	0.034113485	0.0026698208	0.023667062	0.0044178287	0.005213152	0.01549448	0.014324498	0.0023169208	0.023377905	0.008839499	0.02460802	0.014507757	0.005688447	0.00020112545	0.013001231	0.026137834	0.07296889	0.08404471	0.008879566	0.030944288	0.006324791	0.021084508	0.011860038	0.028322658	0.0048846635	0.008821641	0.002158415	0.007300987	0.0057630064	0.008156204	0.0112624485	0.0011233826	0.02005132	0.0048542875	0.008376451	0.0027233812	0.018376667	0.036679734	0.025694685	0.04367372	0.00226034	0.016523732	0.03139837	0.0070592514	0.007501794	0.005499857
ACC7-P8-H3	0.0022062375	0.21014865	0.01940633	0.006259796	0.019178735	0.0011365534	0.016642349	0.0012428085	0.016479548	0.0046688505	0.0036067031	0.013829999	0.020802407	0.0011805318	0.027566023	0.008379903	0.016353834	0.016489785	0.0053446386	0.00028065513	0.014997627	0.02694561	0.03915212	0.041567005	0.0062617227	0.11630216	0.010570739	0.006033274	0.00552725	0.04021338	0.0026478092	0.007874333	0.0034802374	0.0042604213	0.007259932	0.0119373165	0.00838903	0.0013148083	0.014689914	0.0051867506	0.0065012597	0.0018149144	0.01526564	0.06263267	0.045253485	0.048621945	0.0022681486	0.0029622694	0.012615785	0.0048482427	0.0046285666	0.006771337
ACC7-P8-H4	0.00065386755	0.19468556	0.039962627	0.0033367677	0.04948634	0.0009848671	0.018551208	0.0036911676	0.031749867	0.0031547896	0.0033856016	0.020668052	0.011046664	0.0019991726	0.028250406	0.0022099125	0.013984706	0.0094525935	0.0036475267	0.00028209135	0.017865634	0.016887989	0.08571302	0.046217486	0.010495665	0.049520668	0.0073298495	0.006076804	0.008878377	0.012930507	0.0051170615	0.0064470586	0.0044692187	0.00982975	0.0043598833	0.0066586477	0.009603121	0.0013320569	0.020590385	0.0041432153	0.012701473	0.0026114385	0.01667789	0.02022936	0.0671915	0.037881494	0.0019026536	0.008048302	0.030576637	0.008877332	0.0148277	0.0028241226
ACC7-P8-H5	0.00070115743	0.2915463	0.00771354	0.0019531117	0.02195361	0.0015876319	0.014351283	0.00015099178	0.037521955	0.0037210921	0.0017582913	0.013092463	0.013180447	0.00044987202	0.024657212	0.017802784	0.006611806	0.0061438014	0.0046800068	0.00021412192	0.014911498	0.028533343	0.17167376	0.028180676	0.012017822	0.0063966275	0.008056524	0.0021420438	0.012389564	0.009430767	0.0035942239	0.0062736725	0.008287878	0.0022979928	0.003303296	0.0091585005	0.0052144835	0.0010181224	0.035644777	0.0017636121	0.013066147	0.0011426075	0.004675814	0.0034206947	0.07014451	0.036702324	0.0025090452	0.002013836	0.021355527	0.0019238506	0.00169822	0.0012668251
ACC7-P8-H6	0.0103284605	0.22141628	0.016769765	0.0145172365	0.020062454	0.0014555376	0.014279479	0.0016823143	0.041553386	0.005258382	0.0027175148	0.028241698	0.01670812	0.005101688	0.037848577	0.003937681	0.01882307	0.0048888857	0.005580241	0.00021455933	0.01662817	0.05510568	0.045677524	0.043911345	0.009649518	0.020759813	0.00890631	0.012752731	0.0045499806	0.015298929	0.010629902	0.009184848	0.0041018147	0.003328441	0.004994487	0.010144976	0.0117885	0.0012107032	0.029205594	0.0047015967	0.0062822467	0.0029736212	0.00743463	0.0053953724	0.071890794	0.041440394	0.0042745424	0.0022918817	0.040438004	0.0071699196	0.012799212	0.0036931324
ACC7-P8-H7	0.0043496964	0.21168953	0.024695462	0.0059469	0.021314928	0.0008031482	0.009013475	0.0015422778	0.022755617	0.0041000964	0.0034386655	0.025452446	0.019403018	0.0018608649	0.03271398	0.003284708	0.010288929	0.005035838	0.0036620481	0.0004842822	0.014364335	0.026033442	0.044339586	0.07679957	0.005966536	0.011311725	0.009548007	0.01423855	0.0057898127	0.02307969	0.0052771447	0.006914526	0.0019348621	0.003913664	0.012935836	0.010616114	0.009297958	0.01497949	0.027705617	0.0066956584	0.010303658	0.0031911295	0.0074297315	0.005735221	0.06287335	0.040556367	0.0020490717	0.0024427345	0.10990226	0.006840318	0.0026492407	0.0024488952
ACC7-P8-H8	0.0018682893	0.23297308	0.021144008	0.0072969724	0.01152123	0.0015808386	0.008110325	0.0012844849	0.03160847	0.003797201	0.005312999	0.013299056	0.009256047	0.0024831346	0.045541126	0.008085884	0.018670088	0.0052720164	0.0027857902	0.0003253723	0.02057583	0.04518285	0.08434633	0.04971544	0.008007564	0.01116085	0.008534732	0.010807701	0.005870547	0.015792334	0.0061936937	0.0046560387	0.0017100291	0.004757564	0.00327367	0.005450837	0.02436438	0.0010823418	0.016204936	0.008425989	0.004876957	0.0033790024	0.017405216	0.003449875	0.06878694	0.06970194	0.006433687	0.0062985187	0.03594037	0.0053438284	0.005310638	0.0047430666
ACC7-P8-H9	0.0026880174	0.25599432	0.03964682	0.0020663787	0.016115014	0.00089720014	0.011111671	0.0028327308	0.015347002	0.003174501	0.0060702246	0.034500677	0.027135724	0.0008578335	0.04293781	0.013043642	0.0064307605	0.005188272	0.008062688	0.00039483552	0.01285133	0.027335998	0.023898808	0.05257076	0.0067613204	0.016980825	0.025984202	0.0067124944	0.0053711375	0.03990322	0.0015284625	0.0063411254	0.004645617	0.0024975452	0.008687225	0.010954128	0.009866259	0.0012684495	0.031028217	0.0041228766	0.007491536	0.0061780945	0.006012338	0.0058832923	0.06470405	0.040996857	0.0024297256	0.0046096263	0.053849004	0.009573803	0.0024850685	0.0019804393
ACC7-P9-A10	0.0005069403	0.25508043	0.008908063	0.0038394565	0.018698916	0.001744965	0.01013329	0.0010591844	0.018646967	0.008686526	0.0038017668	0.02706897	0.0070080254	0.0006525829	0.04591925	0.011710716	0.0017590846	0.0066626337	0.0024388009	0.0013748246	0.02769192	0.004460199	0.023548227	0.005569478	0.013640653	0.17388298	0.0062963474	0.0036579166	0.010061826	0.01874988	0.001981094	0.009457594	0.0031861796	0.006594838	0.017378565	0.008755325	0.018012999	0.0045107254	0.013348315	0.017998593	0.0045198053	0.0045293723	0.023458252	0.015444724	0.057146102	0.013623265	0.006419369	0.003710745	0.017577332	0.016219359	0.0034378683	0.009428838
ACC7-P9-A11	0.00081435766	0.22637314	0.039540276	0.0018586193	0.041912373	0.0013616094	0.019757956	0.00014264851	0.0479372	0.01269343	0.0018651304	0.013146214	0.013871202	0.00042627563	0.018828698	0.0062401774	0.01940616	0.011691731	0.0032232373	0.008178781	0.0059005716	0.03787623	0.13560082	0.060214162	0.0072275046	0.012084404	0.004947157	0.0065263873	0.0063928785	0.019537436	0.0010354081	0.0055631734	0.0017226748	0.0024093029	0.0036558441	0.006896942	0.0044947397	0.0012471838	0.016202373	0.002164855	0.0069429195	0.0018095322	0.003582203	0.0007160648	0.06790436	0.04801159	0.0015188298	0.0035273146	0.02769702	0.0029354587	0.0012501713	0.0031351503
ACC7-P9-A1	0.0038648455	0.2580163	0.015534711	0.008186193	0.032470975	0.0013798217	0.017343896	0.00070721447	0.064098485	0.005590358	0.00057571364	0.013085091	0.012869739	0.0051115523	0.025846925	0.009429528	0.029804925	0.006665097	0.015379581	0.00058782764	0.01166036	0.03061941	0.048737258	0.05668361	0.010270721	0.012758967	0.006956947	0.0064924224	0.010863796	0.018728193	0.013165177	0.0066600014	0.0020580965	0.002095294	0.014360243	0.011119868	0.0068798834	0.0009980602	0.017597226	0.005247	0.024957761	0.0015772693	0.0072370707	0.0021239785	0.062937185	0.03248004	0.003854139	0.0019834735	0.0308698	0.003361694	0.0052037514	0.0029125991
ACC7-P9-A2	0.00090991874	0.21980001	0.020896748	0.010452582	0.067633584	0.0013810749	0.008764506	0.00056130067	0.019913184	0.0040198998	0.003344215	0.016943557	0.012154287	0.0012929097	0.029932477	0.009214595	0.019678287	0.0050235405	0.0030991584	0.0002880095	0.0102869235	0.03578687	0.073749945	0.06308956	0.0073683322	0.022674618	0.008390746	0.011634349	0.00918993	0.008865129	0.0043160915	0.012097074	0.003626416	0.006060855	0.004767937	0.0073937634	0.011411219	0.0058940635	0.03172126	0.004345219	0.0035649592	0.0033999651	0.0080486145	0.007358534	0.08925487	0.04360701	0.0029677888	0.007212621	0.027974717	0.002380566	0.0038576801	0.0023985174
ACC7-P9-A5	0.0008605854	0.22038954	0.05426951	0.0065821074	0.031734187	0.0017053224	0.009524097	0.0007683832	0.026814092	0.0036149723	0.0023027544	0.016564693	0.0111627225	0.0007595916	0.01287694	0.013830015	0.028561158	0.009016079	0.00905528	0.00039988483	0.012743517	0.03151357	0.083144225	0.05341434	0.01078892	0.017765723	0.00914019	0.0064741066	0.0143329175	0.02658732	0.0037045928	0.007510924	0.0020436607	0.004574461	0.00374669	0.0119472025	0.0091541605	0.00346042	0.032109067	0.0040728436	0.016610298	0.0017899256	0.0054739825	0.0010893177	0.087465465	0.038151514	0.00260217	0.0037935867	0.027579296	0.0020534364	0.0022056657	0.0021645515
ACC7-P9-A6	0.0003875467	0.25554723	0.0065649436	0.003170428	0.07305503	0.0017004457	0.016021632	9.675595e-05	0.033921994	0.006287041	0.0005491724	0.015882518	0.010845001	0.00023025874	0.007173093	0.0021533438	0.018464336	0.016317856	0.0027038413	0.00030753732	0.016904525	0.05502281	0.10387769	0.03603232	0.009772763	0.0072655603	0.0068101683	0.0065338346	0.0103493305	0.007828398	0.0015334778	0.007950862	0.0013430918	0.0017567175	0.002586391	0.0063467803	0.004493733	0.0015432672	0.053514272	0.0019204154	0.0063029	0.0010041208	0.0058961916	0.0006042581	0.07427078	0.03342086	0.006186389	0.0068711923	0.043105144	0.0010796603	0.0010785692	0.005413401
ACC7-P9-A7	0.0028727094	0.24454103	0.028510245	0.08826917	0.005932488	0.0012904314	0.016221704	0.00015626196	0.04051873	0.003850228	0.0019753042	0.010712569	0.010186474	0.0014454878	0.03996162	0.008194142	0.027653571	0.008784916	0.003987731	0.00011651838	0.008969151	0.02799763	0.09408266	0.05850282	0.003429045	0.0077446783	0.0037437659	0.0010534205	0.004107398	0.014724517	0.011219614	0.003134599	0.0022059984	0.0024609014	0.005738524	0.00514075	0.0077657816	0.00064836344	0.020001361	0.004685803	0.016903197	0.0011745283	0.0031001212	0.001908505	0.076059744	0.032634996	0.0018476078	0.0029124182	0.014514528	0.0026344357	0.012797229	0.0009746535
ACC7-P9-A8	0.0037017784	0.20418781	0.0047560637	0.0051240553	0.08003379	0.0018698059	0.008068567	0.0029135654	0.019864341	0.0049264445	0.0060385643	0.009200581	0.009382019	0.006252282	0.036593415	0.013039341	0.005382841	0.004358825	0.006402988	0.00040825488	0.028920796	0.025306536	0.01660271	0.07107996	0.026316524	0.017845364	0.015888138	0.0098128645	0.017339472	0.01714538	0.00093223224	0.017858217	0.00539257	0.0081177885	0.0042753294	0.009257864	0.008699326	0.010434594	0.009542593	0.0049065193	0.0025508553	0.0040204595	0.021329861	0.0023236817	0.053152896	0.050544538	0.004603932	0.0046217325	0.08625684	0.0035987976	0.0025203722	0.006296046
ACC7-P9-A9	0.001389806	0.19932568	0.008034586	0.0021345236	0.027773356	0.013871061	0.007973469	0.0005018664	0.016304387	0.0040280246	0.0037769245	0.043254595	0.03823007	0.00072418415	0.043035593	0.002315576	0.017740527	0.004746839	0.0027781443	0.00056839193	0.0074011507	0.038051	0.013688024	0.056064315	0.0074742055	0.012994986	0.033387505	0.0058744196	0.0073473267	0.040039122	0.0021237861	0.008275675	0.0049096504	0.0040958924	0.072943695	0.010672622	0.0054086572	0.0013486779	0.011804794	0.0070978333	0.008774656	0.02738709	0.005084116	0.008799564	0.060348336	0.034586787	0.0030466293	0.0025197282	0.04438708	0.010623542	0.0024780983	0.0024533744
ACC7-P9-B10	0.00071828597	0.22231123	0.0065493495	0.005924207	0.04868119	0.0013991398	0.0075494545	0.0002765591	0.0142585775	0.004375751	0.0013037529	0.010389314	0.0078054033	0.0004379828	0.020919995	0.001048077	0.0024863707	0.006966499	0.0045932704	0.0033411297	0.020431926	0.01992683	0.017418042	0.041408136	0.018945813	0.047578	0.009438411	0.00628227	0.010388354	0.011335888	0.00078056357	0.011293883	0.0056314897	0.011625109	0.003771796	0.009216812	0.007341791	0.023783438	0.0146420235	0.023117797	0.0033501515	0.0025196103	0.03189498	0.0041649635	0.118689835	0.058658287	0.002745541	0.018114278	0.052645847	0.0034973498	0.0029419486	0.015083396
ACC7-P9-B11	0.002120265	0.18489698	0.013724288	0.025585495	0.03644511	0.0016137541	0.016555715	0.0013779098	0.043339375	0.00485262	0.0016155846	0.010775555	0.008799907	0.0032435018	0.04217793	0.008620542	0.021688202	0.011048524	0.002985745	0.00016767812	0.010107057	0.038037702	0.1468684	0.052459847	0.0044361185	0.008019144	0.0028718945	0.007863386	0.0089838905	0.022445014	0.008169789	0.0053852326	0.0011767437	0.0066502374	0.005524613	0.004904511	0.010308504	0.00088454975	0.01770739	0.0065671527	0.014683709	0.0038637947	0.012054687	0.002368922	0.05031016	0.04826474	0.006770349	0.0046700984	0.020591564	0.007515015	0.012403343	0.0054976554
ACC7-P9-B12	0.00040234366	0.23084663	0.0019960527	0.001540242	0.0057975864	0.001107008	0.019560253	0.00016126905	0.01014082	0.0028215067	0.0009923223	0.006445638	0.017240088	0.000372677	0.008204614	0.003168852	0.010780708	0.25404674	0.005403994	0.00025024114	0.008463855	0.06564086	0.02104249	0.068420604	0.008176967	0.0044860845	0.0055745244	0.00044944455	0.008947758	0.026323602	0.00083100214	0.0021027995	0.0018890474	0.0015353067	0.001890568	0.002867032	0.0024428219	0.0011323645	0.008084196	0.0040256344	0.011281988	0.0014622862	0.0055176746	0.0008086322	0.060405996	0.06521755	0.0011553563	0.0056837793	0.019432126	0.001879267	0.00062304235	0.00092587667
ACC7-P9-B1	0.008577627	0.21423134	0.041188475	0.0034060902	0.005596729	0.0007583064	0.011277792	0.0010798279	0.046683844	0.0032498564	0.0018956936	0.01141769	0.006967956	0.0023312166	0.039192837	0.0058793034	0.034068223	0.0077137193	0.015390984	0.00022346915	0.0110718915	0.031950865	0.114635125	0.06616568	0.0045946166	0.018085053	0.0029201293	0.004185689	0.008050002	0.008224972	0.023936007	0.0063737407	0.00064791547	0.005373817	0.0025071306	0.004436682	0.013330174	0.0009388542	0.024553351	0.0072396575	0.011118199	0.0020765075	0.0037124185	0.0011927519	0.071396105	0.035348646	0.0018292969	0.0025922605	0.026035631	0.007444488	0.015695555	0.0012058575
ACC7-P9-B2	0.004323466	0.21179436	0.029673152	0.009211434	0.021154035	0.0017215972	0.018388579	0.01722627	0.04666437	0.004057193	0.0039672223	0.009506399	0.008215459	0.0038357324	0.030601555	0.015567126	0.024016196	0.01917458	0.0032378554	0.00872731	0.013135119	0.024614071	0.10282407	0.03609386	0.0062735695	0.017729158	0.0038516903	0.011285811	0.007056653	0.011771492	0.0089111775	0.011201668	0.0026813208	0.0076807505	0.005511138	0.009377897	0.011879728	0.0017733845	0.018610239	0.0045085545	0.012946255	0.003476602	0.021965135	0.0064282124	0.058528658	0.036264494	0.01085363	0.009040147	0.011471512	0.0030734267	0.008887491	0.009229156
ACC7-P9-B3	0.00045642524	0.31334138	0.007985947	0.0142910145	0.04442416	0.0014475549	0.013552668	0.00013037502	0.04177822	0.0037482688	0.00064314686	0.019137349	0.011671406	0.00042207027	0.032287057	0.007241228	0.010039663	0.0067454344	0.0035961496	0.00014915473	0.010544217	0.025329202	0.14476518	0.01221207	0.0068429527	0.007204074	0.0039682398	0.00513138	0.0066933017	0.010081027	0.0019054062	0.005296318	0.0028215894	0.0042460468	0.013596532	0.0057606357	0.004770351	0.0014233871	0.018135594	0.0019856365	0.006731154	0.001508896	0.0033901145	0.0032488827	0.09931265	0.011825007	0.02103037	0.002005977	0.019973094	0.0025364468	0.0017281458	0.00090737134
ACC7-P9-B4	0.00064280507	0.23787078	0.0034575225	0.011080014	0.05152833	0.002644774	0.0068079736	0.0014465798	0.030211704	0.0047707623	0.000651147	0.012770967	0.009512273	0.0025327445	0.02058325	0.0075317454	0.015007233	0.005557247	0.030991202	0.000107122716	0.017140822	0.022503948	0.059651423	0.029962132	0.006712679	0.03431917	0.006620798	0.013558406	0.005436498	0.0066505875	0.0076122084	0.030738918	0.0023255213	0.009482324	0.0030940305	0.004427283	0.012270294	0.0007970143	0.024298823	0.019160265	0.002908991	0.002134378	0.006960464	0.0019767256	0.056474525	0.026679311	0.002266497	0.0015399493	0.05192388	0.030516367	0.042614162	0.0015354363
ACC7-P9-B5	0.00556141	0.21974279	0.03816563	0.0073347194	0.056916945	0.0015174946	0.007309978	0.0031530051	0.02823673	0.004710404	0.0007242557	0.008253473	0.0054858834	0.0020966788	0.01937918	0.0016844398	0.022828812	0.016048172	0.0059490623	0.0011949769	0.009839332	0.023829322	0.16486569	0.062441826	0.0057544326	0.007895904	0.0034305085	0.017253801	0.0064751874	0.012733613	0.0031592844	0.005952572	0.0026534526	0.0030036385	0.002765243	0.0026102122	0.008578805	0.00095163495	0.0069912667	0.0022606186	0.011866806	0.0016724904	0.008822088	0.0010587486	0.05692934	0.057013214	0.003281686	0.004788826	0.03500616	0.0030073265	0.002106494	0.0047065527
ACC7-P9-B7	0.007133136	0.26918024	0.04998891	0.007616341	0.026888436	0.0014467413	0.014647016	0.0001858705	0.0275408	0.010730475	0.0016437804	0.0053483997	0.009083586	0.001331932	0.013770422	0.009148945	0.012836383	0.032837383	0.011301786	0.00016363239	0.008766197	0.041775983	0.15297548	0.03131351	0.0067593646	0.014937634	0.005094068	0.004293929	0.005348276	0.0062384047	0.0024072847	0.004582469	0.0015697414	0.008803342	0.0030807103	0.0056908126	0.006090445	0.0010744528	0.012566517	0.003484057	0.0020797055	0.0020545493	0.0068353037	0.0011425052	0.07276642	0.02529712	0.014142209	0.0035860413	0.021673685	0.0013018926	0.0062672924	0.0031763902
ACC7-P9-B8	0.0035144596	0.2309494	0.014789013	0.0058408864	0.010189645	0.0013702242	0.019694336	0.00026562435	0.06027617	0.011328231	0.0023322948	0.033402503	0.014352735	0.0014567291	0.039885607	0.0067056254	0.013294515	0.007993685	0.0039864965	0.00026126957	0.008782648	0.035254378	0.10051451	0.061724823	0.006925552	0.021792823	0.006631201	0.003124713	0.010117574	0.023936518	0.0049782423	0.0037622028	0.0030120744	0.0035440617	0.0034934452	0.007805769	0.007534125	0.0011837498	0.02916225	0.003494747	0.010194822	0.0021655664	0.006519983	0.0024244655	0.07174217	0.04379764	0.0024224338	0.0041756025	0.019723909	0.0025266984	0.0046442216	0.0009974805
ACC7-P9-B9	0.0007892091	0.24632384	0.004218102	0.0099611115	0.103730485	0.0012203299	0.011427793	0.0004957668	0.029125892	0.004044636	0.00067936175	0.027846728	0.00967108	0.0015424559	0.017110605	0.0030629688	0.004411714	0.004490841	0.0042195427	0.00017701041	0.014970649	0.06343372	0.022779342	0.021278	0.023053925	0.011041268	0.007752569	0.012525121	0.02012743	0.015692962	0.001313553	0.0111506	0.004115112	0.0080309585	0.0024764684	0.011837554	0.0073447013	0.001357216	0.032736965	0.005109043	0.0038120407	0.0023942385	0.003860056	0.0014568352	0.09976304	0.03594383	0.008258192	0.004516707	0.053411804	0.00080817373	0.00096786185	0.002130566
ACC7-P9-C11	0.003478155	0.22847483	0.0079757245	0.0039728545	0.018615292	0.0009807962	0.015044625	0.0011617371	0.035512898	0.010650719	0.0012034718	0.026105013	0.017072491	0.004525287	0.038664527	0.0042177774	0.009884938	0.0070816306	0.0038293176	0.0037821017	0.016402759	0.05859624	0.05487249	0.04243852	0.0073564383	0.03582343	0.006441295	0.010837737	0.0031449348	0.04129187	0.0030327733	0.0061783018	0.0010545081	0.010047233	0.0054795034	0.005165273	0.014486425	0.0024267745	0.031675253	0.01781311	0.0038405173	0.0021808997	0.023532227	0.0035797756	0.051341813	0.027916597	0.0027567202	0.0024266532	0.030557241	0.022847397	0.00997194	0.0022491475
ACC7-P9-C12	0.0060736686	0.2538516	0.036775246	0.00610598	0.047945257	0.0018768475	0.012756208	0.00045149075	0.05326545	0.003531118	0.00052350265	0.03442057	0.008970913	0.0005818467	0.024683181	0.009581517	0.023577744	0.005764748	0.0023475753	0.00018512191	0.011429212	0.06363425	0.080753595	0.017211275	0.0070600254	0.02083269	0.006554809	0.0044538626	0.0071254745	0.010612663	0.003292049	0.009154662	0.0051271245	0.002998564	0.0040939217	0.0074388394	0.007457802	0.00090010784	0.021748265	0.0038070986	0.004787408	0.001597185	0.003451271	0.0013701221	0.09997631	0.024602486	0.0018256374	0.0017701087	0.024214795	0.0013962168	0.004423923	0.0016285889
ACC7-P9-C1	0.0039233644	0.17751318	0.010379235	0.0019068385	0.04377611	0.0015556454	0.010868483	0.0007656172	0.03795228	0.006908718	0.0014872411	0.020702252	0.016054962	0.0034408928	0.024655608	0.0025554441	0.005246473	0.008878516	0.003169711	0.00023441899	0.006989552	0.076148376	0.14129342	0.046740092	0.009202685	0.0075445897	0.006907916	0.004031995	0.010797797	0.018754669	0.0013172319	0.019916976	0.0020998241	0.0061779604	0.004051311	0.0075484877	0.004808103	0.0014557446	0.019948475	0.0025173514	0.0054192306	0.0012404792	0.004709823	0.0017107545	0.07724268	0.07566312	0.012028205	0.0030188959	0.03113813	0.002801745	0.0030903097	0.0017091505
ACC7-P9-C2	0.0018482793	0.261084	0.0055421195	0.011889103	0.0629532	0.0014691605	0.024490083	0.00024817447	0.022243308	0.0037949733	0.0011110873	0.01964002	0.04259595	0.002994093	0.028527314	0.0070532328	0.008857193	0.0047591515	0.002313754	0.00021692553	0.0107018035	0.041945074	0.042823173	0.030611407	0.016336475	0.012386464	0.01825148	0.0073182737	0.011008208	0.010260514	0.0033818788	0.0071472214	0.00804827	0.0043875235	0.005579092	0.008456453	0.0052815867	0.0010836261	0.068474926	0.0032385888	0.0067646177	0.0039681955	0.002885495	0.00085654226	0.07392598	0.026701188	0.0043470776	0.0031598038	0.043159828	0.0010369379	0.0005866292	0.0022545566
ACC7-P9-C3	0.0019365731	0.22563976	0.0567844	0.00427205	0.027911523	0.0012353279	0.012536188	0.0031054723	0.020274429	0.005736039	0.0021929222	0.0057000974	0.015091125	0.0025155507	0.02674174	0.010414549	0.013443453	0.00792395	0.0023184142	0.00082735263	0.012455077	0.047513507	0.10966963	0.032829713	0.008862185	0.019425895	0.003378504	0.01596941	0.012796405	0.0073135756	0.020609599	0.006359279	0.0027486226	0.008861169	0.0055074054	0.0058704712	0.02503152	0.0012549091	0.02526892	0.0075384006	0.016509281	0.0036190217	0.005593113	0.0025980484	0.062955715	0.036275983	0.001461252	0.0034279297	0.024468737	0.00601946	0.008688472	0.002517896
ACC7-P9-C4	0.004890426	0.17515446	0.01745304	0.025870057	0.058698654	0.001612373	0.005829746	0.00031052987	0.03232705	0.0038659712	0.00074022653	0.012562024	0.00927923	0.0032152326	0.021712445	0.0015837601	0.021549467	0.012798202	0.0036145607	0.000973007	0.007298138	0.021987656	0.16308075	0.05985322	0.0062848027	0.018236026	0.0057278457	0.020563241	0.010064306	0.0058321343	0.0050729215	0.014736651	0.002321209	0.007497449	0.0035060951	0.0044880062	0.008997152	0.0012187784	0.021721888	0.006634871	0.010906119	0.002243328	0.002799393	0.0014442641	0.061010364	0.059402525	0.0071846247	0.0026662261	0.024906918	0.0020073082	0.015071507	0.0011938311
ACC7-P9-C5	0.0017431888	0.2155163	0.033459477	0.0024287074	0.017164614	0.0014322053	0.017451828	0.00037091895	0.048368692	0.003671754	0.0014473241	0.012711737	0.0117389215	0.0017024941	0.03507124	0.0018624226	0.035641264	0.017532136	0.00400892	0.00020548093	0.0062109414	0.064640686	0.12747197	0.043725364	0.0043774876	0.018584942	0.0058488124	0.0024490962	0.003113503	0.028066155	0.0040811445	0.0060776616	0.009083976	0.006292607	0.0070918226	0.004129168	0.0074202316	0.0010784571	0.01686337	0.003341541	0.0047299415	0.029324386	0.0040251864	0.0015633521	0.069190785	0.035158705	0.0015227797	0.0053325044	0.010253492	0.0017455149	0.0030470376	0.0006279544
ACC7-P9-C6	0.0016282216	0.18401408	0.029322693	0.0012238579	0.034095068	0.0011433942	0.028375333	0.000818587	0.052225564	0.0068236645	0.0014243472	0.01540752	0.029922236	0.0013253642	0.02222154	0.0070042484	0.036130294	0.0126638925	0.0030273094	0.0006981963	0.009287028	0.047997456	0.09760267	0.051645543	0.0069678924	0.019956727	0.005177165	0.014704288	0.008182506	0.037017114	0.00314673	0.005877974	0.0025190802	0.005218904	0.003982072	0.0058682994	0.0053839325	0.0016151131	0.025447778	0.0023555749	0.013776756	0.0024503546	0.007720137	0.0019072408	0.057156995	0.047220863	0.003599376	0.002602358	0.027790168	0.0023622704	0.0019819138	0.0019822712
ACC7-P9-C8	0.00032093163	0.18156342	0.031824067	0.0048263	0.05319835	0.0023989654	0.013853115	0.000211378	0.053439114	0.00916274	0.00016188428	0.026733983	0.0062278807	0.00040547625	0.020430446	0.0035837765	0.026391126	0.005773607	0.0050839093	0.00010308688	0.00886491	0.043136597	0.14950718	0.046446025	0.0047793575	0.014617677	0.0027930513	0.006032709	0.004085499	0.053662565	0.0020475015	0.006424235	0.000723296	0.0044175754	0.0025086221	0.004585517	0.0036898686	0.00245531	0.017441684	0.0035084158	0.0060495646	0.001504464	0.004146389	0.0011263045	0.06803666	0.04081122	0.0015366616	0.00269053	0.032176383	0.0035022642	0.009489389	0.0015090472
ACC7-P9-C9	0.0043056663	0.17667568	0.0050639655	0.0033213447	0.045143794	0.0011768709	0.093748845	0.00016655824	0.030042876	0.0033084017	0.0007263707	0.02273056	0.04026223	0.006253684	0.015837653	0.0065050027	0.023579882	0.07945102	0.009401565	0.00018294378	0.0048001437	0.056926165	0.082545124	0.028080922	0.007193773	0.0062409095	0.008049679	0.0055163773	0.0052477894	0.007947005	0.0007969364	0.005158189	0.0021668936	0.00948138	0.003003417	0.0072024246	0.0029962512	0.0009786913	0.013591231	0.0029557112	0.011579615	0.0014784866	0.002414755	0.0011672181	0.08031652	0.03173576	0.008008157	0.0022495943	0.028340707	0.0017091596	0.001358467	0.0008774916
ACC7-P9-D11	0.0007864284	0.21597825	0.04798443	0.0021861119	0.007236247	0.0013107529	0.015772006	0.0002083439	0.0332887	0.019641556	0.0008389571	0.008346052	0.009765077	0.0006765562	0.01031094	0.006841495	0.018261218	0.0816841	0.050022226	0.00012000026	0.014036197	0.060817566	0.08166089	0.02601061	0.010075383	0.011609567	0.006028331	0.0024796037	0.011301255	0.009483377	0.003992264	0.01557932	0.0028153725	0.0038052099	0.0049201483	0.0051199216	0.006308769	0.016792567	0.0171776	0.010819765	0.0049907044	0.0018155479	0.0032597808	0.0018320038	0.03503917	0.035347078	0.03212836	0.0026261525	0.019589651	0.0028634348	0.006538073	0.001876825
ACC7-P9-D1	0.000975547	0.17695992	0.007826848	0.012719929	0.031492714	0.0013399496	0.013186178	0.049480047	0.023696894	0.0040648277	0.0062700147	0.022647481	0.01978274	0.0049024867	0.037691846	0.0057813334	0.0059550107	0.0089425435	0.0032401509	0.0017678039	0.014544818	0.022555735	0.018003497	0.060593273	0.014611793	0.021537796	0.013811754	0.017994907	0.012424599	0.02205687	0.008782952	0.010264257	0.01057511	0.0044285897	0.0075349743	0.018164363	0.01723019	0.001643488	0.0374355	0.007077481	0.023222383	0.0033521296	0.013403522	0.0121304225	0.03785186	0.044731513	0.0050275843	0.0036613606	0.05274682	0.013489714	0.0064176503	0.0039687464
ACC7-P9-D3	0.0014523629	0.18661623	0.032465894	0.008024673	0.033990804	0.0015494936	0.008172006	0.00031965683	0.043433256	0.00491722	0.0009957688	0.038389347	0.013568011	0.0027845444	0.030277845	0.0047916835	0.02176867	0.006736796	0.0032129413	0.00024010555	0.013531308	0.045658793	0.049093403	0.043347888	0.008434945	0.028875748	0.004437514	0.008946915	0.004055498	0.010434329	0.0077723833	0.011096628	0.0016573255	0.010155258	0.005278336	0.044580698	0.016322639	0.0028721422	0.012037636	0.014597732	0.005869986	0.002812938	0.0078284005	0.0018792466	0.058648568	0.03422854	0.019561248	0.0065001915	0.03595316	0.011690996	0.019449113	0.0086831935
ACC7-P9-D4	0.00015713363	0.25252068	0.017087338	0.00901258	0.05637687	0.001708792	0.010718705	0.001691383	0.027139606	0.0033273925	0.00082874106	0.009691999	0.008119647	0.0007563531	0.008973514	0.0004701876	0.02470055	0.007574626	0.00481972	0.000121335564	0.012101021	0.034220114	0.16746342	0.05809883	0.005637483	0.008519281	0.005680933	0.008000771	0.0035511914	0.0064199376	0.001615785	0.009042107	0.0034708641	0.011059333	0.0032497318	0.005151482	0.0059499596	0.0011610758	0.0352637	0.0017624882	0.005488482	0.0006052098	0.007523348	0.0005400962	0.07658352	0.013446491	0.013429413	0.0025723374	0.039877858	0.0028089932	0.0015812063	0.0023264538
ACC7-P9-D5	0.0019285901	0.21644899	0.033534802	0.010504516	0.019926189	0.0014929915	0.013598017	0.002404631	0.05199684	0.00407321	0.0008047892	0.009931723	0.009367024	0.01703843	0.01708363	0.005575518	0.0082921265	0.016140059	0.0036247752	0.00024160891	0.008454296	0.053976588	0.119065374	0.032903705	0.009255936	0.011045835	0.0045498805	0.0053962814	0.007052261	0.017735897	0.0055685043	0.02231842	0.0028802557	0.0038979636	0.0079435315	0.0066903806	0.00623499	0.04134624	0.015175632	0.0035543751	0.006189094	0.0017142248	0.0037609963	0.0017081468	0.058282834	0.04614043	0.00361198	0.010536502	0.030375578	0.003126583	0.004156733	0.0013421101
ACC7-P9-D6	0.00022771608	0.24439403	0.009689961	0.012900605	0.0180009	0.0014179944	0.019361801	0.00010793526	0.051652197	0.0034450681	0.0009281813	0.024174452	0.016962696	0.00030942433	0.02934453	0.0053547355	0.03550541	0.0098618325	0.0028919887	0.00042720768	0.0069890483	0.09123805	0.092022136	0.02095372	0.006187494	0.010929301	0.011441036	0.003933846	0.0118752485	0.01231806	0.0038484752	0.0057231514	0.0010183016	0.0070290864	0.0034231055	0.0067537404	0.0040739067	0.0011276064	0.035564594	0.003175709	0.029961104	0.0021557054	0.002373693	0.002130565	0.07129267	0.028775454	0.0031321584	0.0049444777	0.02146503	0.0026376531	0.0021487612	0.002398454
ACC7-P9-D9	0.0005139716	0.2143199	0.019634092	0.009947393	0.02801106	0.0012336972	0.0070295925	0.00072978064	0.022403324	0.006472255	0.0012459578	0.02944827	0.013242083	0.006592797	0.03208941	0.009714626	0.0056045	0.0040619434	0.001968119	0.00038977628	0.016013227	0.07172834	0.023076808	0.0409498	0.0069547896	0.102485776	0.02085104	0.0044143554	0.030016191	0.017207386	0.0017363597	0.0036222616	0.0015271431	0.0033495713	0.0040044035	0.008168017	0.012850164	0.0010227765	0.013440208	0.007220245	0.0031852946	0.010193971	0.004410291	0.007965102	0.08994216	0.038120728	0.0032034565	0.002380333	0.026711544	0.0063518966	0.000949669	0.0012942733
ACC7-P9-E10	0.00036152804	0.20467693	0.026319046	0.0036163128	0.047455646	0.0010385669	0.011551149	0.0012679693	0.034754526	0.003828832	0.0014897982	0.016660236	0.009258167	0.0017433073	0.024026994	0.008070278	0.014953436	0.0076449276	0.0049281893	0.00028785694	0.0108598685	0.06428143	0.090609185	0.053910777	0.007906063	0.022844614	0.0051478464	0.01256358	0.022460274	0.039840754	0.004885472	0.007985677	0.002498815	0.0028829349	0.017067472	0.010129653	0.008123943	0.00097278995	0.019422196	0.0051473673	0.010676963	0.0011552452	0.0056694793	0.0041212207	0.06237829	0.04612565	0.0023318343	0.0028250648	0.022785472	0.0022159226	0.0038872962	0.0023531553
ACC7-P9-E11	0.00057701214	0.20060128	0.05220478	0.022344844	0.014409353	0.0013319249	0.02486112	0.004229365	0.060814634	0.003828849	0.003564911	0.020090953	0.008623936	0.0019434093	0.028746966	0.004557539	0.017934795	0.016425181	0.0032813344	0.00045260444	0.01005314	0.01468078	0.10302398	0.067562245	0.006405476	0.010581168	0.0037244712	0.00788642	0.010306746	0.013136441	0.007477381	0.006438326	0.0016336879	0.0065064803	0.0045784777	0.011555368	0.009797032	0.001233607	0.02643189	0.003200831	0.016212728	0.0019151336	0.006846729	0.0039600763	0.043650392	0.052691337	0.0074539636	0.0029668014	0.028690651	0.0053992486	0.010008094	0.0031661182
ACC7-P9-E12	0.0051341583	0.2283942	0.024678214	0.017585242	0.019290464	0.0027652578	0.010650169	0.00032766064	0.022022864	0.0055065155	0.0016162457	0.013627652	0.008887948	0.0013812857	0.04535901	0.007040043	0.013940309	0.007278231	0.0053780465	0.0007278844	0.017569905	0.06329459	0.12115769	0.025563704	0.007737805	0.014329723	0.0055633006	0.00524889	0.0059104743	0.0065773185	0.0045617567	0.0065330695	0.0031970527	0.0056061638	0.0039773337	0.010390964	0.01818894	0.0031915132	0.029828684	0.004715901	0.0054449057	0.002463425	0.015492872	0.0026106178	0.074107215	0.03072736	0.006213365	0.004725346	0.033405587	0.0050548627	0.0085780695	0.0064401706
ACC7-P9-E1	0.0015004373	0.23369968	0.010462963	0.006700932	0.02649453	0.0014747932	0.011462254	0.00048315644	0.029584305	0.004220614	0.0029071558	0.025925415	0.016593589	0.0010968284	0.03601121	0.024095463	0.004781207	0.006499762	0.0033245953	0.00045665508	0.016506167	0.04504775	0.045743033	0.06400052	0.014049745	0.015535357	0.011947752	0.0049217255	0.010277108	0.014778846	0.0017426184	0.0067976713	0.0029189452	0.0033748113	0.0068464875	0.012399321	0.01131023	0.0014323328	0.028457757	0.0060604215	0.004035903	0.004023109	0.018450694	0.002320181	0.08593961	0.04711677	0.003740503	0.0033897683	0.04975561	0.0033288356	0.0011493578	0.004825462
ACC7-P9-E2	0.0020225097	0.16015422	0.0081675965	0.0039834077	0.020379093	0.00077926094	0.034094177	0.0018637244	0.014393104	0.014289065	0.006690509	0.00407678	0.040628545	0.0026009765	0.02836452	0.005180005	0.061054163	0.121981576	0.009262037	0.00030356817	0.0041540563	0.030293724	0.028783174	0.098226026	0.005714965	0.011080371	0.00825707	0.0040229955	0.007012351	0.017592268	0.0083856005	0.003429735	0.003681044	0.0061123883	0.019020244	0.0045243744	0.0086418055	0.0014663361	0.00865499	0.0026951297	0.025672048	0.0055941474	0.008600593	0.021782178	0.022786938	0.03379063	0.0006050116	0.037177	0.00798416	0.0035352935	0.007644765	0.0028097704
ACC7-P9-E3	0.0006723454	0.23143694	0.019503742	0.0059377593	0.013394315	0.0011888985	0.0590683	0.0008024984	0.030211646	0.0062266174	0.0015123618	0.03416316	0.014408881	0.0010586656	0.015590655	0.0040927953	0.023305986	0.040487833	0.0023239362	0.0065035573	0.007494387	0.03813458	0.057837613	0.06268284	0.0065518427	0.006320089	0.006319611	0.004896412	0.012144566	0.027125247	0.0025088107	0.0033624144	0.0031797688	0.0018468781	0.009193791	0.011800201	0.0028979734	0.0006901605	0.032086562	0.0010488859	0.021878079	0.001510762	0.0076901005	0.0028295054	0.07800598	0.04002281	0.0013866537	0.0036963748	0.024154902	0.0038652061	0.0031894008	0.0017565545
ACC7-P9-E4	0.001796548	0.17609784	0.030520007	0.006795815	0.03512702	0.0017546336	0.012206639	0.00017921468	0.037706558	0.0039587156	0.0009718031	0.043778773	0.015852628	0.0004336973	0.039359543	0.0036481123	0.01139098	0.007368668	0.003827336	0.0002208602	0.013381682	0.042647433	0.0223879	0.05202395	0.007728456	0.02551888	0.01596037	0.013921304	0.005671308	0.025989795	0.0033641218	0.0053072018	0.0027264478	0.002025211	0.0063394937	0.014740117	0.011730674	0.0011392866	0.026247084	0.0033794185	0.01792929	0.0053783157	0.00656967	0.007300675	0.05696492	0.04092526	0.0010931356	0.0026803599	0.10958704	0.010889959	0.0028715546	0.0025843286
ACC7-P9-E6	0.0009947201	0.26020336	0.0049755676	0.009162021	0.061658226	0.0012672474	0.014446993	0.00066974846	0.017328383	0.0041264878	0.0038988965	0.009238845	0.012928472	0.0009597176	0.024046892	0.0013702081	0.0043523405	0.007923508	0.0048356433	0.006115272	0.018272243	0.03951404	0.032129187	0.047478765	0.024080032	0.049548544	0.014696954	0.0060299584	0.012896947	0.016090378	0.0016917754	0.008186545	0.013365658	0.0030355728	0.0040386124	0.011899158	0.008896878	0.0054598004	0.013913706	0.0047244383	0.0036688484	0.0020155665	0.014330396	0.0046829004	0.07638704	0.04956046	0.004402289	0.0039290064	0.04525602	0.0046122195	0.0010957931	0.00360783
ACC7-P9-E7	0.0015905569	0.17402737	0.0028934206	0.01158564	0.04183942	0.0013769591	0.013089291	0.00021285696	0.013753816	0.004956383	0.000471962	0.01537592	0.012951353	0.0014774606	0.0314172	0.011586586	0.0020863554	0.0044173095	0.005538855	0.0055689006	0.029583436	0.02934283	0.013624788	0.04157133	0.03133441	0.074667245	0.013284805	0.014243569	0.011626234	0.0072656116	0.00076015166	0.021177504	0.0035209502	0.006158517	0.0042413585	0.007969705	0.010119407	0.017948816	0.012374145	0.008816092	0.002368455	0.002623646	0.032692857	0.011471769	0.06398103	0.058863316	0.0020562815	0.01367231	0.07060925	0.005124648	0.0014703481	0.019217648
ACC7-P9-E8	0.0009418993	0.21246943	0.04029453	0.0050798645	0.014053067	0.0011312737	0.019025128	0.0034538156	0.057879247	0.0034115918	0.0010203099	0.017064445	0.008674358	0.001010688	0.020527381	0.0032617187	0.024560751	0.008291927	0.0015688407	0.000651661	0.010344538	0.037067138	0.1342212	0.053402927	0.0057096225	0.011486654	0.0039596534	0.004929458	0.004855258	0.020554427	0.0121899685	0.0031199118	0.0021047597	0.02566663	0.0031939726	0.006105421	0.0055744653	0.002650576	0.020986088	0.003185262	0.008984023	0.0019416655	0.008774085	0.0014448033	0.06507657	0.029242493	0.0013362069	0.002778683	0.027872274	0.0028239314	0.02991283	0.0041325046
ACC7-P9-E9	0.0030633304	0.26035333	0.03437247	0.0041113016	0.029208986	0.0020736319	0.016969942	0.0021272756	0.03023701	0.00394151	0.00220311	0.016893525	0.008760618	0.0025579894	0.022371612	0.011839914	0.016516054	0.010035309	0.0053953337	0.0003667301	0.009776633	0.0653404	0.11352806	0.03627561	0.0055548935	0.008293689	0.008870746	0.0071406025	0.010236474	0.017400436	0.002430585	0.0065095187	0.002027432	0.0025055492	0.007882328	0.0070142597	0.0045915763	0.000974721	0.017210906	0.0025204094	0.01144688	0.0013335275	0.005762583	0.0039909575	0.08170776	0.052033503	0.0017804495	0.0052228593	0.011278313	0.00090080005	0.0016627006	0.0033958408
ACC7-P9-F10	0.00840746	0.19052508	0.048662215	0.013393993	0.019761678	0.0021045352	0.010420369	0.0031648173	0.050650954	0.0063993665	0.003248472	0.008199105	0.010777852	0.006987799	0.022451289	0.0067637106	0.013527906	0.015226054	0.0043703886	0.00017438545	0.008066781	0.023630116	0.15099332	0.05482631	0.0065483926	0.011334912	0.0065237195	0.012835263	0.0072811497	0.008196206	0.014019214	0.0062620244	0.0031943817	0.00483299	0.009366539	0.0065597356	0.009255181	0.0012816347	0.02053043	0.005084489	0.018883893	0.0019961237	0.0034891493	0.0021054298	0.058452737	0.05071213	0.0015150451	0.0030943959	0.020402502	0.0030127736	0.018953552	0.0015420256
ACC7-P9-F11	0.00062333164	0.17675678	0.0020489527	0.011105501	0.10102131	0.001617051	0.014034092	9.7771386e-05	0.058466975	0.003770984	0.00013429805	0.029379472	0.0066488595	0.00034539448	0.01544359	0.00029042418	0.005332498	0.03471003	0.0037359642	0.00010714386	0.011810642	0.0059501007	0.14309989	0.0124374535	0.009327082	0.010598029	0.001888291	0.015242736	0.0058557508	0.010963897	0.00073141657	0.018683597	0.003513327	0.006224892	0.0016667005	0.0074191918	0.0035615363	0.0009328497	0.029181903	0.0027940595	0.009037431	0.0008738922	0.00936848	0.00078674336	0.12832281	0.0068490435	0.0071899937	0.0028882436	0.06294289	0.0013645209	0.001123223	0.0016990146
ACC7-P9-F12	0.0017036415	0.23494262	0.026079854	0.013715043	0.022602722	0.0014740495	0.0105681475	0.00090645783	0.024165057	0.0039803926	0.0021329424	0.014200872	0.014807486	0.0027675428	0.034866348	0.0048227124	0.014522748	0.0069896816	0.0037659619	0.0049666604	0.012416493	0.05093811	0.10184385	0.050769184	0.013564094	0.010049804	0.010736518	0.0040930067	0.0130969	0.010228905	0.0027830019	0.008425834	0.007099847	0.007436229	0.015080908	0.008436752	0.007216986	0.0017564871	0.018243585	0.005560363	0.005897348	0.001666215	0.003759826	0.0034418628	0.091151014	0.0460163	0.0032744068	0.005108426	0.025612358	0.0052961903	0.0029469153	0.0020714488
ACC7-P9-F1	0.003906255	0.2720717	0.006299531	0.0034050653	0.02035847	0.0016359176	0.007402107	0.00019278648	0.007843716	0.047009543	0.0019578133	0.011000972	0.017854784	0.0018185243	0.01494305	0.005207489	0.0028590357	0.0036317671	0.0098792445	0.00025686983	0.017526044	0.03436781	0.020375127	0.014429001	0.006764395	0.0931179	0.010554676	0.0015599742	0.006019946	0.015915863	0.0007565739	0.0040068273	0.005171836	0.0034321775	0.0047470056	0.0056839427	0.009822314	0.04341793	0.011302125	0.042123523	0.0018233998	0.007221062	0.011024999	0.0044966447	0.10370691	0.031421967	0.005445476	0.0018126091	0.03243752	0.0063901027	0.0005278854	0.0030618291
ACC7-P9-F2	0.001014824	0.21486178	0.018326484	0.014632249	0.032283504	0.0012967691	0.012634866	0.0010287465	0.043058276	0.003989931	0.0014785527	0.018232683	0.00871055	0.007163507	0.056245822	0.0058645085	0.013500044	0.006918922	0.002804904	0.00030049382	0.015987506	0.029629031	0.09393716	0.062168017	0.009178062	0.014646087	0.0065466515	0.0066066347	0.008937113	0.005952875	0.005207882	0.0056495946	0.0016672693	0.0062941886	0.002900538	0.0043808883	0.014899768	0.0010419223	0.0155467605	0.0043622856	0.013061358	0.0040892176	0.0038729224	0.0025143153	0.106544435	0.049927842	0.0015303693	0.003720939	0.024545843	0.0024801535	0.0051924596	0.0026323486
ACC7-P9-F3	0.0028675739	0.20664304	0.066584975	0.0068561975	0.03897926	0.0020890858	0.008868538	0.00045507852	0.03058393	0.003988752	0.0017051443	0.0075414823	0.0070505873	0.0009865251	0.020657625	0.0028447958	0.029190267	0.024148365	0.004780744	0.00015738078	0.007219072	0.055644237	0.15416832	0.040181093	0.0050148233	0.013695574	0.0028229384	0.007831687	0.007111849	0.0075700595	0.004501547	0.013080963	0.00073611573	0.0041348916	0.014137526	0.0035187753	0.0075455653	0.002849361	0.014555176	0.0027949067	0.0145903565	0.0028561056	0.0047078007	0.0013594338	0.06615316	0.027831849	0.007064544	0.0043413634	0.029581925	0.0008730252	0.002611974	0.0019346105
ACC7-P9-F4	0.00593353	0.2570425	0.016316373	0.0034085733	0.04260941	0.0017548532	0.021494646	0.00011771502	0.041457172	0.0036994137	0.0014581992	0.0142755965	0.01049117	0.0018842334	0.038989335	0.0068552196	0.020119198	0.0050190105	0.012403273	0.00017146232	0.01693507	0.05855249	0.14966017	0.016162153	0.006574563	0.0066536954	0.0033567604	0.0026449105	0.0082504675	0.007893132	0.0024239062	0.0074922144	0.001313915	0.0054751593	0.0026439456	0.006389603	0.0075648767	0.0011010127	0.022888966	0.0026816581	0.006554912	0.0012864892	0.0035776652	0.00066925323	0.07716344	0.024664246	0.006419507	0.003625142	0.027591854	0.0012683523	0.0018780968	0.0031414977
ACC7-P9-F5	0.0014964676	0.21408354	0.0042007873	0.007023558	0.059676353	0.0012364589	0.014426846	0.001162962	0.02464196	0.008316786	0.0023135208	0.010726584	0.025122598	0.0029004917	0.021792358	0.002537236	0.012578199	0.010122057	0.0030733962	0.0002870397	0.010855832	0.04892688	0.034484062	0.057782922	0.008668494	0.011807369	0.020339852	0.012748216	0.008414596	0.032713205	0.002977674	0.010915423	0.004991998	0.007683457	0.005863207	0.008124057	0.0063251173	0.0010217107	0.0427232	0.008060872	0.0057822065	0.0076136226	0.0034236964	0.001365598	0.06204104	0.037178706	0.013526479	0.004791908	0.08124291	0.004614084	0.0023091154	0.0029631802
ACC7-P9-F7	0.00030173612	0.33896777	0.026249185	0.0033837683	0.03014517	0.0014964992	0.0077739656	0.0005244818	0.02216925	0.0063786064	0.0005575235	0.015116742	0.008057528	0.00094194396	0.017203745	0.007628186	0.0027767138	0.006783197	0.0022910621	0.00025575556	0.015901133	0.028647067	0.036424402	0.0069401814	0.01217911	0.076970614	0.010400214	0.0050069173	0.0066923182	0.0130595	0.0014154491	0.005373765	0.0019372422	0.004793369	0.018747069	0.009120278	0.007232262	0.010997477	0.016297985	0.0025566267	0.0038466903	0.0015358897	0.012345211	0.0022900207	0.09346327	0.009835903	0.048420697	0.01564505	0.018309085	0.0023005093	0.0008868608	0.0014248034
ACC7-P9-F8	0.0028804268	0.17889991	0.03446601	0.009502	0.026206508	0.00087894895	0.0135901375	0.0011370508	0.049853735	0.0031674332	0.004471713	0.010863145	0.011039916	0.0014055651	0.04478119	0.008971042	0.0044720364	0.0064655817	0.0018378985	0.0011519972	0.019048287	0.033891253	0.15605034	0.03785536	0.0059374073	0.013354914	0.0033060634	0.0074782716	0.007836278	0.02436074	0.009606459	0.009724217	0.0020244769	0.004914273	0.0043512266	0.0053543923	0.021670762	0.0016062105	0.020784086	0.005805984	0.00896437	0.00292265	0.0073587787	0.0029757968	0.07308596	0.042316563	0.001967444	0.0038191746	0.030621294	0.0022461873	0.008282821	0.0044356887
ACC7-P9-F9	0.0026988916	0.21854033	0.014043701	0.007137956	0.072645254	0.00170134	0.007625204	0.00085661886	0.03573207	0.0052763517	0.00095229974	0.014451748	0.023696586	0.004070817	0.028555632	0.006204102	0.01619137	0.010882196	0.004951177	0.00024057916	0.00838469	0.043205973	0.09169671	0.04770095	0.009330857	0.009180491	0.0057455637	0.01888543	0.011630605	0.015904864	0.0026581315	0.010621701	0.0017063853	0.008753915	0.0044627837	0.011318546	0.007651129	0.0059531825	0.02199584	0.0056261867	0.012932664	0.002186829	0.01574111	0.002260496	0.055633944	0.030013941	0.0041834484	0.00858225	0.03398643	0.0052300505	0.003422909	0.006957766
ACC7-P9-G10	0.00094035844	0.19704527	0.0148841	0.0030187967	0.016669864	0.0014056824	0.012466115	0.00078671094	0.048222013	0.030511044	0.0011224241	0.019066334	0.010494508	0.0014566405	0.022495152	0.005506751	0.02425848	0.0071655237	0.0038598336	0.00023314217	0.008858999	0.06911002	0.09838908	0.05929801	0.006814498	0.010867788	0.0046849884	0.0021625157	0.0043250746	0.028830562	0.001714687	0.007960865	0.0013462666	0.003631337	0.0040534385	0.007339429	0.0039457604	0.0022375067	0.032886967	0.0033321024	0.0033025078	0.0011726578	0.009578558	0.0033328389	0.10886936	0.051474035	0.009962658	0.0019883213	0.016681025	0.0037045884	0.0047704238	0.0017644478
ACC7-P9-G11	0.0010421625	0.23640004	0.023365323	0.004141843	0.036259003	0.001050103	0.03160372	0.00022953309	0.02377007	0.0035027522	0.00081313174	0.013038865	0.007470214	0.002487375	0.012137359	0.013198817	0.012195332	0.13515769	0.0024179104	0.005394509	0.007033202	0.062464725	0.11725987	0.030425746	0.004426261	0.0030023458	0.005647261	0.005928754	0.004285458	0.0061358092	0.0028713346	0.0046285293	0.0015006384	0.0033002007	0.0077366694	0.004775752	0.0051065423	0.007699621	0.02309056	0.0018300766	0.015849508	0.0016877931	0.003471914	0.00055324956	0.052718822	0.016364854	0.003104818	0.0017061199	0.024422996	0.00081715523	0.003382648	0.0010949237
ACC7-P9-G1	0.0013232349	0.20511353	0.030094586	0.0021472357	0.0402157	0.0010250555	0.027468277	0.00043969072	0.04441081	0.007579066	0.0013197776	0.015389834	0.014079072	0.00086617353	0.031822894	0.03562599	0.031181399	0.01164589	0.007554396	0.00030816917	0.010941303	0.07629226	0.12366388	0.023994366	0.0060958285	0.004095051	0.0048676454	0.0054541463	0.0075912974	0.0043552984	0.0038188428	0.012009237	0.0020860492	0.0029781607	0.01757552	0.004185516	0.0044077984	0.0018319885	0.010535164	0.0022978026	0.018748727	0.0028424822	0.0034345798	0.0012020294	0.09046319	0.024075242	0.0037481117	0.0029762755	0.008141588	0.0016251706	0.0027255758	0.0013291058
ACC7-P9-G4	0.001546762	0.21695729	0.004073256	0.010723649	0.021611895	0.0015859128	0.019276574	8.4630185e-05	0.01870803	0.004720643	0.0014494177	0.005441163	0.19975483	0.0006149919	0.0113291405	0.0029826984	0.01371311	0.008274589	0.0032097967	0.00016642731	0.0070723905	0.0428564	0.03407076	0.061884347	0.012687496	0.008046992	0.01160129	0.0086451685	0.008787871	0.019154983	0.0030601528	0.0058360575	0.0039053117	0.016575841	0.0067554587	0.0051736543	0.005019576	0.0061325566	0.017671902	0.0023087556	0.0046242685	0.0029882756	0.008884378	0.0033385854	0.04873168	0.05022452	0.009291126	0.0035075713	0.026527155	0.0035379499	0.0011489241	0.0037238377
ACC7-P9-G5	0.001682445	0.20226635	0.036857966	0.013074805	0.009504521	0.0013381048	0.015075012	0.002059607	0.06920039	0.004061291	0.0030744188	0.015558108	0.007035546	0.0023415333	0.036459494	0.0051573804	0.012275844	0.014527535	0.0031863814	0.0011278008	0.00935913	0.03718941	0.16243108	0.04528361	0.004701093	0.017456762	0.004368374	0.0044135866	0.012953538	0.026496597	0.012439921	0.0045008045	0.0015176082	0.0068018753	0.0044312053	0.0043388284	0.013581883	0.00076779677	0.012871996	0.0031636609	0.022411114	0.0022462565	0.007507236	0.0022653951	0.04943516	0.03601483	0.002544323	0.002415927	0.015892109	0.0029046978	0.010331648	0.0010981505
ACC7-P9-G6	0.0050922306	0.20459846	0.05326642	0.0062839123	0.018388655	0.0014579463	0.006948865	0.06231624	0.04043725	0.004311212	0.00891879	0.023205	0.0066733533	0.0048472025	0.03865936	0.0068516918	0.038055245	0.011865978	0.0034337891	0.00087720924	0.012717428	0.030942695	0.07938696	0.022098392	0.0069325385	0.011646594	0.004802023	0.015525062	0.0105591435	0.04626655	0.010587487	0.009852868	0.0037430136	0.011208268	0.007744599	0.0072262115	0.018616213	0.001471483	0.008620342	0.010448504	0.0075733787	0.0035288038	0.010205783	0.0039804927	0.035635613	0.026890442	0.00154478	0.0076082107	0.010350781	0.0012735156	0.009013044	0.00550999
ACC7-P9-G7	0.0007703794	0.27942488	0.021228023	0.004225012	0.081840016	0.0013064642	0.06602094	0.0005400738	0.025902232	0.004250101	0.00044592342	0.006842799	0.026218144	0.00081853697	0.005483603	5.9786296e-05	0.017072547	0.016017053	0.0043364787	0.00010738154	0.006705209	0.027476529	0.0803427	0.031108823	0.0068954485	0.008292534	0.0059488392	0.01301739	0.0046993284	0.026391774	0.001351883	0.006050081	0.001973662	0.0016422536	0.0048226453	0.0062531065	0.0016035903	0.0010349615	0.024912795	0.00054348586	0.010863762	0.0006995844	0.006782086	0.00033417402	0.07091913	0.0308148	0.0061027664	0.0026209382	0.042909484	0.0015878604	0.0008972329	0.0014908458
ACC7-P9-G8	0.0008299117	0.18046582	0.012486787	0.005046034	0.06742366	0.0018454932	0.012633773	0.0009792367	0.022113217	0.0047763544	0.0027730195	0.019780645	0.018606152	0.001770553	0.021520387	0.009148298	0.0052963616	0.008520398	0.006449121	0.0015499924	0.01688147	0.032311786	0.04398235	0.06533548	0.015683945	0.009145375	0.020404713	0.008928682	0.030509256	0.010878536	0.004184573	0.009271614	0.0043775016	0.0031630818	0.0033556134	0.010442961	0.012494744	0.044665843	0.032490797	0.0036998973	0.012319445	0.002116124	0.006105836	0.0046538245	0.086409	0.04814743	0.0065966453	0.008710214	0.03371691	0.0015556169	0.0014173875	0.002028185
ACC7-P9-G9	0.0005597964	0.19501406	0.011813923	0.012535123	0.038574543	0.0012539331	0.009577539	0.00018633425	0.020308182	0.0039941785	0.003680206	0.021782873	0.038515124	0.00037616375	0.032979637	0.0073336256	0.005515804	0.0035505772	0.004737194	0.00024939375	0.017040726	0.06833194	0.015201331	0.045427196	0.015434234	0.01461443	0.07005234	0.0074171172	0.008847363	0.022413878	0.002598137	0.010202427	0.007476122	0.0020628513	0.004342883	0.011943153	0.008869075	0.0014467502	0.022636225	0.0051958803	0.0047012367	0.00826017	0.006559695	0.0029017197	0.06860849	0.04817112	0.002284127	0.004302863	0.07248062	0.0043122186	0.00060282677	0.0027227285
ACC7-P9-H11	0.00038493803	0.28486064	0.021350212	0.005055874	0.012755372	0.0015282047	0.009523803	0.00037027863	0.040119395	0.0038914264	0.00051165855	0.012857431	0.006583873	0.00031551067	0.020027911	0.037201747	0.021136587	0.007887265	0.0032635506	0.0123897195	0.0079382835	0.048708417	0.13529564	0.047431413	0.004837639	0.008859713	0.0037886943	0.0010044752	0.0053104158	0.014207046	0.004117155	0.03554661	0.00136982	0.0016383516	0.0025917746	0.004475922	0.004765686	0.0006405706	0.016549082	0.0020542264	0.0069337985	0.00071179663	0.006541188	0.0011122496	0.059592176	0.029344723	0.0014991914	0.010667091	0.022520376	0.0013067182	0.002662828	0.0039614583
ACC7-P9-H12	0.0010588687	0.24597244	0.028443567	0.01774431	0.008916952	0.0013287696	0.014758368	0.00033253376	0.044611074	0.003632804	0.0020469788	0.011661342	0.015182216	0.00037145123	0.02822302	0.0043255575	0.023902876	0.012799572	0.0029896183	0.00019669942	0.00748641	0.04205088	0.15828444	0.03854017	0.0048611495	0.0069277887	0.0034233509	0.001630819	0.005911649	0.011061223	0.013307449	0.0033183782	0.0008148204	0.01344505	0.0040349322	0.0041428474	0.008412744	0.0008064843	0.017610034	0.0032436736	0.01516673	0.0015648914	0.0034477396	0.0019030855	0.053085748	0.05560937	0.0020744603	0.0024841714	0.017886516	0.004958011	0.022547174	0.001458783
ACC7-P9-H1	0.0009138551	0.28242394	0.0029118303	0.01210234	0.069746524	0.0013006831	0.009103866	0.0007362773	0.012246494	0.003589718	0.0017546107	0.015037703	0.008841178	0.0055031497	0.026436532	0.004588062	0.0052608587	0.004623837	0.029957345	0.0019091092	0.008642429	0.044101283	0.015501159	0.055504676	0.054383617	0.010512542	0.010496279	0.00088797905	0.020253865	0.022249082	0.0018708785	0.008263909	0.019732391	0.002164963	0.0026305919	0.0073172133	0.004636469	0.0010704751	0.011143884	0.003115949	0.003321431	0.0030768989	0.0073722294	0.0018396846	0.07926598	0.052739616	0.0045034676	0.0034162165	0.036528483	0.0011829374	0.000443785	0.0028417425
ACC7-P9-H2	0.00077746285	0.27649817	0.016012415	0.00162421	0.024167612	0.0010173385	0.011358358	0.0008111223	0.028628355	0.005502651	0.0007196428	0.01411694	0.009482669	0.0041955765	0.037378978	0.002325239	0.021186244	0.0049288976	0.0033370527	0.00020292241	0.021893572	0.061837744	0.115576155	0.01759606	0.009576144	0.017093198	0.0096831545	0.0021568884	0.0070161954	0.016794285	0.0028147872	0.007917598	0.0042240396	0.0079310825	0.0030771664	0.0033734175	0.013594247	0.008819262	0.019308446	0.0068770656	0.0025907743	0.001794617	0.0071433433	0.0019306387	0.09807174	0.018362349	0.0090301605	0.0042075687	0.023721179	0.004279166	0.0040341164	0.0034018955
ACC7-P9-H3	0.00249739	0.21847017	0.036287572	0.0129084475	0.029222907	0.0020318003	0.01672399	0.00063129974	0.027885083	0.004003967	0.001521059	0.019469367	0.011081264	0.0034048143	0.011241092	0.0049282014	0.0152766025	0.007058533	0.00615825	0.00017942263	0.009478664	0.028705677	0.13352643	0.053783875	0.0064517893	0.014732671	0.007222159	0.016676417	0.008971217	0.022826679	0.0030332645	0.009990012	0.0018270315	0.004594096	0.0042514843	0.007278403	0.004610643	0.0014348957	0.018583741	0.0037393593	0.0062559033	0.0027972213	0.009257502	0.0035786568	0.093004405	0.038301043	0.003307451	0.0029963488	0.034637805	0.0034892296	0.0069876947	0.0026869373
ACC7-P9-H6	0.0012494476	0.40122885	0.019775644	0.0062448843	0.0070950966	0.0014500321	0.0066563785	2.5992502e-05	0.028696077	0.0032254949	0.00025436352	0.008813244	0.0066802697	0.0009844068	0.017167948	0.00020636052	0.022204142	0.0027336853	0.001971815	0.000110818124	0.0076727974	0.06522571	0.083073154	0.065440066	0.005540389	0.006132314	0.0036130317	7.094307e-05	0.0048220903	0.004581546	0.00051714195	0.0017694108	0.0008530946	0.0009505787	0.0013535479	0.0042999955	0.001955516	0.00070611155	0.014658114	0.00069209764	0.008654999	0.0002797687	0.0019718204	0.0005092571	0.11184115	0.039452452	0.0016948353	0.0016639864	0.022506773	0.0002980801	0.00012472091	0.00029955636
ACC7-P9-H7	0.011761943	0.23087402	0.040109456	0.0055884263	0.014110996	0.0011394456	0.01279795	0.00038632765	0.042818487	0.0035055878	0.0007079838	0.010511794	0.011486052	0.0028056835	0.025140792	0.0038842214	0.04136774	0.006217844	0.012082331	0.00017258745	0.008197208	0.046428353	0.09967256	0.03804204	0.0067819655	0.01448541	0.0037609937	0.004069829	0.0070887622	0.007984157	0.01075286	0.01998968	0.00054767134	0.01161897	0.0043734885	0.006035582	0.009326611	0.0027313184	0.011302722	0.010420251	0.007990755	0.0020872534	0.00884576	0.0009945097	0.08533851	0.04836419	0.0022293858	0.0040345145	0.019986099	0.0036929562	0.014308652	0.0010474336
ACC7-P9-H9	0.0012744667	0.2490524	0.046810135	0.023544189	0.014487966	0.009371525	0.00888897	0.0019106291	0.014818702	0.0032111944	0.0032533142	0.012852483	0.008802193	0.0028896693	0.037639942	0.0034428951	0.0020129485	0.0067005884	0.004033418	0.0016686778	0.016552057	0.01735763	0.0199595	0.010946542	0.0119209355	0.074949816	0.007813522	0.0029322847	0.012026497	0.00853101	0.0028878753	0.0046073683	0.0063418075	0.008127479	0.004340602	0.0058468617	0.01368808	0.0148720695	0.009178602	0.007898621	0.0035698707	0.008715854	0.038847044	0.12586439	0.06282423	0.0143479975	0.0019847588	0.0022587245	0.010532004	0.004392411	0.005083285	0.004134007
ACC5-P10-A10	0.008494723	0.20185527	0.021055004	0.0043233233	0.026753418	0.0013564422	0.018502222	0.0025999476	0.040149342	0.0025485945	0.0019628971	0.017448984	0.01374943	0.006440206	0.054617513	0.007711125	0.0336065	0.024456918	0.0035521877	0.000912357	0.013708	0.047444493	0.1403553	0.00945635	0.007979732	0.0059530186	0.0039391746	0.0043987767	0.0114414515	0.009898987	0.006139722	0.0106343385	0.0013985988	0.012408027	0.0046724062	0.007037695	0.011838734	0.0043028668	0.02275562	0.004118975	0.02358134	0.0019702527	0.0067081233	0.0020117555	0.06744873	0.022791449	0.010370015	0.006338651	0.020647299	0.0016605573	0.0022977313	0.0021954887
ACC5-P10-A1	0.00085611234	0.22147182	0.009270343	0.0071458984	0.036577407	0.0013911633	0.0090504745	0.0018125832	0.021796355	0.0043116626	0.01260396	0.020789629	0.014235173	0.0012517752	0.049901705	0.007219069	0.0035526394	0.005077941	0.0051685018	0.00055419403	0.03159908	0.040668953	0.016706608	0.038442887	0.030723397	0.01344234	0.028344221	0.009355257	0.025220351	0.023995873	0.002100955	0.0076002833	0.026655257	0.003694114	0.0075821583	0.03578783	0.016132051	0.0075657237	0.020605497	0.0056005437	0.004657827	0.0029635727	0.0066381535	0.006899173	0.05776269	0.056260843	0.0019290419	0.006459297	0.025301378	0.0017193728	0.0015479524	0.0019990196
ACC5-P10-A6	0.0005236756	0.16639613	0.0018154948	0.013569664	0.029613433	0.0028190303	0.08676151	0.0011717227	0.22729895	0.025436549	0.003592669	0.003783215	0.0197779	0.0019436538	0.018459098	0.0014172663	0.0070165736	0.10553077	0.008064023	0.0010411516	0.007006363	0.008338968	0.030135632	0.008295374	0.02123698	0.005374012	0.0038325526	0.0052421764	0.007629387	0.002775721	0.0022486171	0.0037567457	0.004908081	0.012630624	0.005211709	0.005226506	0.00445589	0.0014151102	0.022937482	0.0011815185	0.006048104	0.0015377485	0.0033469452	0.0019251516	0.047777124	0.024573443	0.0023598126	0.0028718172	0.013541973	0.0011398866	0.0037032831	0.0013028483
ACC5-P10-B4	0.00068874896	0.18840176	0.00065530505	0.0033152592	0.020158174	0.0015456517	0.032869525	0.0009162121	0.2501893	0.003427907	0.0034057165	0.004634165	0.011069421	0.002095443	0.019183865	0.0021000928	0.013477877	0.14594768	0.004182245	0.00015847306	0.00530016	0.036290273	0.024834057	0.03202317	0.008228748	0.004344367	0.010921343	0.01157866	0.004625953	0.0024715879	0.005701975	0.005490355	0.0060492516	0.0034873078	0.005663637	0.004603789	0.0035621198	0.00089601794	0.0056549087	0.0020336483	0.0038957624	0.001868146	0.003236973	0.0028038418	0.032767847	0.030120546	0.0071240813	0.0051011816	0.014523619	0.0027297335	0.0023287812	0.0013153795
ACC5-P10-B6	0.00078492577	0.20508292	0.008331203	0.0072526704	0.0520429	0.0012711061	0.013147027	0.0002159879	0.032837566	0.0039722403	0.0011234301	0.017289791	0.011388906	0.0011165426	0.039100427	0.0028513512	0.002187631	0.0062893797	0.0060335444	0.0016719169	0.02249154	0.016775588	0.0185874	0.033669587	0.035480756	0.04968853	0.017143505	0.003682538	0.025844948	0.009784204	0.004358003	0.0071671936	0.011443958	0.0033104161	0.003726255	0.06845482	0.011420699	0.0018788511	0.021415085	0.004257769	0.0099196825	0.0020854697	0.002931757	0.003201276	0.077408	0.049135856	0.0031841858	0.0053403187	0.055711046	0.0007261812	0.00090810994	0.004875031
ACC5-P10-B7	0.0027061214	0.18496104	0.011578427	0.05668791	0.08661328	0.0013698933	0.010807856	0.0013225897	0.031821176	0.0032653362	0.0010566352	0.031256475	0.017122773	0.0016152023	0.077953696	0.0009452021	0.010688273	0.0055907206	0.0036379683	0.01655642	0.017203348	0.033013504	0.03152842	0.027470544	0.0027923333	0.008714928	0.0058305985	0.013917794	0.002157496	0.016970715	0.020769488	0.008389862	0.0061712232	0.0039424705	0.011293822	0.01268781	0.02655679	0.0011869571	0.020253232	0.008820199	0.0070522483	0.0027591467	0.0070851515	0.008126335	0.071269855	0.018299239	0.0024798654	0.002138916	0.026701426	0.0097338315	0.006448416	0.0006770554
ACC5-P10-C10	0.0019438047	0.14960387	0.0012934082	0.008940535	0.020716885	0.0014657819	0.037744205	0.00023235948	0.22189441	0.0049906443	0.00060761784	0.004906566	0.0351304	0.00078573707	0.008289579	0.003316293	0.032433268	0.19023226	0.004061007	0.00011320318	0.0035125394	0.0336429	0.018440692	0.01925767	0.00943127	0.004659006	0.0056406856	0.010043557	0.0032106452	0.0049819145	0.0023307658	0.0063108043	0.0019843047	0.0024831262	0.0030130027	0.0050308984	0.0038775983	0.0039702794	0.010727913	0.0015364909	0.0046469364	0.0011806765	0.0038641444	0.0014048633	0.032360777	0.03035255	0.0058789058	0.020188138	0.01268559	0.00091202103	0.0008457491	0.002891699
ACC5-P10-C12	0.00022350808	0.3709379	0.06900629	0.026814828	4.787884e-05	0.0010616966	0.005945868	0.00018962311	0.009057366	0.01008269	0.0033446802	0.00386187	0.004088735	0.00018685439	0.05552121	0.011790094	0.00042295703	0.025533222	0.15783072	0.014959901	0.0060920133	0.008249734	0.005034122	0.0016339382	0.0065943995	0.0013954269	0.005458061	1.6152849e-07	0.006288588	0.0009974324	0.0065669315	0.0063482006	0.00092085823	0.0028273764	0.01104931	0.002942498	0.007375648	0.01524869	0.0016302393	0.0023662453	0.0014165004	0.003459724	0.0046468773	0.0014541	0.03213175	0.011322798	0.06358622	0.0016032491	0.004107799	0.0011942344	0.004631378	0.0005175837
ACC5-P10-C1	0.0004698803	0.20849812	0.0059384494	0.0017063646	0.03566047	0.001030932	0.010990128	0.0035265514	0.04475643	0.010909951	0.0010021938	0.012518728	0.031162972	0.0023288138	0.019377898	0.0012387414	0.0029520781	0.005136599	0.0029811163	0.00032997245	0.010853535	0.03520955	0.05377637	0.050684333	0.02324059	0.013975805	0.006051443	0.01650209	0.023757	0.027039615	0.005618815	0.0059455964	0.004723911	0.0026133037	0.042449716	0.00859739	0.008321001	0.0022715372	0.0833533	0.0037658438	0.008532324	0.0017232394	0.00485649	0.0018446469	0.05657554	0.03133174	0.010027309	0.004515323	0.04349099	0.0033965749	0.001496929	0.0009416721
ACC5-P10-C4	0.0015942084	0.21997674	0.008536674	0.0033116508	0.018879822	0.0014343137	0.06304018	0.00044748778	0.03657361	0.0034238722	0.0023814854	0.008707529	0.030645434	0.0009722883	0.018283963	0.0031173523	0.016630037	0.10729776	0.05481271	0.0012649975	0.005050205	0.012207168	0.021963373	0.022439845	0.015106304	0.007650696	0.008815921	0.0073566874	0.007185698	0.005268964	0.015308443	0.0050351783	0.009712837	0.00890001	0.007131428	0.011286856	0.0050555854	0.0013358747	0.017385243	0.0022026396	0.08310202	0.0019015701	0.012101537	0.007310238	0.03290109	0.022006758	0.0034226084	0.014859193	0.015222028	0.0037241448	0.0034459773	0.0022718417
ACC5-P10-C8	0.00076196267	0.3412089	0.005893763	0.008053842	0.01208092	0.0012223838	0.0072463383	0.0015125432	0.010451166	0.005132357	0.008321812	0.0128617585	0.009216215	0.0034173634	0.06021911	0.008243762	0.0035145658	0.0039635054	0.0026012156	0.0006952818	0.02443865	0.04821295	0.008147057	0.031145493	0.041468497	0.0048973127	0.008001359	0.00015457987	0.03118379	0.029171802	0.0023874538	0.0036640763	0.007881422	0.0027041228	0.0035122691	0.006525437	0.011901667	0.001060226	0.008659376	0.003010923	0.0023090695	0.0022732895	0.010425555	0.0018825566	0.10239973	0.05524984	0.012702737	0.008187584	0.016279316	0.00049505866	0.00095013337	0.0020980004
ACC5-P10-D3	0.0024070216	0.1394569	0.002127766	0.015508536	0.056994103	0.00095173076	0.035528313	0.0023684152	0.04207559	0.003810331	0.0019950331	0.016355662	0.022083705	0.002022025	0.046572544	0.02079786	0.021205468	0.021008216	0.0017163538	0.00017946697	0.008213197	0.030491093	0.044889662	0.019847212	0.006069702	0.006928321	0.010840316	0.011959695	0.00925804	0.017258428	0.018700186	0.009082924	0.007934952	0.007566449	0.02859126	0.02152562	0.008936022	0.0011687123	0.03394381	0.004132371	0.07918229	0.0025658899	0.0023956695	0.0012668001	0.04504109	0.04648694	0.0046110847	0.004433979	0.033859443	0.0043688207	0.0107606845	0.002524372
ACC5-P10-E2	0.0012830182	0.12649219	0.0011000773	0.0052096047	0.010836354	0.0018134059	0.05597774	0.0012421663	0.18914677	0.0032429877	0.0027712497	0.005978777	0.034440447	0.0012762139	0.020592595	0.0067850454	0.034692727	0.18664427	0.007679717	0.00014909168	0.0037734187	0.02852022	0.016054617	0.019825326	0.008321516	0.0069299242	0.0049510435	0.013304011	0.0033077854	0.011296975	0.0050431862	0.0062834662	0.004401335	0.023044363	0.005760542	0.008120755	0.0035269968	0.0013581084	0.005960396	0.002905927	0.004804362	0.0029363895	0.0034147562	0.018271366	0.029574255	0.025593026	0.0131587405	0.0031976928	0.008282404	0.0045079533	0.0047341706	0.0014805943
ACC5-P10-E3	0.00047683294	0.17217243	0.0054047685	0.015902136	0.039432086	0.0012849903	0.017262634	0.00048154252	0.030560475	0.0045333984	0.0014750913	0.023977451	0.021837823	0.00088801293	0.06500653	0.0032732359	0.0055164667	0.018976951	0.0036714822	0.000310494	0.021201199	0.036870368	0.022098998	0.063044645	0.018207226	0.016184568	0.013916472	0.0126094455	0.008023778	0.023961697	0.0054234373	0.0067307097	0.011687435	0.0042757	0.009211786	0.013322646	0.015787061	0.0011444164	0.03817759	0.012994176	0.012001353	0.0034212223	0.005990356	0.0053183837	0.050353613	0.03231099	0.002867877	0.0053448896	0.08769541	0.0039748447	0.0016179072	0.0017850263
ACC5-P10-E5	0.0018089608	0.2267276	0.013226613	0.0075186864	0.02498166	0.0013512536	0.040847007	0.00030816096	0.14629081	0.0031565318	0.0014817468	0.0094755115	0.009644161	0.0005371778	0.026601693	0.001229539	0.018512785	0.07228611	0.0018048456	0.0013979146	0.00787642	0.007305415	0.10125972	0.023659064	0.012974699	0.0062953304	0.004139831	0.011838686	0.007459603	0.0025722522	0.0039404486	0.006921696	0.0030582626	0.0049647572	0.0032201395	0.0072204485	0.007507209	0.00076528965	0.016131759	0.0020614385	0.009326245	0.0030949826	0.003948376	0.0023469778	0.052424792	0.030108886	0.003119736	0.018672377	0.019944245	0.0023493795	0.0024510766	0.0018517376
ACC5-P10-F10	0.0018386018	0.21938351	0.0028228418	0.0037146902	0.19988625	0.001328675	0.0046031917	0.00018742222	0.009715673	0.0047729043	0.00048044723	0.015173284	0.00952414	0.0016716456	0.016790146	0.00083160185	0.0017243639	0.0018681607	0.0048022955	0.00043302184	0.017140256	0.04182711	0.008181559	0.035463687	0.029260214	0.014741652	0.017171904	0.0045773233	0.010895773	0.026835496	0.0004911608	0.0059175864	0.02342211	0.0065234057	0.0041028033	0.009487551	0.006348049	0.0152367065	0.014748085	0.0026878123	0.0025749106	0.0016278197	0.012198596	0.0012646926	0.08850953	0.057371475	0.0063430383	0.0024260671	0.0261969	0.001263997	0.000335023	0.0032749327
ACC5-P10-F4	0.00095595495	0.15388024	0.006784736	0.0125462925	0.042482473	0.0010633642	0.012918104	0.00066340715	0.029367276	0.0052186446	0.0030484747	0.032606795	0.021383494	0.0007691431	0.07264198	0.010219332	0.012847984	0.0092027625	0.004072724	0.0012330505	0.026695142	0.03167061	0.020081004	0.041100115	0.014967261	0.013387792	0.03708083	0.024609653	0.009820498	0.032411773	0.003794024	0.014442216	0.005310477	0.00415514	0.0075032823	0.018072855	0.016066106	0.0017551718	0.037157457	0.0081825275	0.0067877145	0.003505593	0.01599542	0.009209121	0.06123571	0.027389292	0.0033582086	0.0038667782	0.047626927	0.01035695	0.002563811	0.0059343055
ACC5-P10-G6	0.0012566303	0.1817209	0.013504274	0.009071782	0.02068693	0.0014488245	0.016869297	0.0021062	0.066641845	0.0037652662	0.0031590583	0.027211197	0.012930689	0.0010611003	0.0710516	0.0054669133	0.040527068	0.016387936	0.005030454	0.0026747296	0.009434987	0.034206316	0.11236506	0.0386806	0.006181976	0.005633614	0.0059967227	0.010418427	0.008088228	0.014949483	0.005345343	0.009906638	0.0045344722	0.0030975956	0.0033811526	0.0055034272	0.010802221	0.0011812169	0.013441436	0.005150319	0.016875615	0.0029135414	0.0037102376	0.0074028177	0.06866625	0.05191596	0.0023038255	0.002391405	0.022430917	0.002699396	0.006198726	0.0016194348
ACC5-P10-G7	0.002679076	0.1530068	0.0071074357	0.009943928	0.023263326	0.0017126136	0.018729499	0.0026196486	0.029325264	0.006663589	0.005652279	0.048153237	0.023032198	0.0030519404	0.07322598	0.017175652	0.007239173	0.008553121	0.00388307	0.0004873951	0.016636549	0.025294784	0.011313201	0.03724643	0.018132571	0.015582424	0.05220703	0.0048931115	0.008420383	0.035154887	0.008156531	0.0142444465	0.02853935	0.0023865127	0.0064153634	0.021595353	0.012583234	0.003114331	0.027361494	0.013637539	0.007243616	0.0040108263	0.007782302	0.009247178	0.05181717	0.049169406	0.0042254548	0.0035410386	0.037561934	0.008015671	0.0051857578	0.0037791263
ACC5-P10-H10	0.003925	0.2221713	0.0032211752	0.016403679	0.040961165	0.001323897	0.009059478	0.0023283253	0.018095916	0.0044256346	0.0054286756	0.01474457	0.012303662	0.0023027079	0.034654357	0.0033811568	0.0028443956	0.0043201745	0.006352319	0.0005235454	0.026119815	0.033704717	0.013339803	0.02139831	0.085415594	0.008161707	0.013958	0.0042661675	0.038891118	0.0086694425	0.001586166	0.013196816	0.025299566	0.004230322	0.0076542455	0.029844537	0.013011284	0.0026966857	0.021167895	0.004039567	0.0033826143	0.0026752113	0.010605761	0.0042947507	0.08637204	0.055601437	0.0110167535	0.0085245725	0.02704701	0.0019521295	0.00073131395	0.0023735033
